 (4.043268862674800901e-01+0.000000000000000000e+00j), (7.039149993152906681e-01+0.000000000000000000e+00j), (3.836925196439536223e-01+0.000000000000000000e+00j), (1.561415420427851863e+00+0.000000000000000000e+00j), (1.820325786089437070e+00+0.000000000000000000e+00j), (-1.715310446071668382e-01+0.000000000000000000e+00j), (-2.140537008316433232e-01+0.000000000000000000e+00j), (2.153552775793590376e-03+0.000000000000000000e+00j)
 (-1.325795235418973927e-01+2.730071511009857232e-01j), (-6.257042468543907443e-01-6.637703868451829692e-01j), (-3.276116661847103817e-01+2.854403365044356211e-01j), (-4.021536585417289089e-01+6.089271657527811632e-01j), (-7.028965560765355614e-01-6.685007230761945696e-01j), (6.257408896510462115e-02-3.095068112039554009e-01j), (-9.859347244677527100e-02+3.511072277402286779e-01j), (1.941161438554644264e-03-8.941812400137324904e-04j)
 (-1.783348399853586577e-02-9.405691767770787970e-02j), (5.441609924425473421e-01+4.229205205581092475e-01j), (2.832424616271906337e-01+3.340245073523511188e-01j), (-8.895662183102091003e-01-4.829443523999804588e-03j), (-7.036522513258252065e-01+9.236494312889764746e-02j), (3.207935856242330463e-01-4.435248021650509687e-01j), (4.213012353647563879e-01-5.693018942040706243e-02j), (1.357005979604058131e-03-1.588175718360740514e-03j)
 (-6.110321556551354810e-02+1.314046728214571802e-01j), (-8.900348997771334592e-02+2.172183861563377616e-01j), (1.994573361495750180e-02-5.262621972481299482e-01j), (5.541984991782324954e-01-4.920716678188611359e-01j), (3.889564680101152416e-01-1.313557730396474055e-01j), (-4.863721334828218779e-01+7.323208641699703314e-01j), (-8.271812805048449346e-02-2.294017744911596157e-01j), (5.446108967409728783e-04-1.935960194227934542e-03j)
 (-1.427983137165407257e-01-1.391260950120835893e-01j), (-2.446876322481284227e-01-1.508387820753656905e-01j), (-4.985148938244087780e-01-2.565371386177458524e-01j), (5.687522161386716624e-01+3.659552717020017054e-01j), (-2.933199649249136620e-02+5.708476164716100865e-01j), (4.029185207007820319e-02+9.840901749320588032e-02j), (-1.421077768321164503e-01-1.350404294626046942e-01j), (-3.034717458512991065e-04-1.883003744327747938e-03j)
 (6.013758894972862090e-02-1.726289683216932491e-01j), (-4.794619912137109141e-01-2.815097836683096988e-01j), (3.721566474104529010e-01+5.859252566668440299e-01j), (-9.417274668929590531e-01+2.194909723811557800e-01j), (7.063630032277254944e-01+1.989918043353142152e-01j), (2.105222753051204654e-01-8.597908977111475837e-01j), (-2.824254704343373001e-01+2.185702888636506525e-01j), (-9.995668109005605845e-04-1.475703720957871178e-03j)
 (3.128302184043569856e-01-7.947168282811535589e-02j), (7.653146561596635422e-01+5.850209562171306832e-01j), (3.508044030227006060e-01-1.244992380217860295e-01j), (-3.412046349123545319e-01-3.973070345975080464e-01j), (-2.449348662636900431e-01-1.116036708119890530e+00j), (5.131019492564262152e-02+6.175120337193211739e-01j), (2.668600745857073187e-01+3.486905886786425546e-01j), (-1.410068353478640887e-03-8.413094521972726194e-04j)
 (1.756234376753942339e-01+4.758539400999989288e-01j), (3.409695327652735308e-01-1.143798117047824858e+00j), (-5.305977556746481749e-01-2.964705977360231892e-01j), (1.120784765735945321e+00-2.817827407413132090e-01j), (-8.799130974138298367e-01+9.884006716938283921e-01j), (1.970007443675108050e-01+4.481784192537865419e-01j), (4.011594456920886120e-01-3.480732656981042616e-01j), (-1.485129964500853062e-03-1.463911973663715115e-04j)
 (-5.388263342733450312e-01+2.382756305084142157e-01j), (-8.917585778362799864e-01+9.057592963810052744e-01j), (-3.216408275808799733e-01+5.759532068115462700e-01j), (-4.690308101109250671e-01+4.023755549965200573e-01j), (3.832082664169054187e-01-3.202987795244870428e-01j), (-5.119509089735184704e-01-1.003561415155946435e+00j), (-4.553933188741736138e-01-3.163465464835597540e-01j), (-1.261352702799260934e-03+4.516096169461464110e-04j)
 (-3.225332008456946453e-01-4.932820288258750185e-01j), (1.694796973549140273e-01+7.452635698263507802e-01j), (7.934257534162088010e-01-7.257117225840906127e-02j), (-5.998375204718604525e-01-2.467301343591632445e-04j), (-4.434128512558888069e-01-3.865648524669408337e-01j), (-2.684974743314064716e-01+2.932027784464030784e-01j), (-1.188753865556539391e-01+4.491052607382557404e-01j), (-8.393997938395602806e-04+8.440980878318242193e-04j)
 (4.090953647724434594e-01-4.228702847689834177e-01j), (1.586433918713724411e-01-9.709119716890383112e-01j), (-1.662370955654534632e-01-1.109056619926265475e+00j), (1.324036062863937158e+00-8.988803582442961293e-01j), (1.704626952891590053e+00+1.302133147763298915e+00j), (6.288326087621107785e-01+6.226124943358413155e-01j), (3.301839010574878497e-01-7.812783811024112679e-02j), (-3.465577520300275479e-04+9.910266627300194035e-04j)
 (4.843708869991856236e-01+3.272005903133652915e-01j), (-5.462295888575086772e-02-1.094993067694527866e+00j), (-5.945203360425480588e-01+7.075613730062950690e-01j), (2.641796496168486996e-01+1.005088921164913440e+00j), (-2.711145401353043383e-01-1.998820442431294975e+00j), (1.293146330661714416e-01-6.639473148163463900e-01j), (-2.210691188915842043e-01-1.230336692368578511e-01j), (1.018149549989978757e-04+9.172317434162892630e-04j)
 (-2.456447001042652567e-01+4.749164253936742908e-01j), (9.145845989428594280e-02+1.697766481560463836e+00j), (5.434931803852726118e-01+7.731428672462241636e-01j), (-1.362200544171396022e+00+1.208271468160749373e+00j), (-2.667332683601429721e+00+7.363170838089407866e-01j), (-3.389336456009734433e-01+1.300183133446979611e-01j), (1.166158496501414898e-01+2.130400915695868647e-01j), (4.293932828724196342e-04+6.904287946909245946e-04j)
 (-4.069633030403109197e-01-1.673857612841102294e-01j), (2.813515765238258082e-01-4.853261437126735189e-03j), (1.318284281058980378e-01-5.512453368508062335e-01j), (-5.863341367175911589e-01-1.341419311718782703e+00j), (2.369252722015856349e+00+1.683658419430950959e+00j), (2.474103208445340429e-01+6.655153277146452773e-02j), (7.746794720308237958e-02-2.315384266052937234e-01j), (6.077526610983819072e-04+3.915686448864707375e-04j)
 (1.064371652111891775e-01-3.140640141841007926e-01j), (-7.877035252419936073e-01-7.586947705043561863e-01j), (-2.108095225976475140e-01-5.116425859634503581e-01j), (1.071073348867166652e+00-9.173251648946464387e-01j), (2.197628232284315197e-01-1.629293861700055857e+00j), (-5.449852171994070682e-01-3.084395202540732989e-02j), (-2.215508213470748222e-01+1.929300505112239994e-02j), (6.478241520408473293e-04+8.933843950108949755e-05j)
 (2.322513672632922355e-01+6.394458061071854604e-02j), (7.109187979712707772e-01-2.341186098506684576e-01j), (-3.395530494543107514e-01+1.288225232787925667e-01j), (2.316691232968650649e-01+8.943056725149478581e-01j), (-1.357572146426220927e+00+7.218340123982902590e-02j), (1.990210911787284043e-01+3.744724504256559117e-01j), (6.889928511373395736e-02+2.145835165436432435e-01j), (5.811528564718474723e-04-1.729406098039258687e-04j)
 (-3.465542541128330267e-02+1.810191352168287471e-01j), (-1.773484968594156164e-01+7.318250025579988716e-01j), (2.264116065199170968e-01+6.650910848225471961e-01j), (-5.509564382068107280e-01+4.088783008095408511e-01j), (7.659073362528892037e-01-2.465771168789078760e-01j), (4.529394883046034548e-01-4.766600993222416816e-01j), (1.919576768052221050e-01-1.487593758679077727e-01j), (4.409339225117533088e-04-3.761138626950255191e-04j)
 (-1.400796323468739280e-01-2.447636426008356278e-02j), (9.145576439881140940e-02+1.070280826407240954e-01j), (4.685334870743714242e-01-3.061839289261486519e-01j), (1.024340373669001408e-01-8.787515668745824460e-01j), (-5.471302114638006975e-01+6.067492583301136166e-01j), (-3.118329775210409993e-01-3.959660627350797962e-02j), (-2.099423903620214749e-01-1.071839252572299450e-01j), (2.511338618756698009e-04-5.141461932160651567e-04j)
 (3.526136353853098759e-02-6.515219814828157596e-02j), (-5.227652715264845540e-01-6.462208331593009003e-01j), (-4.589592045868627346e-01-2.256329678494239377e-01j), (2.904601994468796189e-01+1.796505147143794001e-01j), (8.234712515727600213e-01+4.450728845745448581e-01j), (7.119261769088483516e-02+2.634153760738138228e-01j), (-2.076302426092255238e-02+2.208662130195440942e-01j), (2.696478113704188517e-05-5.814130725768319394e-04j)
 (-5.454516244111001777e-02+4.606470084040427404e-02j), (5.557025436819131858e-01+4.991820697440912391e-01j), (-8.355262279230321609e-03+1.987162354290105404e-01j), (2.203577035746938639e-01+4.164488195879575416e-01j), (-3.115308980592329524e-01-1.432234874981035855e+00j), (-1.592664819033673962e-01-1.175508296318370990e-02j), (2.217440001211361811e-01-4.775632232710905895e-02j), (-2.160414743697970652e-04-5.662167402253920779e-04j)
 (-3.551913661978697845e-02-1.740657200626822276e-01j), (-1.441008988763919085e-01-3.322577343713076781e-01j), (5.932183707872993456e-02-1.801649972811597000e-01j), (-1.858280314815122236e-01+9.755012387881784042e-02j), (-6.845536171191921593e-01+1.226763192709189099e+00j), (-4.741164849501457168e-02+5.935438112373320196e-02j), (-1.071627854239813604e-01-2.043410317405488508e-01j), (-4.514181596391921448e-04-4.544475885594319526e-04j)
 (2.446104254209160445e-01-1.472232490738128313e-02j), (-1.921176196872319553e-01-9.207640400046679385e-03j), (-7.170689895576951023e-02+2.192000375681839031e-01j), (-2.924872807481347370e-01+1.973969084708375177e-01j), (1.358590908208689108e+00-5.191735930782032105e-02j), (2.861797185707756208e-01-3.555211645806727327e-01j), (-1.810485542391173375e-01+1.303877605909755655e-01j), (-6.373943813426972234e-04-2.415990493002440921e-04j)
 (1.656793568437651271e-02+2.676742737374193659e-01j), (2.495849102655583324e-02+1.043810137831505946e-01j), (1.692468574959278271e-01-2.225201375963316297e-02j), (-4.035650623606175103e-01-4.185247236603386600e-01j), (-9.807935888207278685e-01-1.046525960606104366e+00j), (-1.380176258388810806e-01+2.152879983782089168e-01j), (1.552655268627824992e-01+1.767729320036202645e-01j), (-7.234433301977062462e-04+5.347668664275020056e-05j)
 (-2.794761063945578883e-01+5.618106131293600786e-02j), (3.929668653016045177e-01+3.889899738694691522e-01j), (-7.263318234553105268e-02-1.444035716438703543e-01j), (3.255239191939034438e-01-3.795498666422160161e-01j), (-2.673403133122639885e-01+1.111959661967941049e+00j), (9.337509231217067107e-02+2.205743546422502810e-01j), (1.258713971655578689e-01-1.928058361080104144e-01j), (-6.668815628228569239e-04+3.813955379104763373e-04j)
 (-1.156036186811174871e-01-2.996129412880539356e-01j), (-1.887158267374002274e-01-7.014050612927587025e-01j), (5.726562587846997787e-03-3.338265911375132983e-02j), (5.044684519628799269e-01+2.469722413771334169e-01j), (6.864714152714765927e-01-1.981794004001352638e-01j), (-2.152629340076055720e-01-3.755125735974659817e-01j), (-1.548115387665036091e-01-3.906866393575170182e-02j), (-4.531830649167310765e-04+6.677158149963340235e-04j)
 (3.152014133001332929e-01-1.630128358648964548e-01j), (-4.512836709923967460e-01+2.439990270940610717e-01j), (-6.889780516486400386e-02+1.311946963132229471e-01j), (-2.415600382831016302e-01+3.344580918616009146e-01j), (-2.393387678549911413e-01-3.579642624857297672e-01j), (2.638016556278682812e-02+2.271778679605966911e-01j), (-1.225457839481832595e-02+7.764567271045404173e-02j), (-1.107700159891610297e-04+8.317677991798727447e-04j)
 (1.782598551837697165e-01+3.036995489085503874e-01j), (4.843646459160979023e-01+3.246204462259179024e-01j), (8.515764314854018524e-02+1.084156716799999087e-01j), (-4.220789206321380327e-01-2.661328562024277145e-01j), (2.182596161547341040e-01-9.070617997410342082e-02j), (2.301196264448270856e-01+4.659551105796951725e-02j), (4.753846057649100537e-02-1.644418861772092497e-02j), (2.878483295002973261e-04+8.133385806231470394e-04j)
 (-2.550431573815306052e-01+1.656974213174556843e-01j), (6.661361420814629342e-02-2.016782922087327345e-01j), (-5.978891990908202780e-02-2.037270479664973766e-01j), (3.346084583292192605e-01-1.819038903630390280e-01j), (-5.684082366528537822e-01+8.656849686329233518e-02j), (-2.480885173817002076e-01-2.673572149992881064e-01j), (-9.731361635648397290e-02+2.158573760408270467e-02j), (6.418401690404178066e-04+5.973460162912783405e-04j)
 (-1.467870806161055697e-01-1.806198906081178390e-01j), (-1.873400999876425888e-01-2.835313599772235071e-01j), (8.733356994126986739e-03+9.894798800118015381e-02j), (3.976744629253772256e-01+5.337105586500900944e-02j), (4.084544731156865560e-01+8.039528908207780322e-01j), (2.060543116481493298e-01+1.498312021496339685e-01j), (1.440076796029628181e-01+1.073955858171886935e-01j), (8.511911461127120472e-04+2.261237456133390316e-04j)
 (1.105846001193920292e-01-1.326662330696846137e-01j), (-1.126350137746367774e-01+4.268890106296995279e-01j), (1.425468571484233560e-01-7.095500700368063962e-02j), (-1.025328759734718126e-01+5.842199892992439025e-01j), (5.723686504029290578e-01-1.075389356568169363e+00j), (-5.788647048582934440e-02+5.939315555065106944e-02j), (4.228748926321414248e-02-1.907202575720007287e-01j), (8.497582725886100412e-04-2.072458240351621531e-04j)
 (1.067929487642551162e-01+7.019973887593634887e-02j), (2.417525649837632407e-01-5.993854032979794438e-02j), (-2.726582220251471123e-01-2.683904145979135181e-02j), (-5.806443111727035422e-01-3.086022751491186711e-02j), (-1.165016235523232968e+00+1.773304421247295926e-02j), (-1.796682091083150190e-01+7.958727434252510502e-02j), (-1.740030268169580896e-01+3.227758221500953706e-07j), (6.302061244532366872e-04-5.842776003650711506e-04j)
 (-5.234341652715223531e-02+5.160355543138089862e-02j), (-3.155186264137350705e-01-1.988411793981286202e-01j), (1.266484936866041355e-01+1.672604013795932487e-01j), (-2.327157594778145877e-01-5.012024734673456994e-01j), (3.926103118885851950e-01+1.209802612079598383e+00j), (2.215652743616288167e-01-1.166087105592106682e-01j), (4.058370855933135513e-02+1.481295815266865379e-01j), (2.508351760344883436e-04-7.975790131711577155e-04j)
 (1.207273445437300266e-02-3.078261968658053960e-02j), (2.665116445635600795e-01+8.403926979888072524e-02j), (1.602995676205090925e-01-1.365743118351069874e-01j), (5.848910849528889955e-01-3.000270735670015343e-01j), (5.633894862125704561e-01-9.421678523259295890e-01j), (-1.223488156048833930e-02-1.682036481060815991e-01j), (8.590260420380310680e-02-7.348831067619399082e-02j), (-1.795981802953035863e-04-7.861628626822127468e-04j)
 (5.567535049403589051e-03+4.185625729039504223e-02j), (-6.453690611589707471e-02-9.106836385785714583e-02j), (-2.199465750779636131e-01-7.434867216438267867e-03j), (2.805955064934002596e-01+4.508974140331714620e-01j), (-4.854766213825975063e-01-3.316506984937307445e-01j), (-1.777804124777735972e-01+1.076976484088890684e-01j), (-6.167083998837087633e-02-3.397603212358545066e-02j), (-5.350299068222814534e-04-5.569058463017518851e-04j)
 (-3.404211413151655985e-02+8.420208479697911808e-03j), (2.930639256859973729e-02+1.129709399526942631e-01j), (8.596977930368093768e-02+1.040372178751036158e-01j), (-3.647185856829167072e-01+2.622341961427430146e-01j), (1.257347653300283641e-02+5.712180746972039813e-01j), (7.814670360447423247e-02+1.757173147047316475e-01j), (-1.960923593260797612e-02+6.204777143502845232e-02j), (-7.123717163960473567e-04-1.839184155914501254e-04j)
 (-5.093561725437630722e-02-3.123360101042792908e-02j), (-7.861352584292646828e-02-5.957290417951538464e-04j), (8.066247813218541118e-02-1.291203805408134286e-01j), (-2.600875244304308165e-01-3.736258515223931931e-01j), (-1.215092037463576524e-01+1.773345370512741104e-01j), (1.268421813979425383e-01-2.628355317660106480e-02j), (7.278851225863344765e-02-9.065311498368183035e-03j), (-6.650871293400080746e-04+2.147246661065694651e-04j)
 (5.576162694907241257e-02-9.840339781680480791e-02j), (1.907392874493965829e-01+1.457205724154246596e-01j), (-1.933339929340484042e-01+8.533001115376864787e-02j), (3.517085384618135468e-01-2.342774801595207679e-01j), (4.000866507841288056e-01-1.302135835667294628e-01j), (-1.058837307517758453e-01-2.290166719583006383e-01j), (-2.253861803639452266e-02-5.136625496115213713e-02j), (-4.182332391725576324e-04+5.153301677390522903e-04j)
 (1.169752573543906132e-01+7.392457270618398024e-02j), (-2.547885637225748012e-01-3.562187900152442022e-01j), (1.147524749513754716e-01+8.295208594044574391e-02j), (2.531467174472908921e-01+4.382071653945553980e-01j), (-1.544099394670732373e-02-6.317548692606518301e-01j), (-2.259331217583439300e-02+9.294189723188428509e-02j), (-4.177116033482977664e-02-2.578286751448492786e-03j), (-5.952844481950728128e-05+6.289317871614372689e-04j)
 (-5.255393764680189872e-02+1.176915491079025822e-01j), (-9.960444263394649389e-02+3.038606521023686224e-01j), (1.211150028313295324e-01-2.345420767697535269e-01j), (-3.268037206457611310e-01+2.685369728264729861e-01j), (-6.807378786988796948e-01+4.863165874176406112e-01j), (7.937438702931684520e-02+1.205509586947292877e-01j), (-1.764326990115875834e-02+5.256169099354832119e-02j), (2.905487262995354444e-04+5.297262868951583496e-04j)
 (-1.250264379072533460e-01-1.464834014388054217e-02j), (3.575535703729276760e-01-1.890161844622714471e-01j), (-2.500061520562401607e-01+1.554003837317190495e-01j), (-3.185393393199383860e-01-3.240790219310792364e-01j), (6.148860391640889045e-01+4.065245783902949883e-01j), (-1.123649785803358114e-01-1.153452568621826380e-01j), (5.465847342046330909e-02+2.046161406480507053e-02j), (5.192232857324747619e-04+2.618792123883620154e-04j)
 (7.364030056267872881e-04-1.293510968194914734e-01j), (-8.648963602568016107e-02+3.862817842348070796e-02j), (1.189769413739382165e-01+9.947855429518748238e-02j), (2.263317644263430350e-01-3.832457943878773143e-01j), (2.203028963743585700e-01-6.283352167251350373e-01j), (3.778601718211636873e-02+6.083393594215326383e-02j), (1.499972785721501514e-02-5.255657646166604635e-02j), (5.583999867941992013e-04-7.734892604319926830e-05j)
 (1.084418984853257051e-01+4.267246964471525794e-03j), (-5.235847015112427005e-02+1.836391951900268743e-02j), (5.232938196872637115e-02-2.325819710257848727e-01j), (1.985355544310192233e-01+2.499144749043726021e-01j), (-5.797829494554684882e-01+1.342367101278834629e-01j), (1.263138099748208343e-01-2.761083324965351443e-02j), (-2.909420681757925523e-02-7.736501629236596650e-03j), (4.055228720920451288e-04-3.718701759423402348e-04j)
 (7.900803019544752615e-03+7.544464246483453818e-02j), (-1.432452947251143804e-01+1.439690821490953454e-01j), (-6.433108528960375383e-02+8.407560401052530108e-02j), (1.104551453497248925e-03+2.078241132604091435e-01j), (1.621139275060144158e-01+2.139903499614494997e-01j), (-1.093296157943088875e-01-1.515125185355139723e-02j), (-3.711847883357834860e-02+8.036658632771483124e-03j), (1.215958672126793568e-04-5.261848363682306018e-04j)
 (-6.201655162609422817e-02+3.087698520818015629e-02j), (2.382860964684973826e-01-1.820410013984552211e-01j), (3.189951293091249085e-03+2.380635429581866302e-02j), (-1.688355371270004734e-01-1.728801754019537451e-01j), (1.085337063951551662e-01-1.832790744122158033e-01j), (-6.558706905826949818e-02+3.772961114735866317e-02j), (3.513863186795380955e-02+6.215515050459315127e-02j), (-1.921860967441809775e-04-4.962326110283057402e-04j)
 (-3.085038127147304854e-02-6.604993416403839857e-02j), (-1.365213007655431410e-01+6.830419922743795336e-03j), (2.663081623502364104e-02+5.713661537084163689e-02j), (7.390840929816736016e-02+1.112298075310448886e-01j), (-8.142034547898857610e-02+4.172289530471975927e-02j), (1.158212878676844748e-01-4.355489678463693448e-02j), (3.861134363641951367e-02-5.641973876563008417e-02j), (-4.303169581324118209e-04-3.014168688051925993e-04j)
 (6.104428927796699822e-02-1.101717368190564122e-02j), (1.115386605873394943e-01+1.157083790184065264e-01j), (9.541215558046481360e-02-3.012100877522540937e-02j), (-6.720932337359736275e-03-5.313905872085861182e-02j), (9.430143051382133823e-02+4.858754286551075774e-02j), (-1.265461724559206746e-02-1.997390888441096315e-02j), (-4.067437107954505887e-02-2.048753148047215839e-02j), (-5.184656104460737529e-04-1.452073368161408220e-05j)
 (1.369975355772153763e-02+5.051871994776507141e-02j), (-2.526915640608160540e-01-4.031448057741941760e-02j), (-2.161408835672482542e-01-9.125603922526465128e-02j), (-7.824272031803232441e-02-1.120924254673897613e-01j), (2.513883597236266088e-02-3.522547074543969092e-02j), (-7.818000519412936222e-02+8.531949223919557679e-02j), (-2.235285233858444465e-02+3.310512232789271370e-02j), (-4.363759877312558579e-04+2.658907396942669556e-04j)
 (-6.397984798657836703e-02+5.178366674665921265e-02j), (2.328648079676292060e-01+7.289200946792762092e-02j), (5.729089736153686330e-02+1.169454982358311274e-01j), (1.194780074788132640e-01+6.750034255864201249e-02j), (-1.367356289889456178e-01-2.029819842362767801e-02j), (7.435921372674164642e-02+1.946717431791173888e-02j), (3.167571154298882280e-02+1.957000082301656521e-02j), (-2.209999754950090867e-04+4.500900275956795345e-04j)
 (-8.882184081695815303e-02-9.640942464295788883e-02j), (-2.827437310350626454e-02-3.486019943692081902e-01j), (1.906106487966149898e-01-4.932449209841360815e-02j), (-5.570673974419236563e-02+1.444916671204064529e-01j), (-7.363268332712619157e-02-2.255903540326475998e-02j), (9.199532978881860834e-03-1.463659969963271856e-01j), (2.631694447570883527e-02-2.865915442683005659e-02j), (5.000042365290680523e-05+4.864540696488948751e-04j)
 (1.024534229419792747e-01-1.001980661563437180e-01j), (-1.736731991278546439e-01+3.117966228424449149e-01j), (-2.249640122535350728e-01+5.537769390532180924e-03j), (-4.648490040972036441e-02-8.663974332094781516e-02j), (1.779821650445430614e-01+7.441577807992401372e-02j), (-3.848669971752263080e-02+3.215472961008338654e-02j), (-3.400840633481923281e-02-3.583512620409550625e-02j), (2.873685313849085998e-04+3.756241962659207997e-04j)
 (1.061126808206304811e-01+6.489218602373489353e-02j), (2.541050598882826361e-01+1.490878704692288892e-02j), (2.960036302959689891e-02+3.061305046998975821e-02j), (1.261026336184470353e-01-1.712782668338002634e-01j), (2.126952962969524963e-02+5.833648179954242785e-03j), (4.617943768060940590e-03+1.655236022927167039e-01j), (-4.818217170340710620e-02+3.306804696735220206e-02j), (4.209939167075325145e-04+1.657457243488178714e-04j)
 (-2.267859905347179711e-02+1.233231937386464888e-01j), (6.219583642173703852e-04-9.129184463280304307e-02j), (1.700444465900939339e-01-1.268587475083008953e-01j), (-4.981361175825105292e-02+1.589438694068967539e-01j), (1.895752318845617124e-02-1.018267786587401802e-01j), (-1.117673287728973910e-02-1.638311707929706595e-01j), (4.680158028329718667e-02+7.270784177368758150e-02j), (4.214785716142006671e-04-6.809603197354118518e-05j)
 (-1.295993238002748904e-01-9.227071199809894209e-03j), (-2.559925381333603700e-01-2.998659858751917540e-03j), (-1.329085187065821572e-01+5.533845377688198508e-02j), (-1.229886097135134415e-01+1.367400622215941275e-01j), (-1.337906147552204716e-01+2.438315388905265557e-02j), (-8.958821469554466288e-02-1.135171891780277498e-02j), (6.415893046345483297e-02-7.855578077258107417e-02j), (3.057697556953769408e-04-2.517735986866256144e-04j)
 (4.943151975924847674e-03-1.070661347345422260e-01j), (5.045680328370335394e-02+6.111458257863477961e-02j), (-5.593892679946591007e-02+1.367884564897350053e-01j), (2.818499891764540688e-02-2.358682935564724581e-01j), (-1.461411088795123159e-01+2.060463499709337398e-01j), (2.008591009127434768e-01+1.869646437916510917e-01j), (-6.855592293861589859e-02-2.708912429312372583e-02j), (1.262809285238898193e-04-3.369422902854512895e-04j)
 (8.339012168481053922e-02-1.982029190184197986e-02j), (1.998199753075022289e-01-6.771955479100356945e-02j), (1.101769306204174736e-01-1.193138863907246272e-01j), (1.574690923858218516e-01-1.652779974045676115e-02j), (2.397961629090408220e-01-2.006510466157852002e-01j), (6.643031142474498107e-03-1.620196872541566357e-01j), (-2.470980012607490450e-02+3.118286266557534700e-02j), (-5.114914054070680632e-05-3.143374245653271590e-04j)
 (5.176277445740963545e-02+9.145263584190439776e-02j), (-6.455211457261228469e-02+2.505576276535063929e-02j), (5.057875042563587942e-03+1.317279657451521369e-02j), (-8.230242990867914221e-03+1.307128961378597187e-01j), (7.419255280670095098e-02-1.499809942618746672e-01j), (-2.285489292100663095e-01-9.390980082680425167e-02j), (2.325899692604376651e-02+3.423888586824964247e-02j), (-1.715738921490403044e-04-2.119432093244462043e-04j)
 (-1.142975552411363283e-01+6.209523377675921219e-02j), (-1.762246024028870095e-01-9.490286038088732723e-02j), (-1.721041071135316625e-02+1.519725363588332601e-02j), (-1.661106041314432402e-01-4.074151192097474894e-03j), (-9.892425256793377364e-02+2.754737350020657338e-01j), (7.988434100720548381e-02+2.164186951074482113e-01j), (1.501866399750340086e-02-1.600444137196369021e-02j), (-2.086218674523261500e-04-8.020090400187006318e-05j)
 (-5.951145011234708349e-02-1.106536016766180019e-01j), (1.181594998258428952e-01+1.832796458455243638e-01j), (-8.722076647620262413e-02-7.499218893680101305e-02j), (8.904699821380041014e-02-4.942267407191214268e-02j), (-9.679724016303846434e-02-6.445310719520930265e-02j), (1.137461503636762322e-01-2.314552304112649228e-02j), (1.404532162051856659e-02-5.197579852553188551e-03j), (-1.698578926616796381e-04+2.907958661128233306e-05j)
 (7.884674682478549912e-02-7.332874216818620339e-02j), (2.496941502925993650e-01-6.329932415993333450e-02j), (-8.467230694682623127e-03+9.714238266934709098e-02j), (7.612379192547302775e-02+3.541324386593250328e-02j), (-1.873622382879097659e-02-2.672070330545957273e-02j), (-6.133826044074364159e-02-1.112513500342015571e-01j), (-2.055807630725244028e-02-2.304864270010802824e-02j), (-8.916661306733729983e-05+8.177084357244044179e-05j)
 (9.895335560667994912e-02+5.511299250865900334e-02j), (-4.199270248237015335e-01-3.558908086491918005e-02j), (1.676137878963808725e-01+6.878265122991160385e-02j), (-7.099036580570461386e-02+6.637435410118608381e-02j), (2.552187205057490083e-01+3.488749582362021817e-02j), (-2.324821765499161808e-03+5.148174944470715331e-03j), (1.839112820910294988e-03+1.705906028268862340e-02j), (-1.033475750556120680e-05+7.165364430935369983e-05j)
 (-5.568506210347014262e-02+1.019905535994929113e-01j), (9.333520136058964800e-02-1.783221346164953758e-02j), (-2.469191167384696128e-02-1.583726806922641228e-01j), (-1.525933633465667294e-01-8.474959974382714756e-02j), (-1.443988866492727785e-01-1.582488391213606183e-01j), (-5.017906478004562076e-02+7.642282529024903293e-02j), (-2.203863822076077006e-02-1.791223527874843957e-02j), (3.113490043336998656e-05+1.895105729194194457e-05j)
 (-7.255914762199160151e-02-5.892154273770378037e-02j), (1.718579666185391652e-01-3.332531027841618976e-02j), (-1.559298308387047360e-01-3.704454568784446011e-02j), (7.986424233344274759e-02-1.052895807058354949e-01j), (-2.530581296080564035e-01+1.827636817562411919e-01j), (7.681519967022515383e-03+1.466297531400667653e-02j), (-1.088910750591240428e-03+6.217866440155506158e-02j), (2.096268025977759204e-05-4.105784756400966836e-05j)
 (4.713201462783615098e-02-3.872266220574094309e-02j), (2.664489635985750615e-02+1.706402358670225106e-01j), (1.249152896184035910e-02+1.470205467589748016e-01j), (2.366926704147348792e-01+2.727991981107721897e-03j), (2.916085444199138510e-01+7.666098379583791145e-02j), (1.096363136603702437e-01-1.238328418279590754e-01j), (7.846786610647973892e-02-2.570356841100208956e-02j), (-3.058959793332012697e-05-7.401603630361543217e-05j)
 (2.295080238507762882e-02+3.354674947277970498e-02j), (-2.147374004257928126e-01-1.149038033841792705e-01j), (1.357490057640927394e-01+3.321963086825854838e-02j), (-5.784464238914808348e-02+3.116127724049991832e-01j), (1.805608622243317085e-01-2.615020669018073285e-01j), (-6.018732108943671000e-02+1.757557923115100895e-02j), (-4.357799649824606325e-02-8.359735179436778019e-02j), (-9.534608089276181363e-05-6.049544864567492808e-05j)
 (-3.812239428794629570e-02+1.621244101622931755e-02j), (8.146537787419078080e-02-1.395867150234933463e-02j), (-2.244127817127644642e-02-1.651123075008546492e-01j), (-3.346553636670525078e-01-9.002221067168525437e-02j), (-2.819076461768933450e-01-8.404785582979440450e-02j), (-4.991666222346620441e-02+1.987935865456825768e-01j), (-8.256090054299904113e-02+5.763914320590651091e-02j), (-1.403055376273762856e-04-2.824081448281508255e-06j)
 (-2.982498481503018106e-03-5.902987920649950537e-02j), (1.227753776938983465e-02-7.376763750384485174e-02j), (-7.314722103116558238e-02+6.240738696228137483e-02j), (8.006067409989200967e-02-3.915215165167106326e-01j), (-2.478602149112304476e-01+3.220764509189610880e-01j), (2.724993504778973341e-02-1.728144184655850402e-01j), (5.845967455065420593e-02+6.931374650196325815e-02j), (-1.415541801098930714e-04+7.726770695857884002e-05j)
 (7.851372558453237338e-02+1.282818412106612529e-02j), (2.834765169493269621e-02+2.567421372173711580e-01j), (6.645497099959568610e-03+5.883831178734116873e-02j), (4.707104655395406567e-01+1.142151660496571047e-01j), (3.705419074683130032e-01+2.328747042996751060e-01j), (6.951612320956229718e-03-6.827577266295332958e-02j), (5.882919019608492950e-02-4.035532806607851353e-02j), (-9.354289868253746467e-05+1.484952771869267932e-04j)
 (-1.791354463583833337e-02+8.335674857410529937e-02j), (6.353287555686240595e-02-2.811317424661811115e-01j), (1.091196181463555126e-03-7.740450805706883264e-02j), (-2.789508905454309851e-01+5.172056834931478830e-01j), (2.168111340988990998e-01-4.753071367604023156e-01j), (2.580080451014929444e-02+1.960505313124298321e-01j), (-2.186791932200106425e-02-5.384338539119182254e-02j), (-1.050842497828658579e-05+1.829485034181185766e-04j)
 (-7.348165675149222198e-02-9.285936056396930371e-03j), (-1.801208604487671838e-01+1.267731748787668256e-01j), (6.364044869477564204e-02+1.327913208669405376e-02j), (-3.317551447496315253e-01-2.510048398142595838e-01j), (-4.155347388639955009e-01-1.862805529764747781e-01j), (-1.831289537405411672e-02-8.284701747268059802e-02j), (-4.194786202044396839e-02+3.964989857407064111e-03j), (7.990766972128296702e-05+1.668730571640410784e-04j)
 (-5.048104763673462447e-03-6.006739551758806528e-02j), (1.386100344186863009e-01+9.421003023789280284e-03j), (8.029834822811540707e-03+4.625682339136831522e-02j), (3.380691620764177951e-01-4.243768761531365730e-01j), (-2.144613121628238805e-02+3.578037453023719117e-01j), (-1.836952991534131913e-02-1.069016366081565056e-01j), (-1.639707526083190176e-02+3.258145446975484194e-02j), (1.478101513331323686e-04+1.053194305154405840e-04j)
 (5.680306176837914001e-02-1.515546709534000905e-02j), (-5.456202978483168375e-02-5.086236164191237918e-04j), (-1.064342522772024485e-01+3.728627736640184598e-02j), (1.201981661366070542e-01+3.988350846933466087e-01j), (9.604746191856022852e-02+1.150589924204010045e-01j), (1.178268831438161746e-02+1.145264060488901392e-01j), (2.623334337162648577e-02+2.552730314922258686e-02j), (1.723617701279519143e-04+1.932879543953061065e-05j)
 (1.540984271709279485e-02+6.474422925748402058e-02j), (1.298169359519066313e-01-8.271180146175560743e-03j), (9.981246000197756263e-02-9.861941673768967465e-02j), (-4.001881842136597034e-01+1.241331964891574380e-01j), (5.522292062199547769e-02+1.290846588988719956e-02j), (-2.993906431498084830e-02+4.853672247394738570e-02j), (3.259550637686335628e-02-1.271391383247945372e-02j), (1.489458357480799447e-04-6.273644797524910357e-05j)
 (-6.902986914673922558e-02+1.062172155734547596e-02j), (-2.592196300190924840e-01-1.120176770147715550e-02j), (-5.312443162099610150e-02-5.166877960511960521e-02j), (1.032896754329487160e-01-4.648505179861988634e-01j), (2.695339442013967579e-01-3.256305426462997588e-01j), (6.136577484988042785e-02-4.467542703312665786e-02j), (-8.904764752556360019e-03-4.937870207170608206e-02j), (8.977388362335392584e-05-1.160201676716481896e-04j)
 (-1.562269741019887970e-02-6.025284990213126968e-02j), (7.653970711473490063e-02+2.658639781491926868e-02j), (-9.286578674121773180e-02+1.888836070275835000e-01j), (4.065247126289496249e-01+1.817015263447370466e-01j), (-2.995834637117893995e-01-9.337634559959889780e-02j), (1.860879767745160507e-02-1.381087096555938809e-01j), (-5.933731482974844568e-02+2.323864653508640049e-02j), (1.818541231435620359e-05-1.279339894858481257e-04j)
 (5.142779643483062768e-02-3.889551652318834485e-02j), (1.593615928595979447e-01-1.425880834412348031e-01j), (1.973394428838756987e-01-4.723803806076490308e-02j), (-2.227393561434843905e-01+3.344409442086715978e-01j), (-2.346086903110482513e-01+4.445870902799149982e-01j), (-1.030910776126231498e-01+7.303186739437841912e-02j), (3.978630901250354568e-02+5.657482141862146818e-02j), (-4.077023310868702077e-05-1.017267731760898651e-04j)
 (6.931991737614101590e-02+5.842804175812181533e-02j), (6.662301092189990004e-02+1.460252595670249454e-01j), (1.461754674954082733e-02-1.856876179741293320e-01j), (-2.548316155334797162e-01-3.349504290326668077e-01j), (2.474905401461807153e-01-1.192108729742353823e-01j), (3.770085252431712441e-02+1.776279152749240253e-01j), (4.618627826587900359e-02-5.381320211732283643e-02j), (-6.969260184061499240e-05-5.390811859719467293e-05j)
 (-7.068559044018807302e-02+9.055476430636147378e-02j), (-3.434068294394518328e-01+1.151506666658763667e-02j), (-2.241340357899320734e-01+1.312549079270230734e-01j), (2.833374242700624768e-01-3.116930080264090908e-03j), (-2.462122384019882482e-03-1.237190536977776922e-01j), (7.600720856336053155e-02-1.397474617668144625e-01j), (-6.010031843473930685e-02-2.327610521828209211e-02j), (-6.465893291147101879e-05-6.919406294295414117e-06j)
 (-1.037801331410070360e-01-6.188236309754351072e-02j), (1.249075878755343399e-01+9.962530423387319645e-02j), (5.104074342221541494e-02+8.196915202292152924e-02j), (-9.845026799411382701e-02+3.124119553273507766e-01j), (2.260829511383335988e-01+1.302164473364909036e-01j), (-6.803520737982038380e-02-9.116347467522760428e-02j), (3.361639324982203941e-03+4.718143091375637949e-02j), (-3.560755010865573065e-05+1.990909959894359652e-05j)
 (2.757909661380085475e-02-1.211597599958547933e-01j), (2.494200779162937809e-01-3.380819465635949150e-01j), (1.691432133001988802e-01-8.990876219052661156e-02j), (-2.492303354849866870e-01-2.773319363150109074e-01j), (-8.118424192839190923e-02-2.414399600440312321e-01j), (-6.936863464829726156e-02+1.045388061580948824e-01j), (2.496782133595217001e-02-1.684910151204314921e-02j), (-1.485908781528102194e-06+1.766940998626600242e-05j)
 (1.408055188632585386e-01-8.980161309376011314e-03j), (-3.037797207951877798e-01+1.836315966398033572e-01j), (-7.743271903903614639e-02-5.622448996032911039e-04j), (4.168138177700458358e-01-2.540318830066984335e-01j), (-4.670473591177101702e-01+4.854218326810315343e-02j), (9.877004137584921573e-02+5.771838159897420967e-02j), (-2.219478562823432033e-02-1.128142802918894599e-02j), (1.774741526701489858e-05-9.125875976437943394e-06j)
 (3.026141712881199458e-02+1.465409574221581412e-01j), (6.606569780587968899e-02+1.339322129079460466e-01j), (-6.879333153544009427e-02+7.428742126665832668e-03j), (8.285775658593823312e-02+4.609394738844433959e-01j), (1.676983876024427667e-01+2.572508691249856261e-01j), (8.078497220109447097e-02-8.885275485388051397e-02j), (-2.114681670643832334e-03+3.296558079533571523e-02j), (9.188997624093477165e-06-4.472712674869302367e-05j)
 (-1.321338386326656456e-01+4.363802022014780235e-02j), (1.191421885666325980e-01-1.236346189439317400e-01j), (9.218287663460417170e-03-3.427291956059057287e-02j), (-5.050114639950527007e-01+5.974117645985216329e-02j), (4.111291306489867070e-01-1.499040288966183021e-02j), (-1.268993088747238374e-01-4.059265883415076603e-02j), (4.201292652716064752e-02-1.576256806868964536e-02j), (-2.778830834160268349e-05-6.849999196133313862e-05j)
 (-6.284885510674678710e-02-1.082098362149006565e-01j), (4.914796827407023894e-02-1.032758540534919195e-01j), (1.160939646586013618e-02+7.764563619082098800e-02j), (1.505996960321753231e-01-4.729315965629109497e-01j), (-2.554776608985875885e-02-1.460489070296114855e-01j), (-8.112739451789681422e-02+8.763739584012433803e-02j), (-3.338179831278516307e-02-3.302920651951615771e-02j), (-8.092105143856721176e-05-6.304271344767157061e-05j)
 (8.449997813238070699e-02-8.800889314067242286e-02j), (-3.064393503331863666e-01+1.799906401922243271e-01j), (1.092537581496600407e-01-5.703048760142347129e-03j), (3.839720372495347700e-01+1.688800147146106156e-01j), (-3.480686876893411275e-01-2.162681446450595568e-01j), (1.393875707440778711e-01+1.592684600711086543e-02j), (-1.450007731339860578e-02+3.360810373387044386e-02j), (-1.291511235798636112e-04-2.118488151458664643e-05j)
 (1.097513261637853010e-01+6.260213188765781367e-02j), (2.049992651080901895e-01+6.511801294873045820e-02j), (-7.444440474674107744e-02-1.331675262308408270e-01j), (-2.735729353908591399e-01+3.655422360204703680e-01j), (-1.088210342254309904e-01+2.067114781454007233e-01j), (1.207654253396108629e-02-4.596804608743410014e-02j), (2.583872082976444023e-02+5.779419562569193536e-04j), (-1.499615982446272813e-04+5.051598183735368851e-05j)
 (-4.691135822884728163e-02+1.187166278400227648e-01j), (2.664865846329336763e-02-2.900500691220805338e-01j), (-9.224817442682434199e-02+1.657209944809157065e-01j), (-1.943438870814391539e-01-3.009934443957835715e-01j), (3.225055122265260144e-01+2.433790998379521398e-01j), (-3.398929710053872483e-02-3.659601958048404324e-02j), (-1.749524838672349147e-02-1.813763300672109613e-02j), (-1.274836178706748296e-04+1.329371958234582430e-04j)
 (-1.077409345039419403e-01-4.358340492564050095e-02j), (-8.186130485300957549e-02+1.137810345285163172e-01j), (1.319850042926820066e-01-3.160972702196229028e-02j), (2.539497263144531725e-01-1.607079346982433765e-01j), (-8.835204834854587519e-03-2.020638973014537987e-01j), (-1.029422861469528327e-02+3.052669122773830207e-03j), (-8.992869467213046586e-04+3.511966674363366930e-02j), (-5.873322338902463974e-05+1.998624310083762655e-04j)
 (4.611151402325017190e-02-8.004305667960578963e-02j), (5.655420144855255460e-02+1.779192133195214159e-02j), (-7.668327219978983422e-02-1.503679926271909162e-01j), (-1.060063262031091247e-02+2.702407727299885876e-01j), (-8.823434583154859956e-02-1.101346008842735563e-01j), (-5.252141897657425923e-02+9.826982176782175782e-02j), (3.907131133914804044e-02-1.318543881966640838e-02j), (4.403476768881375587e-05+2.260924352385613946e-04j)
 (5.720349509397661125e-02+4.126251437292484392e-02j), (6.511344062267492017e-03+1.082631200039800845e-01j), (1.394016373477302562e-03+1.903425811488883568e-01j), (-1.563377972589553855e-01-4.879187331518164417e-02j), (4.947352542998684211e-02+2.430028274662932031e-03j), (5.577247009833070923e-02-2.844008122911910463e-02j), (-1.790056213858671683e-02-4.504534796219698822e-02j), (1.556868081476969149e-04+1.957513188804272210e-04j)
 (-3.254101736270100659e-02+6.073353261385434909e-02j), (2.215604362880005396e-02-3.134411489289679054e-02j), (7.804655382779203399e-02-2.252071905343527858e-02j), (1.438088906029688085e-01-1.165691572742763582e-01j), (-9.685348209641575501e-02+1.004520024773718212e-01j), (3.001472223330073352e-02-1.018560821687968521e-01j), (-4.735422128734390751e-02+3.640809114248344525e-02j), (2.447414260923840663e-04+1.082823519455089142e-04j)
 (-8.212577213455778125e-02-3.682510420513825794e-02j), (-1.276476946821895331e-01-1.533539923257304372e-01j), (-6.842401375493145643e-02-1.367142014440352882e-01j), (5.890457329563036915e-02+9.691543396447493963e-02j), (3.691829811683622342e-02+7.088120157017374634e-02j), (-6.341217128649448420e-02+6.771732070083505417e-02j), (5.418781209183781700e-02+2.035873006046196379e-02j), (2.823279402380636993e-04-1.975132638015546747e-05j)
 (5.297735153412326536e-02-9.087778242958687025e-02j), (3.960783235106428435e-02+6.684664922437916212e-02j), (-3.342554874414392641e-03+4.279255689890039405e-02j), (-1.819116042262793886e-01-9.894896760921756407e-03j), (3.045174546987720887e-02-6.091487721406640965e-02j), (6.130864340906015675e-02+2.405563994512845832e-02j), (-1.076258776924051558e-02-4.776753665743965066e-02j), (2.510961206703803410e-04-1.578227099544228951e-04j)
 (7.701925138176382579e-02+5.752301771350133708e-02j), (1.041282413070402091e-01+1.257945544704461571e-01j), (5.656147503013755906e-03+1.045095295843536387e-01j), (7.022043685022072435e-02-6.568216269803806018e-02j), (-3.738920905862641586e-03-9.673352207307625572e-03j), (3.741657575315526785e-03-1.596460110313829839e-02j), (-4.302152018750868279e-02+2.663848631720478616e-02j), (1.515028599262197777e-04-2.689696645612716058e-04j)
 (-4.085848592272454255e-02+6.328083374267876038e-02j), (-3.946466043005681518e-02-8.470611250374619761e-02j), (2.753034241292576928e-02-2.707927747029585663e-02j), (1.254387168311776879e-01+9.021731936716675948e-02j), (9.581776610555303719e-02-1.252823003201402052e-01j), (-9.093329211339060136e-02-2.152863151182699344e-02j), (4.714039364047845071e-02+4.012294382162973072e-02j), (3.477052139760330920e-06-3.198638724578726404e-04j)
 (-6.705272627161351640e-02-2.377271725109281891e-02j), (-9.393393614163395022e-02-9.449652202228840669e-02j), (1.852773455219777071e-02-8.885097227116886542e-02j), (-1.238568493353724154e-01+9.721963112310659516e-02j), (-2.292645787333748575e-01+9.119572494107486271e-02j), (1.400457054678313357e-02-2.137974786235821711e-02j), (1.822786817833848758e-02-5.191097610939001544e-02j), (-1.573943314391199554e-04-2.907454663605511650e-04j)
 (2.382495280972851681e-02-7.532508311310698312e-02j), (7.570133011495278064e-02+7.672493444470455948e-02j), (-3.541920692530269033e-02+2.581170819730961574e-02j), (-1.256795202256642263e-01-1.369402150089325532e-01j), (3.875194070339660346e-02+2.420304542128229597e-01j), (7.752950534782310221e-02+1.035706954584688366e-01j), (-2.324450786956193393e-02-7.940399091653671526e-03j), (-2.885476480681226042e-04-1.823593194847185947e-04j)
 (7.195719649446002952e-02+2.765955488929568162e-02j), (2.454085644441807157e-02+1.080043357078075555e-01j), (-5.586764585191342225e-02+6.149471305734383053e-02j), (6.459182896722404088e-02-1.760689325770306568e-01j), (3.148004777128673437e-01-3.448968233905542191e-01j), (2.496207454409856384e-03-3.555050368621764934e-02j), (-2.101356708845993071e-02-3.837877141299607386e-03j), (-3.519352114996703138e-04-1.761350112257614297e-05j)
 (-1.493086406382151260e-02+6.596515741592347271e-02j), (-6.729484542348979081e-03-1.164506881813481137e-01j), (5.818910552651451046e-02-1.758528871807912841e-04j), (2.173269626199825777e-01+1.185887070585149305e-01j), (-2.844542307467131659e-01-6.683275979314107218e-02j), (-5.992709814324814754e-02-1.424851089943354188e-01j), (-2.230830140252791985e-02+3.135119931304416324e-02j), (-3.252522669131330301e-04+1.630217391279004417e-04j)
 (-7.174863054090001302e-02+9.937130453186823753e-03j), (-1.022099626851886017e-01-7.998853200321368040e-02j), (4.655039552551598625e-02-7.888978315084616000e-02j), (-2.692740635909668390e-02+1.846655168734768759e-01j), (-8.560373541184518320e-02+4.163892821926064580e-01j), (2.193295189657665234e-02+9.188704291474514285e-02j), (4.338087371998347597e-02+3.865352027583303374e-02j), (-2.095790284003285235e-04+3.116177447782016033e-04j)
 (-3.092194435371442562e-02-8.003806766761968616e-02j), (4.008774778400720634e-02+1.841865164228206897e-01j), (-9.194260301076073727e-02+5.441940897415593892e-02j), (-2.230029841483986974e-01-3.356718914545914201e-02j), (2.146331894956444164e-01-2.101894133991993319e-01j), (-2.289827180119811956e-02+1.127277755350511307e-01j), (3.625062806285657413e-02-4.937973162768989621e-02j), (-3.084105667835643737e-05+3.859143759081932502e-04j)
 (7.215334101544819412e-02-4.815550683494464190e-02j), (1.379830643662572076e-01-9.962859043997301933e-02j), (7.111337569334268138e-02+4.143342874598686387e-03j), (9.573887214288820391e-02-1.855432787546926754e-01j), (-9.935605022878435388e-03-9.261760026190773987e-02j), (-2.459781564815077815e-03-8.580760291344310953e-02j), (-3.427391900443180900e-02-3.280880435552243485e-02j), (1.659033140282343654e-04+3.618184493831667166e-04j)
 (6.844256899571329877e-02+4.923100564512170735e-02j), (-1.011982361194277424e-01-1.206091141388861421e-01j), (-2.989648103825491218e-02-1.088591682371463087e-01j), (6.270454675716344295e-02+9.050781007453714833e-02j), (-2.038964996672160135e-02+1.192104735210276073e-01j), (9.067476088129708400e-02-3.184084794217779957e-02j), (-3.476901900962800496e-02+2.527963970086081688e-02j), (3.282357246143333975e-04+2.414518896155430725e-04j)
 (-2.383075045598767594e-02+8.144296756720108277e-02j), (-4.412310731674712327e-02+2.492971364937845713e-01j), (-2.151236993529657276e-02+1.620316174896079542e-01j), (-1.158395423047270389e-01+9.976224612549439152e-02j), (-1.840859097964095414e-01-1.180846432303245125e-01j), (-2.757439271424544369e-02+3.628737766307420232e-03j), (1.427625884749668395e-02+1.560170816801232860e-02j), (4.111102865655058211e-04+5.395083051344071743e-05j)
 (-7.175495827230249368e-02+5.151885719303861411e-03j), (1.059417582880803066e-01-3.232513825041183342e-02j), (6.086135360689103047e-02+4.049325060940467402e-03j), (7.945882502982888618e-02-8.657359409001066930e-02j), (1.949851407679507043e-01+1.070266067069798877e-01j), (-1.212992095287764860e-01-2.116221459672845695e-02j), (5.575649324333392838e-03+2.049767495224861721e-02j), (3.902447931158666960e-04-1.517523198068174281e-04j)
 (-4.345975295440007713e-02-4.674037700896449543e-02j), (-1.059155154283205058e-01-2.539978538315410539e-01j), (-5.638098181531321640e-02-1.113450424720756060e-01j), (-3.894345217214176258e-02-2.101355409493051163e-02j), (6.399735233646147714e-02-8.612427150230522743e-02j), (4.185528101151078650e-02+5.447043460485651023e-02j), (3.253821419697881800e-02-2.168818993815617782e-02j), (2.699501963333689712e-04-3.204533325101509809e-04j)
 (2.685746986757087118e-02-7.693384194522293051e-02j), (5.132540299480042867e-03+2.354711324584103926e-01j), (3.696116858650984327e-02-2.817484959172221470e-02j), (-1.473623678336983822e-01-7.804858676957732166e-02j), (-4.047481934460403497e-01+1.606755267172371715e-01j), (1.114450594458319954e-01+6.950367828917873581e-02j), (-1.380526559712194623e-02-1.591255351724221723e-02j), (8.265065661881317157e-05-4.066591532837129496e-04j)
 (8.466827466624102239e-02+1.381494802187399618e-02j), (1.147828482421802687e-01+2.616148817745391625e-02j), (-3.333971517942758978e-02+6.110397184455225450e-02j), (2.891563306244696596e-01-1.200928282687122317e-01j), (4.946086444250085146e-01+1.066119808593392060e-01j), (-5.481706707120637123e-02-1.250935527700514360e-01j), (-1.802638078623559903e-02-7.706246997156510070e-03j), (-1.201542504405591076e-04-3.881462672283596325e-04j)
 (6.132919771406411535e-03+7.316763350782753972e-02j), (-1.214462361005934771e-01-1.780201914247274142e-01j), (-1.239910636946084388e-02+7.314119035376841216e-02j), (2.213488876237174607e-01+3.305815056758437120e-01j), (3.803605563052514515e-02-6.191042190115807475e-01j), (-3.989451510619543284e-02-7.075060345732492317e-03j), (-5.829735679441561125e-03+1.839881691040258505e-02j), (-2.829750600478678083e-04-2.727295923510999033e-04j)
 (-6.957073364531776716e-02+3.109150652181119634e-02j), (4.226277467120090336e-02+2.585834436072675935e-02j), (5.636414801958965909e-02-5.508837854097296816e-02j), (-4.215925172649845343e-01+1.891456239915336179e-01j), (-6.843823273329103785e-01+3.791271562890700109e-01j), (2.862094002130344608e-02+8.402056801633422944e-02j), (4.172145444300764949e-04+9.895562851701511509e-03j), (-3.628691037203036519e-04-9.589023717621674120e-05j)
 (-4.396177329245927468e-02-8.032931290255128365e-02j), (-2.200453870178459281e-02+1.550516221346042722e-01j), (-1.467661987730765893e-02-2.831066694028830377e-02j), (-1.713339076959676799e-01-3.307764750335864257e-01j), (5.606806212560542235e-01+3.615313267858816237e-01j), (-8.589759820980549798e-03-3.706254857620389087e-02j), (2.167246121849844553e-02+1.827130654495461026e-03j), (-3.421859563485699475e-04+9.017850049153694350e-05j)
 (8.362876177781321252e-02-4.546986848893689453e-02j), (6.038839665729800465e-02-5.275799821527926703e-02j), (8.083597362258887475e-03-2.448888142864041884e-02j), (2.688215452575798414e-01-6.635244281824345669e-02j), (1.387885204987598931e-02-5.316594763040145555e-01j), (-2.856378848101372853e-02-1.139759125093844916e-02j), (-6.492063368531558742e-04-1.610344434063562535e-02j), (-2.333824559592653487e-04+2.327003479737455125e-04j)
 (5.845690651751815625e-02+6.703687054545000301e-02j), (-1.076521897787820203e-02-2.152702311349486974e-01j), (-6.962616231557000601e-02+1.809591983697636519e-02j), (-8.351452310669489620e-02+1.061991580405631797e-01j), (-3.514849276504637965e-01+3.769589050416888854e-01j), (5.066900243337146836e-02+5.675307255212799079e-02j), (-1.607442520658855512e-02-6.638289583332533661e-03j), (-7.431977365571039570e-05+2.944297037917604077e-04j)
 (-4.598078057693807952e-02+9.088708694209593486e-02j), (-9.358652480922087513e-02+2.211828052405688805e-01j), (4.644057911307097886e-02+9.263252639620056517e-02j), (-3.872409291524958608e-02-2.154980170731061739e-01j), (5.193151184914324148e-01-2.138203222650463808e-01j), (5.187256525373812321e-02-5.942188253105146201e-02j), (5.131231290048110516e-05+2.491062875710679803e-02j), (8.438345919037793658e-05+2.645070273125135589e-04j)
 (-1.187519791508784006e-01-3.510966781709572160e-02j), (1.200887645753107580e-01+1.034511133513214554e-01j), (3.869324185104697222e-02-5.459537641789523332e-02j), (3.850945674002486108e-01+8.318265109758093967e-02j), (-3.915692792971274816e-01-3.661433199625092616e-01j), (-9.040219418996381373e-02-4.955371764208596486e-02j), (2.128860003533225576e-02-1.055301325870708351e-02j), (1.956931265461298692e-04+1.605667494912237298e-04j)
 (2.478143301907926449e-02-1.182003933098012827e-01j), (6.257636894067997169e-03-2.673793790641422197e-01j), (-6.187939648610986387e-02-4.280567285931477506e-02j), (-1.398037232773653993e-01+3.092971030028380808e-01j), (-9.739984243578539425e-02+7.579551307557902406e-01j), (-9.393326286294276239e-02+9.730462612922599619e-02j), (-7.000953632673265203e-03-1.900880744700846059e-02j), (2.307197517752767398e-04+2.158809813067837156e-05j)
 (9.613375540842664102e-02+6.770878201247387818e-04j), (-1.496292056894575062e-01+9.137998047645841393e-02j), (1.643547873418382821e-02+2.577734043438029143e-02j), (-3.030264913884637701e-01-1.373326304156663458e-01j), (3.272044622301748529e-01-3.225222161342193861e-01j), (1.731268575384703745e-01+2.567238983266023969e-02j), (-2.529932905602648788e-02+1.931023464932013489e-03j), (1.866993003924520653e-04-1.058573735225930637e-04j)
 (2.991593514164531120e-02+7.596998085562234326e-02j), (6.125049666371087942e-02+1.090130381938545501e-01j), (4.807875233694469674e-02-3.634192612795567046e-02j), (3.090101369656100827e-01-6.008585718887893279e-02j), (-3.882546967684481487e-01-1.320021648795252633e-01j), (4.060901011510037462e-02-7.309494420285675420e-02j), (-2.212657235166434755e-03+2.858653450040778143e-02j), (8.595765515617050253e-05-1.830926666813620677e-04j)
 (-6.764609312969505073e-02+4.658093050055095441e-02j), (9.951867215597931526e-02-1.550285712231898594e-01j), (-7.275279758585606604e-02+1.815372227962308571e-02j), (-1.952568923940286028e-01+2.983319940737239051e-01j), (5.964973665677741899e-01+3.747414592467631644e-01j), (-1.747772129876240810e-01-4.769695609199042785e-02j), (2.639273503378351815e-02+8.563219641843554386e-03j), (-3.338418170670518794e-05-1.912215982524840012e-04j)
 (-4.051496408652599523e-02-6.459036780736987504e-02j), (-1.334335124678014128e-02+4.806873797398647508e-02j), (-4.342253075857185896e-03+1.057042214705736782e-01j), (-4.579585183873428056e-01-3.857412492644672342e-01j), (-3.558654330792720977e-02-7.543614681358450369e-01j), (9.193765115198537785e-03+6.910863309626380513e-02j), (2.031548507818703442e-02-1.682370514419520915e-02j), (-1.313419207586474292e-04-1.355243310765487028e-04j)
 (5.956358242168785511e-02-2.010395098699091498e-02j), (-8.689936249332502749e-02+1.026041734319546594e-01j), (1.052907406242375443e-01-7.915079960510448820e-02j), (5.955368138338050787e-01-5.138548094637882535e-01j), (-1.042413262043453859e+00+3.567377998266479944e-01j), (1.586188683113797515e-01+5.759303912914306989e-02j), (-1.262663406771003666e-02-4.106217980748042007e-02j), (-1.795223285922732843e-04-4.128134483385694420e-05j)
 (2.425353492445103676e-04+5.171710289465951405e-02j), (-6.909947957363954396e-02-1.120942779117009014e-01j), (-2.680285339433860492e-02-7.851102916255109365e-02j), (5.359822033407533048e-01+7.328455760331742397e-01j), (6.581958740309932221e-01+7.377942601600392392e-01j), (-8.193373018246560835e-02-8.025979802796889828e-02j), (-4.782988073198773948e-02+2.177796942220025511e-02j), (-1.693955228109591572e-04+5.693637518195310320e-05j)
 (-4.451637911841126172e-02-6.632394200188990174e-03j), (1.607152746372594310e-01+4.596201352217166303e-03j), (-9.535410230910942864e-02+5.461308442324126766e-02j), (-7.706401342143688327e-01+4.192356155623035430e-01j), (5.797872717132210862e-01-6.333393784422306494e-01j), (-9.151618560594322604e-02-2.275788344874016267e-02j), (1.773957664827310876e-02+3.198135006558275317e-02j), (-1.128038873314887464e-04+1.282097465435801608e-04j)
 (-1.729226298489927593e-03-4.328013703008158630e-02j), (3.551901039903326840e-02+6.088400682863059910e-02j), (1.704503372235655068e-03+4.615299227046396058e-02j), (-2.851156237212031375e-01-8.018773207022267258e-01j), (-3.874237270076338890e-01-3.167194391739108772e-01j), (1.348582691629911234e-01+8.282568032983866901e-02j), (2.143161230636780878e-02+2.882301484611743403e-03j), (-3.512725622829458109e-05+1.555660921829349450e-04j)
 (4.769563008523236558e-02-1.240695874758532269e-02j), (-2.395223100235334135e-01-4.065232029598606078e-02j), (6.436824477524100141e-02+2.678855846892791437e-02j), (7.714513750394585978e-01-3.942629172449041430e-02j), (-2.666785535174003852e-01+1.406766682130802248e-01j), (-1.583754100033486767e-02-4.222252766278244973e-02j), (1.401847540881431819e-02-1.673547069635954176e-02j), (3.575631642770994972e-05+1.400255607180098940e-04j)
 (9.738243606606605818e-03+4.487616502738206448e-02j), (1.619775567293254281e-01-2.934604163207756716e-02j), (5.886827295354385425e-02-2.919077332261779678e-02j), (-1.560271992238883298e-01+6.892910427877779744e-01j), (-2.352070340740451404e-01+3.569109285332945358e-01j), (-1.068708667002903068e-01-7.534155776568857155e-02j), (-2.830987569861762032e-03-2.064417716189542729e-02j), (8.016915372607636748e-05+9.739720327053380360e-05j)
 (-2.251368724479566735e-02-3.025525491303179826e-03j), (9.761589401140918776e-02+1.497798186352945760e-02j), (-6.810306745996699829e-02-1.238815931175779594e-01j), (-6.393261631151487823e-01-3.025956529231946801e-01j), (4.164848955297383859e-01+1.633696950043416751e-01j), (4.236001369263581173e-02+1.141957544589870532e-01j), (-3.121972209250513039e-02-4.821314677289897932e-03j), (9.286047818496452762e-05+4.969464521462074735e-05j)
 (6.855558966196651643e-03+7.922687297631209047e-03j), (-1.969192974237943261e-01+1.436933024037347628e-01j), (-5.177068848063202944e-02+3.230393264401776321e-02j), (5.108347180187371439e-01-4.497485274190439197e-01j), (3.228652213444929142e-01-4.598891563378421088e-01j), (8.796138185077422011e-02+4.411825307552649789e-02j), (-4.197441743335195152e-04+2.839338889747797245e-02j), (8.264742433957512555e-05+1.505624363739882943e-05j)
 (-1.794038893373957333e-02-3.909706279724867173e-03j), (4.028893514615811133e-02-1.975047949651884127e-01j), (2.423119972553947066e-02+1.602414075955696515e-01j), (2.685531020797362611e-01+4.896420395624775379e-01j), (-2.726647521696753396e-01+3.278718711647710116e-02j), (-1.776031169225984752e-02-1.556804080075415431e-01j), (1.247419369743346662e-02+1.019367332146026150e-03j), (6.613602264789056676e-05+4.392432147248088656e-07j)
 (1.175863158143558573e-02+0.000000000000000000e+00j), (8.268859463892641593e-02+0.000000000000000000e+00j), (5.059416378570796846e-02+0.000000000000000000e+00j), (-6.456665635541872783e-01+0.000000000000000000e+00j), (-1.713815861371795757e-01+0.000000000000000000e+00j), (-8.659744438508608366e-02+0.000000000000000000e+00j), (4.559582749667404067e-03+0.000000000000000000e+00j), (5.859604325416409125e-05+0.000000000000000000e+00j)
