0.7995771765708923,0.5736322402954102,0.17776446044445038,-0.004732558503746986
0.7995842695236206,0.5736227631568909,0.177762970328331,-0.004733642563223839
0.7995847463607788,0.5736225247383118,0.17776158452033997,-0.004732693545520306
0.7995478510856628,0.5736728310585022,0.17776550352573395,-0.004724104888737202
0.7995491027832031,0.5736740231513977,0.17775565385818481,-0.004716779105365276
0.7995242476463318,0.573704183101654,0.17777018249034882,-0.004720351658761501
0.7995395064353943,0.5736883282661438,0.17775285243988037,-0.0047115301713347435
0.7995621562004089,0.5736641883850098,0.17772909998893738,-0.00469998549669981
0.7995652556419373,0.5736616253852844,0.17772358655929565,-0.004696624353528023
0.7995657920837402,0.5736644864082336,0.17771214246749878,-0.0046877870336174965
0.7995717525482178,0.5736502408981323,0.17773176729679108,-0.004705071449279785
0.7995733022689819,0.5736463665962219,0.17773663997650146,-0.004709435626864433
0.7995801568031311,0.573635458946228,0.17774082720279694,-0.004714906215667725
0.799584150314331,0.5736246109008789,0.1777574121952057,-0.004729237407445908
0.7995699048042297,0.5736464858055115,0.17775101959705353,-0.004719705320894718
0.7995564937591553,0.5736611485481262,0.17776402831077576,-0.004725703038275242
0.7995612621307373,0.5736545920372009,0.1777637004852295,-0.004726949147880077
0.7995678782463074,0.5736483335494995,0.17775437235832214,-0.004721686244010925
0.799558162689209,0.5736569166183472,0.17777019739151,-0.0047310758382081985
0.79954993724823,0.5736726522445679,0.17775674164295197,-0.004717876203358173
0.7995433211326599,0.5736796259880066,0.17776380479335785,-0.004721355624496937
0.7995495796203613,0.5736672878265381,0.1777750849723816,-0.004732223227620125
0.7995355129241943,0.5736812353134155,0.17779310047626495,-0.004741965793073177
0.799535870552063,0.5736834406852722,0.17778447270393372,-0.004735288210213184
0.7995300889015198,0.5736910104751587,0.17778602242469788,-0.0047346800565719604
0.7995185852050781,0.5736994743347168,0.17781004309654236,-0.004749968647956848
0.7995085120201111,0.573710024356842,0.177821084856987,-0.004755486734211445
0.7995103001594543,0.5737069845199585,0.17782270908355713,-0.004757335409522057
0.7995192408561707,0.5736938118934631,0.17782549560070038,-0.0047623226419091225
0.7995222210884094,0.5736894607543945,0.17782598733901978,-0.004763650707900524
0.7994844317436218,0.5737347602844238,0.17784950137138367,-0.004770216532051563
0.7994926571846008,0.5737274289131165,0.17783623933792114,-0.004762379452586174
0.7994804978370667,0.5737389922142029,0.17785325646400452,-0.004771942272782326
0.7994798421859741,0.5737379789352417,0.17785939574241638,-0.004776574671268463
0.799485445022583,0.5737285017967224,0.17786476016044617,-0.004782562144100666
0.7994696497917175,0.5737512111663818,0.17786265909671783,-0.00477590411901474
0.799479067325592,0.5737336874008179,0.17787642776966095,-0.004789733327925205
0.7994810938835144,0.573731541633606,0.17787422239780426,-0.004788637161254883
0.7994545698165894,0.5737686157226562,0.1778741180896759,-0.004780151881277561
0.7994527220726013,0.5737742781639099,0.17786449193954468,-0.0047719720751047134
0.799482524394989,0.5737308859825134,0.17787009477615356,-0.004785822704434395
0.7994914650917053,0.5737142562866211,0.17788320779800415,-0.004798991605639458
0.7994769811630249,0.5737302303314209,0.17789648473262787,-0.004804871045053005
0.7994706630706787,0.5737423300743103,0.1778860092163086,-0.004794628359377384
0.799469530582428,0.5737481713294983,0.17787250876426697,-0.004783623851835728
0.7994664311408997,0.573754072189331,0.1778675615787506,-0.004778740927577019
0.7994657754898071,0.5737517476081848,0.17787790298461914,-0.0047866785898804665
0.7994722723960876,0.5737369060516357,0.17789621651172638,-0.004803170450031757
0.7994816899299622,0.5737254619598389,0.17789095640182495,-0.0048019979149103165
0.7994822263717651,0.5737239718437195,0.17789329588413239,-0.004804003983736038
0.7994816899299622,0.5737288594245911,0.17788022756576538,-0.004793534986674786
0.7994574308395386,0.5737601518630981,0.17788831889629364,-0.004792236723005772
0.7994608879089355,0.5737533569335938,0.17789460718631744,-0.004798286594450474
0.7994635701179504,0.5737541913986206,0.17788007855415344,-0.004787696525454521
0.7994559407234192,0.5737656354904175,0.17787761986255646,-0.004783335141837597
0.7994474172592163,0.5737778544425964,0.17787648737430573,-0.004779747687280178
0.7994160056114197,0.573819637298584,0.1778831034898758,-0.004775010049343109
0.799412190914154,0.5738272666931152,0.17787568271160126,-0.004767957143485546
0.7994170188903809,0.573815643787384,0.17789120972156525,-0.004781711846590042
0.7994228601455688,0.5738052129745483,0.17789854109287262,-0.004789330065250397
0.799413800239563,0.5738102793693542,0.17792239785194397,-0.0048052649945020676
0.7994225025177002,0.5737957954406738,0.17792974412441254,-0.004813813604414463
0.7994279861450195,0.5737841725349426,0.1779421865940094,-0.00482536107301712
0.7994210124015808,0.5737998485565186,0.17792336642742157,-0.004808318801224232
0.7994276881217957,0.5737873315811157,0.17793339490890503,-0.00481833703815937
0.7994084358215332,0.5738129019737244,0.17793753743171692,-0.004815505817532539
0.799436628818512,0.5737833380699158,0.17790661752223969,-0.00480006355792284
0.7994400262832642,0.5737814903259277,0.1778973788022995,-0.004793867468833923
0.7994149327278137,0.573816180229187,0.17789839208126068,-0.004786725156009197
0.7994062900543213,0.5738252997398376,0.17790837585926056,-0.0047918157652020454
0.7994185090065002,0.5738089084625244,0.17790548503398895,-0.004793458618223667
0.7994198799133301,0.573806643486023,0.17790672183036804,-0.004794856533408165
0.799427330493927,0.5737929940223694,0.1779170036315918,-0.00480531994253397
0.7994417548179626,0.5737734436988831,0.17791509628295898,-0.0048083895817399025
0.7994493842124939,0.573764979839325,0.17790819704532623,-0.004805374890565872
0.7994424104690552,0.5737768411636353,0.1779022067785263,-0.00479839276522398
0.799453854560852,0.5737669467926025,0.17788217961788177,-0.004786292091012001
0.7994639277458191,0.5737540125846863,0.17787940800189972,-0.004787246696650982
0.799468457698822,0.5737517476081848,0.17786569893360138,-0.004777927882969379
0.7994607090950012,0.5737662315368652,0.17785482108592987,-0.004766848869621754
0.7994825839996338,0.5737413167953491,0.1778363585472107,-0.004759267903864384
0.7994668483734131,0.5737633109092712,0.1778368353843689,-0.004754619672894478
0.7994475364685059,0.5737915635108948,0.177832692861557,-0.004745244048535824
0.7994354963302612,0.5738075375556946,0.17783541977405548,-0.004743577912449837
0.7994154095649719,0.5738378167152405,0.17782774567604065,-0.004731223918497562
0.7994009852409363,0.5738543272018433,0.17783989012241364,-0.00473619531840086
0.79941326379776,0.573843777179718,0.1778184026479721,-0.00472318846732378
0.7994177937507629,0.573838472366333,0.1778160035610199,-0.004722677171230316
0.7993982434272766,0.5738588571548462,0.17783719301223755,-0.004733231849968433
0.7994042038917542,0.5738529562950134,0.17782942950725555,-0.004729007370769978
0.7994203567504883,0.573828935623169,0.17783425748348236,-0.004737919196486473
0.7994129657745361,0.5738398432731628,0.17783227562904358,-0.004734022542834282
0.7994199395179749,0.5738317966461182,0.1778268814086914,-0.004731985740363598
0.7994052767753601,0.5738480091094971,0.17784105241298676,-0.0047384584322571754
0.7993959784507751,0.5738597512245178,0.1778441071510315,-0.004737981595098972
0.7993977069854736,0.5738558769226074,0.17784962058067322,-0.004742818884551525
0.7994009256362915,0.5738533139228821,0.17784278094768524,-0.004738501273095608
0.799400269985199,0.5738487243652344,0.1778603196144104,-0.004752111621201038
0.7994008660316467,0.5738450884819031,0.1778692603111267,-0.004759345203638077
0.7993929386138916,0.5738541483879089,0.17787568271160126,-0.004761896096169949
0.7993931174278259,0.573856770992279,0.17786665260791779,-0.004754837602376938
0.7993807792663574,0.5738700032234192,0.1778792440891266,-0.004760865122079849
0.7993755340576172,0.5738778114318848,0.17787767946720123,-0.004757974296808243
0.7993725538253784,0.5738813877105713,0.17787949740886688,-0.004758463241159916
0.7993568181991577,0.5739016532897949,0.17788481712341309,-0.004757682792842388
0.7993692755699158,0.5738889575004578,0.17787006497383118,-0.004749990068376064
0.7993804812431335,0.5738682746887207,0.177885964512825,-0.004766080528497696
0.7993547916412354,0.5739107728004456,0.17786484956741333,-0.004741310141980648
0.7993629574775696,0.5738975405693054,0.17787066102027893,-0.004748479463160038
0.7993566393852234,0.5739002227783203,0.17789021134376526,-0.004761889576911926
0.79936283826828,0.573897123336792,0.17787262797355652,-0.0047499872744083405
0.7993413209915161,0.573929488658905,0.17786528170108795,-0.004737377166748047
0.7993529438972473,0.5739181637763977,0.17784976959228516,-0.004728829488158226
0.7993676662445068,0.5739038586616516,0.17782950401306152,-0.004717552103102207
0.7993451952934265,0.5739328265190125,0.1778377741575241,-0.004716918803751469
0.7993616461753845,0.5739091634750366,0.17784000933170319,-0.0047238850966095924
0.7993594408035278,0.5739128589630127,0.17783798277378082,-0.004721592180430889
0.7993582487106323,0.5739107131958008,0.17785000801086426,-0.004730691201984882
0.7993582487106323,0.573912501335144,0.17784424126148224,-0.004726149141788483
0.7993574738502502,0.5739149451255798,0.1778399795293808,-0.0047225384041666985
0.7993515729904175,0.5739186406135559,0.17785412073135376,-0.004731833003461361
0.799342930316925,0.573937177658081,0.17783355712890625,-0.004712886177003384
0.7993394136428833,0.573942244052887,0.17783378064632416,-0.004711901769042015
0.799331545829773,0.5739538669586182,0.17783090472221375,-0.004707201384007931
0.7993311882019043,0.5739567875862122,0.17782342433929443,-0.004701180383563042
0.7993225455284119,0.5739690661430359,0.17782264947891235,-0.004697840660810471
0.7993351221084595,0.5739527344703674,0.17781881988048553,-0.00469879899173975
0.7993242144584656,0.573965847492218,0.17782540619373322,-0.0047005536034703255
0.7993237376213074,0.5739644765853882,0.17783187329769135,-0.00470549613237381
0.7993311882019043,0.5739517211914062,0.17783941328525543,-0.004713785834610462
0.7993297576904297,0.5739559531211853,0.17783230543136597,-0.004707725718617439
0.7993319034576416,0.5739525556564331,0.17783419787883759,-0.0047098565846681595
0.7993274331092834,0.5739539861679077,0.177848681807518,-0.004719910211861134
0.7993098497390747,0.5739739537239075,0.17786382138729095,-0.004726237617433071
0.7993207573890686,0.5739632844924927,0.1778487116098404,-0.00471782311797142
0.7993202805519104,0.5739599466323853,0.1778620332479477,-0.004728118889033794
0.7993215918540955,0.5739609599113464,0.17785243690013885,-0.004721013829112053
0.799315869808197,0.5739748477935791,0.17783378064632416,-0.004704492166638374
0.7993067502975464,0.5739892721176147,0.17782916128635406,-0.004697911441326141
0.799310028553009,0.5739841461181641,0.1778300702571869,-0.004699716344475746
0.7992996573448181,0.5739941000938416,0.17784425616264343,-0.004707619547843933
0.7993136644363403,0.5739794969558716,0.17782947421073914,-0.00470033660531044
0.7993214726448059,0.5739720463752747,0.1778184175491333,-0.004694095812737942
0.7993268966674805,0.5739595890045166,0.1778331845998764,-0.004707496613264084
0.7993336915969849,0.5739506483078003,0.17783163487911224,-0.0047084130346775055
0.7993471026420593,0.5739347338676453,0.17782282829284668,-0.004705709405243397
0.7993267774581909,0.5739621520042419,0.1778259128332138,-0.004701705649495125
0.7993231415748596,0.5739699602127075,0.17781735956668854,-0.004693806171417236
0.7993191480636597,0.5739753246307373,0.17781797051429749,-0.004693030379712582
0.7993068099021912,0.5739924907684326,0.17781870067119598,-0.004689667373895645
0.799294650554657,0.5740051865577698,0.17783135175704956,-0.004695848561823368
0.7993117570877075,0.573986291885376,0.1778162121772766,-0.004689281806349754
0.7993113994598389,0.5739817023277283,0.1778322160243988,-0.0047017913311719894
0.7993299961090088,0.5739607810974121,0.1778165102005005,-0.004695279523730278
0.7993335723876953,0.5739513039588928,0.17783057689666748,-0.004707504995167255
0.799329936504364,0.573948085308075,0.1778566539287567,-0.004726913757622242
0.7993351817131042,0.573943555355072,0.17784787714481354,-0.0047216517850756645
0.7993282079696655,0.5739521384239197,0.17785143852233887,-0.004722259938716888
0.7993382215499878,0.5739421248435974,0.17783893644809723,-0.004715566523373127
0.7993330955505371,0.5739493370056152,0.17783872783184052,-0.004713778384029865
0.7993218898773193,0.57396399974823,0.17784170806407928,-0.004712589085102081
0.799335241317749,0.5739508271217346,0.17782436311244965,-0.00470313522964716
0.7993245124816895,0.5739625692367554,0.17783474922180176,-0.004707922227680683
0.7993084788322449,0.573981523513794,0.17784561216831207,-0.0047114212065935135
0.7993313670158386,0.5739536285400391,0.17783282697200775,-0.004708584398031235
0.7993151545524597,0.573973536491394,0.1778414398431778,-0.004710243083536625
0.7993125319480896,0.5739766359329224,0.17784328758716583,-0.004710865207016468
0.7993347644805908,0.5739464163780212,0.17784062027931213,-0.004715803079307079
0.7993223071098328,0.5739573240280151,0.17786113917827606,-0.004728039726614952
0.7993207573890686,0.5739573836326599,0.17786775529384613,-0.004732769913971424
0.7993184328079224,0.5739595890045166,0.17787101864814758,-0.004734611138701439
0.799311637878418,0.5739635229110718,0.17788852751255035,-0.004746265709400177
0.799287736415863,0.5739938020706177,0.17789825797080994,-0.004746371880173683
0.7992751002311707,0.574009358882904,0.17790471017360687,-0.004747466184198856
0.7992737889289856,0.5740140676498413,0.17789551615715027,-0.004739801399409771
0.79926598072052,0.5740293860435486,0.1778813749551773,-0.0047261836007237434
0.799259603023529,0.5740288496017456,0.1779119074344635,-0.004748187959194183
0.7992666363716125,0.5740153789520264,0.17792275547981262,-0.004759008064866066
0.7992739677429199,0.5740059614181519,0.17792092263698578,-0.0047598304226994514
0.7992804050445557,0.5739960074424744,0.17792336642742157,-0.00476384162902832
0.7992881536483765,0.5739833116531372,0.1779300421476364,-0.004771510139107704
0.7993013858795166,0.5739685893058777,0.17791756987571716,-0.004765910096466541
0.7992968559265137,0.5739730596542358,0.1779233068227768,-0.004769006744027138
0.7992923259735107,0.5739853978157043,0.17790499329566956,-0.004753086715936661
0.7993158102035522,0.5739532113075256,0.17790304124355316,-0.0047589922323822975
0.7992855906486511,0.5739866495132446,0.17792996764183044,-0.004770705476403236
0.7992919683456421,0.5739736557006836,0.17794369161128998,-0.004783501848578453
0.7992912530899048,0.573975145816803,0.17794205248355865,-0.004781985655426979
0.7992990612983704,0.5739617943763733,0.17794905602931976,-0.004790030419826508
0.7992874979972839,0.5739728212356567,0.17796574532985687,-0.004799489863216877
0.7993155717849731,0.5739363431930542,0.17795732617378235,-0.004801741801202297
0.7993049025535583,0.5739448666572571,0.1779775321483612,-0.004814295098185539
0.7992963194847107,0.5739570260047913,0.17797623574733734,-0.00481060054153204
0.7993224263191223,0.5739277601242065,0.17795422673225403,-0.004801473580300808
0.7993085384368896,0.5739461779594421,0.17795726656913757,-0.0047994693741202354
0.7993225455284119,0.5739272832870483,0.17795521020889282,-0.004802280105650425
0.7993181943893433,0.5739313960075378,0.17796078324317932,-0.004805335775017738
0.7993028163909912,0.5739501714706421,0.1779693067073822,-0.004807182587683201
0.7993232011795044,0.5739293098449707,0.17794610559940338,-0.004795287735760212
0.7993361353874207,0.5739094018936157,0.17795132100582123,-0.004803529009222984
0.7993255853652954,0.5739254355430603,0.17794713377952576,-0.004796895198523998
0.7993217706680298,0.5739243626594543,0.17796742916107178,-0.0048116883262991905
0.7993083000183105,0.5739395618438721,0.17797885835170746,-0.004816435277462006
0.7992958426475525,0.5739638209342957,0.1779571920633316,-0.004795407876372337
0.7993062734603882,0.5739526748657227,0.17794658243656158,-0.004790341481566429
0.7993199229240417,0.5739326477050781,0.17794975638389587,-0.004797161556780338
0.799330472946167,0.5739211440086365,0.17793959379196167,-0.004792485386133194
0.7993365526199341,0.5739109516143799,0.17794491350650787,-0.004798603244125843
0.7993419766426086,0.573900043964386,0.17795541882514954,-0.004808605648577213
0.7993651032447815,0.5738700032234192,0.17794828116893768,-0.00481030996888876
0.7993565201759338,0.5738785266876221,0.1779591590166092,-0.004816179163753986
0.7993351817131042,0.5738969445228577,0.17799502611160278,-0.004837690852582455
0.7993286848068237,0.5739038586616516,0.17800173163414001,-0.004840923473238945
0.7993364930152893,0.5738940238952637,0.17799830436706543,-0.004840698093175888
0.7993174195289612,0.5739191174507141,0.17800307273864746,-0.004838419146835804
0.7993191480636597,0.5739127397537231,0.1780155450105667,-0.00484880618751049
0.7993531227111816,0.5738738179206848,0.17798930406570435,-0.004838837310671806
0.7993573546409607,0.5738716721534729,0.17797747254371643,-0.004830848425626755
0.7993543744087219,0.5738721489906311,0.17798908054828644,-0.004839053377509117
0.7993482947349548,0.5738754272460938,0.17800556123256683,-0.004850116558372974
0.799319863319397,0.57390958070755,0.17802229523658752,-0.004854346625506878
0.7993085980415344,0.5739244818687439,0.17802509665489197,-0.004852973856031895
0.7992897033691406,0.5739482641220093,0.17803321778774261,-0.0048533957451581955
0.7992972135543823,0.5739463567733765,0.17800623178482056,-0.004834496416151524
0.7992870211601257,0.5739608407020569,0.17800547182559967,-0.0048306649550795555
0.7992848753929138,0.5739593505859375,0.17801980674266815,-0.004841282032430172
0.7992854118347168,0.5739612579345703,0.17801080644130707,-0.004834393970668316
0.7992924451828003,0.573951005935669,0.178012877702713,-0.004838206805288792
0.799255907535553,0.5739889740943909,0.17805397510528564,-0.004859047010540962
0.7992376089096069,0.5740113854408264,0.17806316912174225,-0.00486054178327322
0.7992334961891174,0.5740088224411011,0.1780899465084076,-0.004880322143435478
0.7992280721664429,0.5740180611610413,0.1780846267938614,-0.004874412901699543
0.7992305755615234,0.5740141868591309,0.17808584868907928,-0.004876170307397842
0.7992525696754456,0.5739869475364685,0.17807495594024658,-0.004874560981988907
0.7992563843727112,0.5739809274673462,0.17807704210281372,-0.004877421073615551
0.7992746233940125,0.5739561915397644,0.17807476222515106,-0.004881415516138077
0.799250602722168,0.5739890933036804,0.17807656526565552,-0.004875234328210354
0.7992475628852844,0.5739949941635132,0.1780712604522705,-0.004870085045695305
0.7992253303527832,0.5740218758583069,0.1780848652124405,-0.004873728379607201
0.7992140054702759,0.5740310549736023,0.17810562252998352,-0.004886522889137268
0.7992149591445923,0.5740292072296143,0.17810726165771484,-0.004888112656772137
0.799197256565094,0.5740476846694946,0.17812609672546387,-0.004897407256066799
0.7992132902145386,0.5740245580673218,0.17812912166118622,-0.00490482896566391
0.799219012260437,0.5740188956260681,0.17812170088291168,-0.004900792613625526
0.7992379665374756,0.5739983916282654,0.17810291051864624,-0.004891989752650261
0.7992342114448547,0.574009358882904,0.17808490991592407,-0.004876588471233845
0.799242377281189,0.5740054249763489,0.17806147038936615,-0.004860684275627136
0.7992501258850098,0.5739977359771729,0.1780509054660797,-0.00485486164689064
0.7992404103279114,0.5740110874176025,0.17805232107639313,-0.004852849058806896
0.7992410659790039,0.5740127563476562,0.1780441701412201,-0.004846623167395592
0.7992467284202576,0.574003279209137,0.1780490130186081,-0.00485224649310112
0.7992433309555054,0.5740088820457458,0.1780463010072708,-0.0048490287736058235
0.7992483973503113,0.573998212814331,0.1780576854944229,-0.004859608598053455
0.7992560267448425,0.573986828327179,0.17806009948253632,-0.004863929934799671
0.7992565631866455,0.5739821791648865,0.17807184159755707,-0.004873399622738361
0.7992619276046753,0.5739783644676208,0.17806096374988556,-0.00486647617071867
0.7992591261863708,0.5739851593971252,0.1780516803264618,-0.004858267493546009
0.7992684245109558,0.5739731788635254,0.1780484914779663,-0.004858707077801228
0.7992913126945496,0.5739502906799316,0.17802010476589203,-0.004843566566705704
0.7992936372756958,0.5739462971687317,0.1780223846435547,-0.004846101626753807
0.799299418926239,0.5739387273788452,0.1780208796262741,-0.0048467377200722694
0.7992862462997437,0.5739518404006958,0.17803692817687988,-0.004855267703533173
0.799283504486084,0.5739525556564331,0.1780475527048111,-0.004862723872065544
0.7992988228797913,0.5739308595657349,0.17804785072803497,-0.004867855459451675
0.7993059158325195,0.5739209055900574,0.17804856598377228,-0.004870632663369179
0.7993018627166748,0.5739226937294006,0.1780606508255005,-0.004878886044025421
0.7993008494377136,0.5739309191703796,0.17803917825222015,-0.004861636087298393
0.799299418926239,0.573940098285675,0.1780165135860443,-0.004843307659029961
0.7993173003196716,0.5739173889160156,0.17800934612751007,-0.004843331873416901
0.7993268966674805,0.5739088654518127,0.17799396812915802,-0.00483423937112093
0.7993124723434448,0.5739266276359558,0.17800086736679077,-0.004835148341953754
0.7993000745773315,0.5739439725875854,0.17800135910511017,-0.0048315562307834625
0.799293577671051,0.5739505887031555,0.17800915241241455,-0.004835642874240875
0.7992789149284363,0.5739679336547852,0.17801906168460846,-0.004838814027607441
0.7992737293243408,0.573971152305603,0.17803122103214264,-0.004846794530749321
0.7992721796035767,0.5739690661430359,0.1780446320772171,-0.00485688541084528
0.7992758750915527,0.5739673376083374,0.1780337244272232,-0.004849454388022423
0.7992870807647705,0.5739594101905823,0.17801016569137573,-0.004834377206861973
0.7992851138114929,0.5739644169807434,0.1780022382736206,-0.004827558994293213
0.7992924451828003,0.5739502906799316,0.17801518738269806,-0.004840049892663956
0.7992982268333435,0.5739442706108093,0.17800793051719666,-0.0048362091183662415
0.799298107624054,0.5739417672157288,0.1780170351266861,-0.004843304865062237
0.7992908358573914,0.5739554166793823,0.17800596356391907,-0.004832267761230469
0.7993022203445435,0.5739392638206482,0.17800667881965637,-0.0048364391550421715
0.7993025779724121,0.573935329914093,0.17801755666732788,-0.004845123738050461
0.7992833852767944,0.5739574432373047,0.17803236842155457,-0.004850720055401325
0.7992879748344421,0.5739516615867615,0.178030326962471,-0.004850562661886215
0.7992737293243408,0.5739652514457703,0.17805010080337524,-0.004861641675233841
0.7992922067642212,0.5739496946334839,0.17801766097545624,-0.004841919988393784
0.7992698550224304,0.5739783048629761,0.17802566289901733,-0.004841153509914875
0.7992554903030396,0.5739946365356445,0.1780381053686142,-0.004846365191042423
0.7992779612541199,0.5739732980728149,0.1780059039592743,-0.004828129895031452
0.7992780804634094,0.5739709734916687,0.1780126988887787,-0.004833522252738476
0.7992686033248901,0.5739830136299133,0.17801706492900848,-0.004833923652768135
0.799278736114502,0.5739639401435852,0.1780318319797516,-0.004848828539252281
0.799284815788269,0.5739600658416748,0.17801739275455475,-0.004839356988668442
0.7992616295814514,0.5739949941635132,0.1780092567205429,-0.0048256004229187965
0.7992740273475647,0.5739771127700806,0.17801116406917572,-0.004831030033528805
0.79927659034729,0.5739761590957642,0.1780027449131012,-0.004825207404792309
0.7992751598358154,0.5739811658859253,0.1779932677745819,-0.004817275330424309
0.799270749092102,0.5739880204200745,0.17799171805381775,-0.004814603365957737
0.7992699146270752,0.5739877820014954,0.177995502948761,-0.004817374981939793
0.7992545962333679,0.5740039944648743,0.17801177501678467,-0.004825354553759098
0.7992547750473022,0.5740047097206116,0.17800934612751007,-0.0048234472051262856
0.7992688417434692,0.573988139629364,0.17799966037273407,-0.004820262081921101
0.7992688417434692,0.5739890933036804,0.17799599468708038,-0.004817413166165352
0.7992614507675171,0.5739969611167908,0.17800380289554596,-0.004821223206818104
0.7992557287216187,0.5740063190460205,0.17800021171569824,-0.004816533997654915
0.7992551326751709,0.5740026235580444,0.1780136376619339,-0.004826992750167847
0.7992604374885559,0.5740019679069519,0.17799296975135803,-0.004812334664165974
0.7992632389068604,0.5740012526512146,0.177982896566391,-0.004805279895663261
0.799235999584198,0.5740302205085754,0.17801128327846527,-0.004819044843316078
0.799248218536377,0.5740153789520264,0.17800423502922058,-0.004817369394004345
0.799263596534729,0.5739943981170654,0.1780027598142624,-0.004821074195206165
0.7992632985115051,0.5739962458610535,0.17799879610538483,-0.004817810840904713
0.7992404699325562,0.5740299224853516,0.17799243330955505,-0.004805602133274078
0.7992428541183472,0.5740248560905457,0.17799781262874603,-0.004810607060790062
0.7992634773254395,0.5739970803260803,0.17799460887908936,-0.004814618267118931
0.7992597818374634,0.5739989876747131,0.17800486087799072,-0.0048215351998806
0.799253523349762,0.5740049481391907,0.17801378667354584,-0.0048265838995575905
0.7992672324180603,0.5739890933036804,0.17800359427928925,-0.004822877235710621
0.7992970943450928,0.5739462375640869,0.17800743877887726,-0.004835361614823341
0.7992857694625854,0.5739632248878479,0.1780029833316803,-0.00482830498367548
0.7992860674858093,0.5739689469337463,0.1779842972755432,-0.004813622683286667
0.7992780804634094,0.5739807486534119,0.1779821366071701,-0.004809396341443062
0.7992768883705139,0.5739808678627014,0.17798703908920288,-0.004812885075807571
0.7992833852767944,0.5739719867706299,0.17798636853694916,-0.0048144180327653885
0.7992861866950989,0.5739679336547852,0.17798666656017303,-0.004815550521016121
0.7992915511131287,0.5739595293998718,0.17798954248428345,-0.004819517955183983
0.7992734313011169,0.5739815831184387,0.1780003309249878,-0.004822250455617905
0.7992691397666931,0.5739814639091492,0.17801889777183533,-0.004835580475628376
0.7992480397224426,0.5740092992782593,0.17802457511425018,-0.004833328537642956
0.7992450594902039,0.5740091800689697,0.17803747951984406,-0.004842602647840977
0.7992687225341797,0.5739866495132446,0.17800505459308624,-0.004824469797313213
0.7992677092552185,0.5739858746528625,0.17801140248775482,-0.004829195328056812
0.7992686033248901,0.5739865303039551,0.17800529301166534,-0.004824669100344181
0.7992615699768066,0.573993444442749,0.17801456153392792,-0.004829742014408112
0.7992560863494873,0.5739991664886475,0.1780206710100174,-0.004832816310226917
0.7992619872093201,0.573991060256958,0.1780201494693756,-0.00483427569270134
0.7992479205131531,0.5740078687667847,0.17802903056144714,-0.004836824722588062
0.7992586493492126,0.5739947557449341,0.17802338302135468,-0.00483576487749815
0.7992547750473022,0.5740007162094116,0.17802166938781738,-0.004833174869418144
0.799247682094574,0.5740043520927429,0.17804130911827087,-0.004846419207751751
0.7992432117462158,0.5740132927894592,0.17803265154361725,-0.004838184453547001
0.7992317080497742,0.5740253329277039,0.1780453771352768,-0.004844577983021736
0.7992273569107056,0.5740345120429993,0.17803558707237244,-0.004835480824112892
0.7992321252822876,0.57403165102005,0.1780243217945099,-0.004828055389225483
0.7992308139801025,0.5740375518798828,0.178010955452919,-0.004817133769392967
0.7992230653762817,0.5740500688552856,0.1780049353837967,-0.004809974692761898
0.7992160320281982,0.5740543603897095,0.17802312970161438,-0.004822038114070892
0.7992272973060608,0.5740404725074768,0.17801740765571594,-0.0048210956156253815
0.7992372512817383,0.5740255117416382,0.1780206859111786,-0.0048268381506204605
0.7992233037948608,0.5740454792976379,0.17801912128925323,-0.004821188747882843
0.7992319464683533,0.5740372538566589,0.17800696194171906,-0.004814332351088524
0.7992360591888428,0.5740289092063904,0.17801524698734283,-0.004822173155844212
0.7992551922798157,0.5740063786506653,0.17800204455852509,-0.004817827604711056
0.7992908954620361,0.5739603638648987,0.17799019813537598,-0.004819790832698345
0.7992982268333435,0.5739463567733765,0.17800214886665344,-0.0048315394669771194
0.7993019819259644,0.5739465951919556,0.1779848039150238,-0.00481905322521925
0.7992826700210571,0.573968231678009,0.17800091207027435,-0.0048256851732730865
0.7993173599243164,0.5739228129386902,0.1779915988445282,-0.004829323850572109
0.7993173599243164,0.5739260315895081,0.17798207700252533,-0.004821774549782276
0.7993170619010925,0.5739284753799438,0.17797493934631348,-0.004816096276044846
0.7992992401123047,0.5739513039588928,0.17798204720020294,-0.004816004075109959
0.799316942691803,0.5739263892173767,0.17798206210136414,-0.004821666516363621
0.799317479133606,0.573925793170929,0.1779816895723343,-0.004821541719138622
0.7993131875991821,0.5739333629608154,0.17797742784023285,-0.004816779866814613
0.7993254661560059,0.5739179253578186,0.1779714673757553,-0.004816013388335705
0.799324631690979,0.5739185214042664,0.17797330021858215,-0.004817197099328041
0.7993126511573792,0.5739345550537109,0.17797552049160004,-0.004815143533051014
0.7993141412734985,0.573931872844696,0.17797744274139404,-0.004817130975425243
0.7993126511573792,0.5739362835884094,0.17797008156776428,-0.004810846410691738
0.7993157505989075,0.5739294290542603,0.177978053689003,-0.004818115383386612
0.7993075251579285,0.5739355683326721,0.1779947727918625,-0.004828702658414841
0.7993090152740479,0.5739352703094482,0.17798902094364166,-0.004824650473892689
0.7993099093437195,0.5739321112632751,0.17799578607082367,-0.004830219782888889
0.7993177771568298,0.5739243626594543,0.177984818816185,-0.004824116826057434
0.7993348240852356,0.5739006996154785,0.17798453569412231,-0.004829282872378826
0.7993438839912415,0.5738860368728638,0.1779908537864685,-0.004837131127715111
0.7993156909942627,0.5739307999610901,0.17797382175922394,-0.0048147644847631454
0.7993477582931519,0.5738916993141174,0.17795605957508087,-0.0048109134659171104
0.7993183732032776,0.5739234089851379,0.17798534035682678,-0.004824702627956867
0.7993271350860596,0.573909342288971,0.1779910773038864,-0.004832000471651554
0.7993263602256775,0.5739122033119202,0.17798548936843872,-0.004827353172004223
0.7992976903915405,0.5739466547966003,0.1780037134885788,-0.004832595586776733
0.7993016839027405,0.5739409327507019,0.17800351977348328,-0.004833752289414406
0.799313485622406,0.5739225745201111,0.1780095249414444,-0.004842221736907959
0.7993127107620239,0.5739238262176514,0.17800958454608917,-0.004841979593038559
0.7993131875991821,0.5739179253578186,0.17802540957927704,-0.004854659549891949
0.7993196845054626,0.5739121437072754,0.17801520228385925,-0.004848659969866276
0.7993168830871582,0.5739131569862366,0.1780243217945099,-0.004854965023696423
0.7993054389953613,0.5739309191703796,0.17801879346370697,-0.004846974276006222
0.7993273735046387,0.5739043354988098,0.1780061572790146,-0.004843955859541893
0.7993406653404236,0.5738856196403503,0.17800681293010712,-0.004848679527640343
0.7993402481079102,0.5738857984542847,0.1780080944299698,-0.00484955869615078
0.7993373274803162,0.5738930106163025,0.17799825966358185,-0.004840868525207043
0.7993350625038147,0.5738932490348816,0.1780068427324295,-0.0048469677567481995
0.7993391156196594,0.5738877058029175,0.17800725996494293,-0.00484852958470583
0.7993513941764832,0.5738707184791565,0.17800672352313995,-0.004851995036005974
0.799368679523468,0.5738537907600403,0.1779841184616089,-0.004839643836021423
0.7993537783622742,0.5738734006881714,0.17798714339733124,-0.004837361164391041
0.7993363738059998,0.573894202709198,0.17799831926822662,-0.004840650595724583
0.799342691898346,0.5738833546638489,0.17800480127334595,-0.004847756586968899
0.7993528842926025,0.5738710761070251,0.17799869179725647,-0.004846167750656605
0.7993517518043518,0.5738733410835266,0.17799672484397888,-0.004844252020120621
0.7993552684783936,0.5738661885261536,0.17800399661064148,-0.004851095378398895
0.7993362545967102,0.5738913416862488,0.178007572889328,-0.004847941920161247
0.7993279695510864,0.5739036798477173,0.17800530791282654,-0.004843522794544697
0.7993168830871582,0.5739256143569946,0.1779850274324417,-0.0048240069299936295
0.7993170619010925,0.5739270448684692,0.1779795140028,-0.004819721914827824
0.7993167638778687,0.5739302635192871,0.17797131836414337,-0.004813117906451225
0.7993223071098328,0.5739267468452454,0.17795731127262115,-0.004803870804607868
0.7993124723434448,0.5739348530769348,0.17797589302062988,-0.004815347492694855
0.7993273735046387,0.5739156603813171,0.1779700219631195,-0.004815489985048771
0.7993278503417969,0.5739142894744873,0.17797303199768066,-0.004817953333258629
0.7993320226669312,0.573907196521759,0.1779763400554657,-0.004821924492716789
0.7993265390396118,0.5739100575447083,0.17799139022827148,-0.004832061938941479
0.7993288040161133,0.5739087462425232,0.17798645794391632,-0.004828833043575287
0.7993065118789673,0.5739362239837646,0.17799736559391022,-0.00483041163533926
0.799303412437439,0.5739402770996094,0.1779988706111908,-0.004830566234886646
0.7993048429489136,0.5739341974258423,0.17801111936569214,-0.0048407213762402534
0.7992866635322571,0.5739482045173645,0.1780470609664917,-0.004863298498094082
0.7992809414863586,0.5739558935165405,0.17804798483848572,-0.004862217232584953
0.7992874383926392,0.5739487409591675,0.17804186046123505,-0.004859453067183495
0.7993075847625732,0.5739218592643738,0.1780380755662918,-0.004862849600613117
0.799283504486084,0.5739533305168152,0.17804421484470367,-0.004860104992985725
0.7992658615112305,0.5739778876304626,0.17804507911205292,-0.004855142906308174
0.7992531657218933,0.5739942193031311,0.1780494600534439,-0.004854573868215084
0.7992651462554932,0.5739777088165283,0.17804884910583496,-0.004857881926000118
0.799251139163971,0.5739922523498535,0.17806388437747955,-0.004865358583629131
0.7992454767227173,0.5739976763725281,0.17807167768478394,-0.004869705997407436
0.7992649078369141,0.5739689469337463,0.17807747423648834,-0.004880395717918873
0.7992568612098694,0.5739867091178894,0.17805691063404083,-0.004861622117459774
0.7992692589759827,0.5739654898643494,0.17806877195835114,-0.004874941892921925
0.7992756366729736,0.5739553570747375,0.17807318270206451,-0.004880405031144619
0.7992833256721497,0.5739430785179138,0.17807786166667938,-0.00488654337823391
0.7992748022079468,0.5739526748657227,0.1780850887298584,-0.004889540374279022
0.7992738485336304,0.5739571452140808,0.17807511985301971,-0.0048813894391059875
0.7992786169052124,0.5739514827728271,0.17807212471961975,-0.004880532622337341
0.7992679476737976,0.5739623308181763,0.17808474600315094,-0.004887107759714127
0.7992603182792664,0.5739659667015076,0.17810682952404022,-0.004902111366391182
0.7992492914199829,0.5739843845367432,0.17809732258319855,-0.004891117103397846
0.7992326021194458,0.5740061402320862,0.17810213565826416,-0.004889628849923611
0.7992290258407593,0.5740078091621399,0.17811261117458344,-0.004896759986877441
0.7992265820503235,0.5740090608596802,0.1781194657087326,-0.004901387728750706
0.7992252707481384,0.5740113854408264,0.17811790108680725,-0.004899743944406509
0.7992238402366638,0.5740165710449219,0.1781071573495865,-0.004890867508947849
0.7992085218429565,0.5740365982055664,0.17811208963394165,-0.0048898495733737946
0.799219012260437,0.5740202069282532,0.1781175434589386,-0.004897488281130791
0.7992058396339417,0.5740405321121216,0.17811144888401031,-0.004888503812253475
0.7991915941238403,0.5740551948547363,0.1781279295682907,-0.0048969825729727745
0.7991911172866821,0.5740587711334229,0.17811881005764008,-0.004889629781246185
0.7991647720336914,0.5740927457809448,0.17812757194042206,-0.004888196475803852
0.7991575002670288,0.574101448059082,0.17813201248645782,-0.00488940067589283
0.7991504073143005,0.5741109251976013,0.1781332790851593,-0.004888156428933144
0.7991504669189453,0.5741109848022461,0.17813269793987274,-0.004887719638645649
0.799138069152832,0.5741260647773743,0.1781398206949234,-0.004889397881925106
0.799136221408844,0.5741220116615295,0.1781606823205948,-0.0049052769318223
0.799153208732605,0.5740980505943298,0.1781616359949112,-0.004911406897008419
0.799168586730957,0.5740832686424255,0.1781407594680786,-0.004899807274341583
0.7991417646408081,0.5741174221038818,0.1781509518623352,-0.004899357445538044
0.799136757850647,0.5741258859634399,0.17814631760120392,-0.004894109442830086
0.7991300821304321,0.5741304159164429,0.17816133797168732,-0.004903856664896011
0.7991340160369873,0.5741309523582458,0.17814227938652039,-0.004890074022114277
0.7991297245025635,0.574135959148407,0.1781454235315323,-0.004891190677881241
0.7991410493850708,0.5741186738014221,0.17815017700195312,-0.0048985350877046585
0.7991422414779663,0.5741170048713684,0.1781502068042755,-0.004898936487734318
0.7991389632225037,0.5741179585456848,0.17816162109375,-0.004906907677650452
0.7991441488265991,0.574113130569458,0.17815345525741577,-0.004902149550616741
0.7991249561309814,0.5741357803344727,0.17816661298274994,-0.004906441085040569
0.7991369366645813,0.5741223692893982,0.178156316280365,-0.004902117885649204
0.7991363406181335,0.574124813079834,0.17815135419368744,-0.004898005165159702
0.7991465330123901,0.574106752872467,0.1781633496284485,-0.004910708405077457
0.7991564869880676,0.5740934014320374,0.1781615912914276,-0.004912476055324078
0.7991646528244019,0.5740819573402405,0.17816191911697388,-0.004915318451821804
0.7991704344749451,0.5740737915039062,0.1781623363494873,-0.004917478188872337
0.7991687059402466,0.5740777254104614,0.1781574934720993,-0.004913117736577988
0.799172580242157,0.5740700960159302,0.1781645119190216,-0.004919877275824547
0.799210250377655,0.5740237236022949,0.17814494669437408,-0.004916385747492313
0.7992160320281982,0.5740188360214233,0.17813511192798615,-0.004910452291369438
0.7991839051246643,0.5740589499473572,0.17814987897872925,-0.004911921918392181
0.7992141246795654,0.5740222334861755,0.17813214659690857,-0.004907555878162384
0.7992064356803894,0.5740320086479187,0.17813576757907867,-0.004907927475869656
0.7991969585418701,0.5740426778793335,0.17814388871192932,-0.004911319352686405
0.7992076873779297,0.5740334391593933,0.1781260073184967,-0.004900609143078327
0.7992064952850342,0.57403564453125,0.1781235933303833,-0.004898375831544399
0.7991975545883179,0.5740471482276917,0.17812730371952057,-0.004898425191640854
0.7991907596588135,0.5740548968315125,0.1781320869922638,-0.0049000950530171394
0.7991839051246643,0.5740616917610168,0.17814157903194427,-0.004905366338789463
0.7991883158683777,0.5740569233894348,0.17813640832901,-0.00490274652838707
0.7991816997528076,0.5740646123886108,0.17814135551452637,-0.004904546774923801
0.7991876602172852,0.5740558505058289,0.17814329266548157,-0.0049079228192567825
0.799207866191864,0.5740299820899963,0.17813600599765778,-0.0049085719510912895
0.7992053031921387,0.5740335583686829,0.17813542485237122,-0.004907343536615372
0.7992271780967712,0.5740051865577698,0.17812880873680115,-0.004909055307507515
0.7992311716079712,0.5740044116973877,0.178113654255867,-0.004898364655673504
0.7991947531700134,0.5740524530410767,0.17812299728393555,-0.004894149489700794
0.7992222309112549,0.5740178823471069,0.1781102567911148,-0.004892867058515549
0.7992119193077087,0.574035108089447,0.17810200154781342,-0.004883033223450184
0.7992088794708252,0.5740371346473694,0.1781083643436432,-0.004887131974101067
0.799216628074646,0.5740240812301636,0.1781160533428192,-0.00489561352878809
0.7992205023765564,0.5740172863006592,0.17811986804008484,-0.004899897612631321
0.7992240786552429,0.5740085244178772,0.17813177406787872,-0.0049104224890470505
0.7992438077926636,0.5739818215370178,0.17812934517860413,-0.004914754070341587
0.7992284297943115,0.5740013718605042,0.17813527584075928,-0.004914568737149239
0.7992192506790161,0.5740177631378174,0.17812471091747284,-0.00490326713770628
0.799217164516449,0.5740211009979248,0.1781226247549057,-0.004901009611785412
0.7992165088653564,0.5740227103233337,0.17812055349349976,-0.0048991609364748
0.7991917729377747,0.5740538239479065,0.17813120782375336,-0.004899721592664719
0.7991889715194702,0.5740572214126587,0.1781327724456787,-0.004900066182017326
0.7991915941238403,0.5740576982498169,0.1781197488307953,-0.004890620708465576
0.7992015480995178,0.5740475058555603,0.17810815572738647,-0.004884634166955948
0.7991981506347656,0.5740512013435364,0.17811158299446106,-0.004886253736913204
0.7992163896560669,0.5740248560905457,0.1781144142150879,-0.004894270561635494
0.7992087006568909,0.5740325450897217,0.17812411487102509,-0.0048994868993759155
0.7992092967033386,0.5740353465080261,0.1781127154827118,-0.004890676587820053
0.7992126941680908,0.57402503490448,0.17813020944595337,-0.0049055637791752815
0.7992252707481384,0.5740132331848145,0.17811205983161926,-0.004895232617855072
0.7992358207702637,0.573998749256134,0.17811119556427002,-0.004897909238934517
0.7992419004440308,0.5739927291870117,0.17810340225696564,-0.004893692210316658
0.7992370128631592,0.5740036964416504,0.17809036374092102,-0.0048818644136190414
0.7992533445358276,0.5739827752113342,0.17808464169502258,-0.004882514476776123
0.7992629408836365,0.5739770531654358,0.17806050181388855,-0.004866503179073334
0.7992762923240662,0.5739585161209106,0.17806020379066467,-0.004870504140853882
0.7992786169052124,0.5739511251449585,0.17807266116142273,-0.004881102591753006
0.7992719411849976,0.5739574432373047,0.17808295786380768,-0.004887056536972523
0.7992508411407471,0.5739874839782715,0.17808027565479279,-0.004878305830061436
0.7992700934410095,0.5739623308181763,0.17807507514953613,-0.004880296066403389
0.7992680072784424,0.5739687085151672,0.1780642420053482,-0.004871089942753315
0.7992587089538574,0.5739800333976746,0.17806942760944366,-0.004872233606874943
0.7992910742759705,0.5739409327507019,0.17805030941963196,-0.004867414012551308
0.7993034720420837,0.573924720287323,0.1780470311641693,-0.004868746735155582
0.7993221282958984,0.5739003419876099,0.17804180085659027,-0.004870531149208546
0.7993253469467163,0.5738932490348816,0.1780499517917633,-0.0048779891803860664
0.7993262410163879,0.5738877654075623,0.17806345224380493,-0.004888915456831455
0.7993102073669434,0.573908269405365,0.1780693531036377,-0.004888493567705154
0.799312949180603,0.5739051103591919,0.17806720733642578,-0.004887678660452366
0.7993119359016418,0.5739043354988098,0.17807407677173615,-0.0048927804455161095
0.7993012070655823,0.5739191174507141,0.17807479202747345,-0.00488993339240551
0.7993267774581909,0.5738875865936279,0.17806175351142883,-0.004887755028903484
0.7993280291557312,0.5738847255706787,0.1780652105808258,-0.004890886135399342
0.7993225455284119,0.5738921165466309,0.17806538939476013,-0.004889327101409435
0.7993357181549072,0.5738758444786072,0.17805930972099304,-0.00488866213709116
0.7993361353874207,0.5738778114318848,0.1780512034893036,-0.004882398061454296
0.7993263006210327,0.573891282081604,0.17805194854736328,-0.004879863001406193
0.7993160486221313,0.5739011168479919,0.1780662089586258,-0.004887847229838371
0.7993146777153015,0.5738971829414368,0.17808470129966736,-0.004901994951069355
0.799312174320221,0.5738990306854248,0.1780899465084076,-0.004905327223241329
0.7992935180664062,0.5739248394966125,0.17809069156646729,-0.004900000058114529
0.7993027567863464,0.5739179253578186,0.17807117104530334,-0.004887571558356285
0.799290657043457,0.5739331245422363,0.17807728052139282,-0.004888496361672878
0.7993069291114807,0.5739083290100098,0.17808379232883453,-0.004898787476122379
0.799296498298645,0.5739191770553589,0.17809534072875977,-0.00490459892898798
0.7993021011352539,0.5739142298698425,0.1780862659215927,-0.004899218678474426
0.79930180311203,0.5739123225212097,0.17809368669986725,-0.004904966801404953
0.7993106842041016,0.5739009380340576,0.1780903935432434,-0.004905190318822861
0.7992890477180481,0.5739279985427856,0.17810021340847015,-0.004906084388494492
0.799299418926239,0.573916494846344,0.1780908852815628,-0.004902013577520847
0.7992862462997437,0.57393479347229,0.17809121310710907,-0.004898094572126865
0.7992963194847107,0.5739251375198364,0.17807728052139282,-0.004890305921435356
0.7992945909500122,0.5739234685897827,0.17809033393859863,-0.004900043830275536
0.7992997169494629,0.5739150047302246,0.178093820810318,-0.004904457367956638
0.7992880940437317,0.5739346146583557,0.1780838966369629,-0.00489288754761219
0.7992857694625854,0.5739359259605408,0.1780892312526703,-0.004896404221653938
0.7992873787879944,0.5739320516586304,0.17809492349624634,-0.004901367239654064
0.799290657043457,0.5739278197288513,0.17809388041496277,-0.004901568405330181
0.7992769479751587,0.573944628238678,0.1781005561351776,-0.004902529530227184
0.7992711663246155,0.5739523768424988,0.17810222506523132,-0.004901972599327564
0.7992836833000183,0.5739365220069885,0.1780964434146881,-0.004901429638266563
0.7992821335792542,0.5739390254020691,0.1780962496995926,-0.004900733940303326
0.7992836833000183,0.5739325284957886,0.1781097799539566,-0.0049119070172309875
0.7992669343948364,0.5739535689353943,0.178117036819458,-0.00491232518106699
0.7992759943008423,0.573936402797699,0.1781310886144638,-0.004926292225718498
0.7992686033248901,0.5739408135414124,0.1781497746706009,-0.004938679747283459
0.7992579340934753,0.5739568471908569,0.1781461089849472,-0.004932410083711147
0.7992544174194336,0.5739620923995972,0.17814485728740692,-0.004930316470563412
0.7992818355560303,0.573928713798523,0.17813007533550262,-0.004927302710711956
0.7992834448814392,0.5739337801933289,0.17810623347759247,-0.004909062758088112
0.7992821931838989,0.5739364624023438,0.17810402810573578,-0.004906880669295788
0.7992991209030151,0.573912501335144,0.17810498178005219,-0.004913000389933586
0.7992936372756958,0.5739195942878723,0.17810603976249695,-0.004912145435810089
0.7992770671844482,0.5739461183547974,0.17809604108333588,-0.004898963496088982
0.799269437789917,0.5739553570747375,0.17810040712356567,-0.004900000989437103
0.7992619276046753,0.5739613175392151,0.17811445891857147,-0.004908709786832333
0.7992576360702515,0.5739663243293762,0.1781175285577774,-0.0049097733572125435
0.7992629408836365,0.5739560127258301,0.17812664806842804,-0.004918651655316353
0.7992790937423706,0.5739402770996094,0.17810514569282532,-0.004906820133328438
0.7992926836013794,0.573924720287323,0.17809440195560455,-0.004902656190097332
0.7993023991584778,0.5739167928695679,0.1780766099691391,-0.0048917075619101524
0.7992919087409973,0.5739308595657349,0.1780785322189331,-0.004889890551567078
0.7992911338806152,0.5739316344261169,0.17807960510253906,-0.004890481010079384
0.7992873191833496,0.5739383101463318,0.1780754029750824,-0.0048859501257538795
0.7992728352546692,0.5739524364471436,0.17809462547302246,-0.004896519705653191
0.7992931604385376,0.5739279389381409,0.1780824363231659,-0.004893345758318901
0.7993068695068359,0.5739090442657471,0.17808155715465546,-0.004897000268101692
0.7993128895759583,0.573897659778595,0.1780909299850464,-0.0049063051119446754
0.799296498298645,0.5739202499389648,0.17809176445007324,-0.004901774227619171
0.7992842793464661,0.5739331245422363,0.17810498178005219,-0.004908319562673569
0.7992761731147766,0.573939323425293,0.17812104523181915,-0.004918424412608147
0.7992689609527588,0.573950469493866,0.17811760306358337,-0.0049134232103824615
0.7992653250694275,0.5739573836326599,0.17811176180839539,-0.004907660186290741
0.7992626428604126,0.5739607214927673,0.17811302840709686,-0.004907811991870403
0.7992673516273499,0.5739510655403137,0.17812277376651764,-0.004916997626423836
0.7992568016052246,0.5739654898643494,0.1781243085861206,-0.004914817400276661
0.7992525696754456,0.5739661455154419,0.17814017832279205,-0.004926031455397606
0.7992660999298096,0.5739508867263794,0.17812877893447876,-0.004921329207718372
0.7992804050445557,0.5739284753799438,0.17813721299171448,-0.004932476207613945
0.7992727160453796,0.573933482170105,0.17815449833869934,-0.004943725652992725
0.799282968044281,0.5739189386367798,0.17815539240837097,-0.004947680979967117
0.7992644309997559,0.5739449858665466,0.17815478146076202,-0.0049413228407502174
0.7992713451385498,0.5739343762397766,0.1781579703092575,-0.004946026019752026
0.799282968044281,0.5739168524742126,0.17816217243671417,-0.004953023977577686
0.7992740869522095,0.5739267468452454,0.17817002534866333,-0.004956409335136414
0.7992814183235168,0.5739190578460693,0.17816206812858582,-0.004952454939484596
0.7992911338806152,0.573906660079956,0.17815852165222168,-0.004952731542289257
0.7993101477622986,0.5738811492919922,0.17815521359443665,-0.004956156015396118
0.799318253993988,0.5738702416419983,0.17815318703651428,-0.004957184195518494
0.7993148565292358,0.573875904083252,0.17815111577510834,-0.0049544209614396095
0.7993148565292358,0.5738818645477295,0.178131565451622,-0.004939052276313305
0.7993292212486267,0.5738663673400879,0.17811797559261322,-0.004932839423418045
0.7993376851081848,0.573850691318512,0.17812949419021606,-0.004944656975567341
0.7993299961090088,0.5738565325737,0.17814575135707855,-0.0049549899995327
0.7993212938308716,0.573878824710846,0.17811298370361328,-0.0049264393746852875
0.7993122339248657,0.5738967061042786,0.1780971884727478,-0.004911057651042938
0.7993175387382507,0.5738919377326965,0.17808881402015686,-0.004906143993139267
0.7993238568305969,0.5738832354545593,0.1780877262353897,-0.004907330498099327
0.7993332743644714,0.5738720893859863,0.1780821532011032,-0.0049058664590120316
0.7993408441543579,0.5738585591316223,0.17809084057807922,-0.004915161989629269
0.7993513941764832,0.5738461017608643,0.17808452248573303,-0.004913466051220894
0.7993187308311462,0.5738831162452698,0.17811086773872375,-0.004923930391669273
0.7993165254592896,0.5738829970359802,0.17812100052833557,-0.004931215196847916
0.799331545829773,0.5738589763641357,0.17813073098659515,-0.004943649284541607
0.799315333366394,0.573879063129425,0.1781386435031891,-0.004944751039147377
0.799328625202179,0.5738583207130432,0.1781454235315323,-0.004954323172569275
0.799318790435791,0.5738722681999207,0.1781453788280487,-0.004951118491590023
0.7993297576904297,0.5738609433174133,0.17813211679458618,-0.004944188520312309
0.7993243336677551,0.5738650560379028,0.17814360558986664,-0.00495148915797472
0.7993184328079224,0.5738783478736877,0.1781277358531952,-0.004937099292874336
0.7993322014808655,0.5738562345504761,0.17813633382320404,-0.004948285408318043
0.7993428707122803,0.5738434791564941,0.17812973260879517,-0.00494646281003952
0.7993355989456177,0.5738490223884583,0.17814429104328156,-0.004955635406076908
0.7993195652961731,0.5738722085952759,0.1781415492296219,-0.0049483897164464
0.7993137240409851,0.5738821029663086,0.1781359314918518,-0.004942115396261215
0.7993109226226807,0.573885977268219,0.17813609540462494,-0.004941355437040329
0.7993226051330566,0.5738747119903564,0.17812097072601318,-0.004933075979351997
0.7993248701095581,0.5738734006881714,0.17811447381973267,-0.004928710870444775
0.7993361353874207,0.573859453201294,0.17810949683189392,-0.004928313195705414
0.7993265986442566,0.5738706588745117,0.17811603844165802,-0.004930451512336731
0.7993387579917908,0.5738500356674194,0.17812751233577728,-0.004943361505866051
0.7993627786636353,0.5738173723220825,0.17812414467334747,-0.004948373883962631
0.7993461489677429,0.5738406181335449,0.17812474071979523,-0.004943527281284332
0.7993435859680176,0.5738434195518494,0.1781264990568161,-0.004944151267409325
0.7993571162223816,0.5738240480422974,0.17812873423099518,-0.004950153641402721
0.7993543744087219,0.5738310813903809,0.1781185269355774,-0.004941240884363651
0.7993528246879578,0.5738272666931152,0.17813675105571747,-0.0049551622942090034
0.7993565201759338,0.5738255381584167,0.17812664806842804,-0.004948328249156475
0.7993488311767578,0.5738369822502136,0.17812423408031464,-0.0049439892172813416
0.7993439435958862,0.5738440752029419,0.17812347412109375,-0.004941829480230808
0.7993618845939636,0.5738193988800049,0.17812222242355347,-0.0049465373158454895
0.7993677854537964,0.5738060474395752,0.17813831567764282,-0.004961099475622177
0.7993521094322205,0.573829710483551,0.1781327873468399,-0.004951760172843933
0.7993351817131042,0.5738480091094971,0.17814958095550537,-0.004959637299180031
0.7993017435073853,0.5738916397094727,0.17815910279750824,-0.0049565453082323074
0.7992972135543823,0.573901891708374,0.17814664542675018,-0.004945293068885803
0.7992973327636719,0.5738997459411621,0.1781529188156128,-0.004950276575982571
0.7992690801620483,0.5739350318908691,0.17816583812236786,-0.004951505921781063
0.7992991209030151,0.573900580406189,0.17814235389232635,-0.004942512139678001
0.7992998361587524,0.5739052295684814,0.17812448740005493,-0.004928654059767723
0.7993112802505493,0.5738873481750488,0.17813044786453247,-0.004936985671520233
0.7992888689041138,0.5739144682884216,0.17814356088638306,-0.004940226674079895
0.7993070483207703,0.5738948583602905,0.1781253218650818,-0.0049316175282001495
0.7993073463439941,0.5738997459411621,0.1781085878610611,-0.004918524995446205
0.7993106842041016,0.573897659778595,0.17810052633285522,-0.004913225769996643
0.7993027567863464,0.5739138126373291,0.17808452248573303,-0.004898088052868843
0.7992923259735107,0.5739311575889587,0.17807577550411224,-0.004887874238193035
0.7992874979972839,0.5739400386810303,0.1780690997838974,-0.004881075583398342
0.799265444278717,0.5739649534225464,0.17808747291564941,-0.004888583905994892
0.7992562055587769,0.5739747285842896,0.17809730768203735,-0.004893406294286251
0.7992752194404602,0.5739486813545227,0.17809568345546722,-0.004898158833384514
0.7992674112319946,0.5739611387252808,0.17809082567691803,-0.004891848191618919
0.7992531061172485,0.5739767551422119,0.1781039983034134,-0.004897748120129108
0.7992497682571411,0.5739830732345581,0.17809948325157166,-0.00489306915551424
0.799252450466156,0.5739776492118835,0.17810483276844025,-0.004898129962384701
0.7992724776268005,0.5739479064941406,0.17810986936092377,-0.004908489994704723
0.7993004322052002,0.5739064812660217,0.17811812460422516,-0.004923814907670021
0.7993305921554565,0.5738676190376282,0.1781073361635208,-0.004924914799630642
0.7993267178535461,0.5738703012466431,0.17811591923236847,-0.004930458962917328
0.7993251085281372,0.5738697648048401,0.17812533676624298,-0.004937324672937393
0.799341082572937,0.5738505721092224,0.1781155914068222,-0.004934704862535
0.7993302941322327,0.5738698840141296,0.17810213565826416,-0.004920670762658119
0.7993372082710266,0.5738582611083984,0.17810846865177155,-0.004927852191030979
0.7993433475494385,0.5738487243652344,0.178110733628273,-0.004931643605232239
0.7993296980857849,0.5738703012466431,0.17810359597206116,-0.004921630024909973
0.7993190288543701,0.5738885998725891,0.1780928075313568,-0.004909740760922432
0.7993106842041016,0.5739020705223083,0.17808642983436584,-0.004902116023004055
0.7993157505989075,0.5738962292671204,0.17808273434638977,-0.004900800995528698
0.799310028553009,0.5739087462425232,0.1780683994293213,-0.004887686111032963
0.7993106245994568,0.5739100575447083,0.17806148529052734,-0.004882435314357281
0.799305260181427,0.5739160776138306,0.17806628346443176,-0.004884504713118076
0.7993283867835999,0.5738937854766846,0.17803475260734558,-0.0048669688403606415
0.7993291020393372,0.5738961100578308,0.17802482843399048,-0.004859326407313347
0.7993277311325073,0.5738983750343323,0.178023561835289,-0.004857901483774185
0.7993195652961731,0.5739121437072754,0.17801542580127716,-0.004848950542509556
0.7993112206459045,0.5739198923110962,0.17802847921848297,-0.004856540821492672
0.7993168830871582,0.5739156007766724,0.17801639437675476,-0.004848849028348923
0.7993237376213074,0.573904275894165,0.17802199721336365,-0.004855439066886902
0.799311637878418,0.5739218592643738,0.1780204325914383,-0.0048503270372748375
0.7993135452270508,0.573921263217926,0.178013876080513,-0.004845762625336647
0.7993360161781311,0.5738894939422607,0.1780150681734085,-0.004853833466768265
0.7993342876434326,0.573889434337616,0.17802289128303528,-0.004859463311731815
0.7993334531784058,0.573894202709198,0.17801153659820557,-0.004850241355597973
0.799328088760376,0.5738968253135681,0.1780262440443039,-0.0048601822927594185
0.7993161082267761,0.5739054679870605,0.1780519038438797,-0.004876616410911083
0.7993015646934509,0.5739305019378662,0.17803709208965302,-0.004860321059823036
0.7993101477622986,0.5739229321479797,0.1780230700969696,-0.004851987585425377
0.7993128895759583,0.5739156007766724,0.17803418636322021,-0.004861622117459774
0.7993006706237793,0.5739257335662842,0.17805612087249756,-0.00487504992634058
0.7993112206459045,0.5739037394523621,0.17807914316654205,-0.00489654578268528
0.7993099093437195,0.5739091038703918,0.17806805670261383,-0.004887385293841362
0.7993160486221313,0.5738970041275024,0.1780785471200943,-0.004897641949355602
0.7993350625038147,0.5738699436187744,0.17808076739311218,-0.0049053821712732315
0.7993589043617249,0.5738381147384644,0.17807617783546448,-0.004909329116344452
0.799380362033844,0.5738145112991333,0.17805616557598114,-0.00490034744143486
0.7993670701980591,0.5738353729248047,0.1780489683151245,-0.004890455864369869
0.7993902564048767,0.5738095045089722,0.1780284345149994,-0.004881611093878746
0.7993834018707275,0.5738150477409363,0.1780410259962082,-0.0048893652856349945
0.799375057220459,0.5738258361816406,0.17804361879825592,-0.0048887645825743675
0.7993727326393127,0.5738234519958496,0.1780613511800766,-0.004902008920907974
0.7993876338005066,0.5738097429275513,0.17803962528705597,-0.004889555275440216
0.7993751764297485,0.5738335251808167,0.17801928520202637,-0.004869572818279266
0.7993849515914917,0.5738221406936646,0.17801159620285034,-0.004866642877459526
0.7993772029876709,0.5738365054130554,0.17800047993659973,-0.004855426959693432
0.7993759512901306,0.5738403797149658,0.17799372971057892,-0.004849711433053017
0.7993502616882324,0.5738719701766968,0.17800739407539368,-0.004852330312132835
0.7993835210800171,0.5738332271575928,0.17798322439193726,-0.004843811504542828
0.7993854284286499,0.5738294124603271,0.17798703908920288,-0.0048474157229065895
0.7993742823600769,0.573841392993927,0.17799781262874603,-0.004852422513067722
0.7994007468223572,0.5738129615783691,0.17797160148620605,-0.00484009925276041
0.7993993759155273,0.5738171339035034,0.17796385288238525,-0.0048336004838347435
0.7993907928466797,0.5738301277160645,0.17796075344085693,-0.004828430712223053
0.7993786334991455,0.573847770690918,0.17795854806900024,-0.004822848364710808
0.7993717193603516,0.5738545656204224,0.17796754837036133,-0.004827752709388733
0.7993605136871338,0.5738638043403625,0.17798840999603271,-0.004840604029595852
0.7993751168251038,0.5738433003425598,0.17798815667629242,-0.004845079034566879
0.7993912696838379,0.5738174319267273,0.17799924314022064,-0.0048588952049613
0.7993672490119934,0.5738487839698792,0.1780054271221161,-0.004856201820075512
0.7993840575218201,0.5738263130187988,0.17800243198871613,-0.004859163425862789
0.799380362033844,0.5738339424133301,0.17799535393714905,-0.004852370359003544
0.7993622422218323,0.5738497972488403,0.17802497744560242,-0.004869991913437843
0.7993810772895813,0.5738266110420227,0.1780145764350891,-0.004867802374064922
0.7994055151939392,0.5737916231155396,0.17801803350448608,-0.004878227598965168
0.7994042634963989,0.5737926363945007,0.1780197024345398,-0.004879189655184746
0.7994317412376404,0.5737555027008057,0.17801599204540253,-0.0048849740996956825
0.799426794052124,0.5737592577934265,0.1780260056257248,-0.004891296848654747
0.7994246482849121,0.5737621188163757,0.17802579700946808,-0.0048904865980148315
0.799429714679718,0.5737550854682922,0.17802654206752777,-0.004892619326710701
0.7994285225868225,0.573752760887146,0.17803901433944702,-0.004902072250843048
0.7994332909584045,0.5737413167953491,0.1780540943145752,-0.004915471188724041
0.7994350790977478,0.573737382888794,0.1780586838722229,-0.0049196528270840645
0.7994400858879089,0.5737299919128418,0.17805932462215424,-0.004921780899167061
0.7994658946990967,0.5737008452415466,0.17803837358951569,-0.004913400858640671
0.7994666695594788,0.5736991167068481,0.17803984880447388,-0.004914851859211922
0.7994654178619385,0.5737022161483765,0.1780356913805008,-0.0049111731350421906
0.79945969581604,0.5737176537513733,0.17801229655742645,-0.004890906624495983
0.7994275689125061,0.5737534165382385,0.17804105579853058,-0.004903389140963554
0.7994085550308228,0.5737807750701904,0.17803850769996643,-0.0048953574150800705
0.7994027137756348,0.5737898945808411,0.17803530395030975,-0.0048909904435276985
0.7994183897972107,0.5737733840942383,0.17801843583583832,-0.004882660694420338
0.7994066476821899,0.5737836360931396,0.1780378222465515,-0.004894222132861614
0.7994037866592407,0.5737936496734619,0.1780187040567398,-0.004878249950706959
0.7994203567504883,0.5737770795822144,0.17799800634384155,-0.004867185838520527
0.7994077801704407,0.573790967464447,0.17800965905189514,-0.004872380755841732
0.7994182109832764,0.5737751722335815,0.17801359295845032,-0.004878781735897064
0.7994226813316345,0.573762834072113,0.1780328005552292,-0.0048953453078866005
0.7993926405906677,0.573800802230835,0.17804540693759918,-0.00489574670791626
0.7993978261947632,0.5737956762313843,0.17803874611854553,-0.004892141558229923
0.7993860244750977,0.5738064050674438,0.17805667221546173,-0.0049025388434529305
0.7993938326835632,0.5737940669059753,0.1780610978603363,-0.004908507689833641
0.799383819103241,0.5738025307655334,0.17807842791080475,-0.004918989725410938
0.7993862628936768,0.5737999081611633,0.17807602882385254,-0.004917869344353676
0.7993835806846619,0.5738007426261902,0.17808517813682556,-0.00492424052208662
0.7993999719619751,0.5737766027450562,0.17808984220027924,-0.004933069460093975
0.7994011640548706,0.5737764835357666,0.1780841201543808,-0.004928987473249435
0.7993942499160767,0.5737878084182739,0.17807956039905548,-0.004923148080706596
0.7994017601013184,0.5737824440002441,0.17806346714496613,-0.004912839271128178
0.7994078993797302,0.5737734436988831,0.17806406319141388,-0.004915299825370312
0.79939866065979,0.5737918615341187,0.1780468225479126,-0.00489877350628376
0.7993949055671692,0.5737962126731873,0.17805026471614838,-0.004900254309177399
0.7993788719177246,0.5738192200660706,0.17804749310016632,-0.004893043078482151
0.7993832230567932,0.5738152265548706,0.1780415177345276,-0.004889666102826595
0.7993721961975098,0.573836088180542,0.17802374064922333,-0.0048721907660365105
0.7993805408477783,0.5738261342048645,0.17801912128925323,-0.004871147684752941
0.7993817329406738,0.5738230347633362,0.17802304029464722,-0.004874659702181816
0.7993718385696411,0.5738338828086853,0.17803239822387695,-0.004878902807831764
0.799373209476471,0.573828399181366,0.17804434895515442,-0.004888714291155338
0.7993391752243042,0.5738732814788818,0.17805185914039612,-0.004883897490799427
0.7993205189704895,0.5738958716392517,0.17806342244148254,-0.004887056536972523
0.7993201613426208,0.5738982558250427,0.17805694043636322,-0.0048818765208125114
0.7993337512016296,0.5738822221755981,0.17804762721061707,-0.004878834821283817
0.7993459701538086,0.5738687515258789,0.17803624272346497,-0.004873733036220074
0.7993440628051758,0.5738750100135803,0.17802490293979645,-0.00486418604850769
0.7993382215499878,0.5738816261291504,0.17802973091602325,-0.004866143688559532
0.7993534803390503,0.5738591551780701,0.17803339660167694,-0.004873871803283691
0.7993436455726624,0.5738744735717773,0.17802836000919342,-0.0048667872324585915
0.799350917339325,0.5738675594329834,0.17801818251609802,-0.004861067049205303
0.7993358969688416,0.5738843679428101,0.17803138494491577,-0.0048667145892977715
0.7993453741073608,0.5738738775253296,0.17802327871322632,-0.00486329011619091
0.799358069896698,0.5738584995269775,0.1780151128768921,-0.0048609329387545586
0.7993661761283875,0.573846697807312,0.17801736295223236,-0.004865219816565514
0.7993815541267395,0.5738194584846497,0.1780356466770172,-0.004884505644440651
0.7993701100349426,0.57383793592453,0.17802782356739044,-0.004874706268310547
0.7993465065956116,0.5738622546195984,0.17805509269237518,-0.004888718947768211
0.7993510365486145,0.5738527774810791,0.17806421220302582,-0.0048973895609378815
0.7993402481079102,0.5738711357116699,0.17805452644824982,-0.004886281676590443
0.7993460297584534,0.5738670229911804,0.17804142832756042,-0.004877823404967785
0.7993285059928894,0.5738944411277771,0.17803283035755157,-0.004865438677370548
0.7993040084838867,0.5739293694496155,0.1780296266078949,-0.004855203442275524
0.7993200421333313,0.5739070177078247,0.17803023755550385,-0.004860725253820419
0.7993181347846985,0.5739126801490784,0.17802001535892487,-0.0048521049320697784
0.7993248105049133,0.5739026665687561,0.17802289128303528,-0.00485644768923521
0.7993128299713135,0.5739184617996216,0.17802512645721436,-0.004854459315538406
0.799308180809021,0.5739256143569946,0.1780238300561905,-0.004851914942264557
0.79932701587677,0.5738986730575562,0.1780252605676651,-0.004859050735831261
0.7993345260620117,0.5738868713378906,0.17803017795085907,-0.004865255206823349
0.7993184328079224,0.5739096999168396,0.17802833020687103,-0.004858741536736488
0.7993212342262268,0.5739094614982605,0.17801691591739655,-0.0048506176099181175
0.7993183135986328,0.5739144682884216,0.1780139058828354,-0.004847320728003979
0.7993090152740479,0.5739269852638245,0.17801533639431,-0.004845505580306053
0.7993085980415344,0.5739339590072632,0.17799514532089233,-0.004829452373087406
0.7993040084838867,0.5739426016807556,0.17798814177513123,-0.00482246745377779
0.7993170022964478,0.5739222764968872,0.17799516022205353,-0.004832103848457336
0.7993147373199463,0.5739230513572693,0.17800270020961761,-0.004837336018681526
0.7993232607841492,0.5739143490791321,0.17799250781536102,-0.004832006059587002
0.7993170619010925,0.5739241242408752,0.17798882722854614,-0.004827151075005531
0.7993388772010803,0.5738941431045532,0.17798744142055511,-0.004832956939935684
0.7993351221084595,0.5738978981971741,0.17799215018749237,-0.004835480824112892
0.7993221282958984,0.5739145278930664,0.1779969036579132,-0.004835101775825024
0.799345076084137,0.5738826394081116,0.1779964119195938,-0.0048419879749417305
0.7993507981300354,0.5738698244094849,0.1780117005109787,-0.004855847917497158
0.7993390560150146,0.5738789439201355,0.17803455889225006,-0.004870152100920677
0.7993305921554565,0.5738978981971741,0.17801198363304138,-0.004849676042795181
0.7993053197860718,0.5739396214485168,0.1779923439025879,-0.0048261359333992004
0.7993088364601135,0.5739370584487915,0.17798419296741486,-0.004820864647626877
0.7993171215057373,0.57392418384552,0.17798899114131927,-0.004827234894037247
0.7993268370628357,0.573912501335144,0.17798231542110443,-0.004825095646083355
0.7993286848068237,0.5739116072654724,0.17797760665416718,-0.004821917973458767
0.7993302941322327,0.5739057660102844,0.1779889166355133,-0.004831341095268726
0.7993159294128418,0.5739284157752991,0.1779806762933731,-0.004820298403501511
0.7993128299713135,0.5739351511001587,0.1779731810092926,-0.004813395440578461
0.7992986440658569,0.5739567279815674,0.17796753346920013,-0.0048044538125395775
0.7992945313453674,0.5739655494689941,0.17795781791210175,-0.004795483313500881
0.7993127703666687,0.5739414095878601,0.17795293033123016,-0.0047974614426493645
0.7992904186248779,0.573968231678009,0.17796748876571655,-0.004801815375685692
0.7993053793907166,0.5739539265632629,0.17794613540172577,-0.004789750091731548
0.79932701587677,0.5739248394966125,0.17794327437877655,-0.004794297739863396
0.7993223667144775,0.5739311575889587,0.17794367671012878,-0.004793150350451469
0.7993177175521851,0.5739333033561707,0.17795729637145996,-0.00480242632329464
0.7993186116218567,0.5739341974258423,0.17795050144195557,-0.00479735154658556
0.7993278503417969,0.5739231705665588,0.17794466018676758,-0.00479566864669323
0.7993277907371521,0.5739259123802185,0.1779356598854065,-0.0047885943204164505
0.7993171811103821,0.5739360451698303,0.17795124650001526,-0.004797468893229961
0.7993020415306091,0.5739567875862122,0.17795175313949585,-0.004793128930032253
0.7993109822273254,0.5739479660987854,0.17794091999530792,-0.004787374287843704
0.7993175387382507,0.5739412307739258,0.1779325157403946,-0.004782873205840588
0.7993379831314087,0.573913037776947,0.17793209850788116,-0.004788976162672043
0.7993638515472412,0.5738800764083862,0.17792202532291412,-0.004789229482412338
0.7993649244308472,0.573877215385437,0.17792633175849915,-0.004792955704033375
0.7993544936180115,0.5738925337791443,0.17792385816574097,-0.00478771235793829
0.7993670701980591,0.5738820433616638,0.17790165543556213,-0.004774189554154873
0.7993621230125427,0.5738846659660339,0.1779152899980545,-0.004783358424901962
0.7993804812431335,0.5738628506660461,0.1779026985168457,-0.004779287613928318
0.7993535995483398,0.5738958716392517,0.1779169887304306,-0.004782031290233135
0.7993505001068115,0.5738958120346069,0.17793099582195282,-0.004792092368006706
0.7993664145469666,0.5738776922225952,0.17791815102100372,-0.00478699803352356
0.7993655204772949,0.5738818049430847,0.17790965735912323,-0.0047799814492464066
0.7993759512901306,0.5738641619682312,0.17791861295700073,-0.0047903964295983315
0.7993844151496887,0.5738562941551208,0.1779068261384964,-0.0047837477177381516
0.7993673086166382,0.573870837688446,0.1779356300830841,-0.004801086150109768
0.7993389368057251,0.5739135146141052,0.17792659997940063,-0.0047849323600530624
0.7993236184120178,0.5739326477050781,0.17793302237987518,-0.004785199649631977
0.799347460269928,0.5739012956619263,0.17792686820030212,-0.004787897691130638
0.7993451952934265,0.5739061236381531,0.17792166769504547,-0.0047830743715167046
0.7993514537811279,0.5738995671272278,0.17791542410850525,-0.0047800904139876366
0.7993541955947876,0.5738980174064636,0.17790742218494415,-0.004774704575538635
0.7993673086166382,0.5738781690597534,0.17791295051574707,-0.004783172160387039
0.7993658185005188,0.5738805532455444,0.1779114156961441,-0.0047815293073654175
0.7993646264076233,0.5738773345947266,0.17792747914791107,-0.004793769679963589
0.799377977848053,0.5738638639450073,0.17791104316711426,-0.004785040393471718
0.7993710041046143,0.5738739967346191,0.17790992558002472,-0.004781952127814293
0.7993801832199097,0.573859453201294,0.1779153198003769,-0.004789117723703384
0.7993672490119934,0.5738751292228699,0.17792212963104248,-0.004790440201759338
0.7993723154067993,0.57387375831604,0.17790426313877106,-0.004777953960001469
0.7993757724761963,0.5738680958747864,0.17790749669075012,-0.004781554453074932
0.7993701100349426,0.57387375831604,0.1779138147830963,-0.004784793592989445
0.7993583679199219,0.5738879442214966,0.17792163789272308,-0.004787184298038483
0.7993533611297607,0.5738953351974487,0.1779196858406067,-0.004784110933542252
0.7993388772010803,0.5739133954048157,0.1779271960258484,-0.004785401746630669
0.7993363738059998,0.5739167928695679,0.17792676389217377,-0.0047843120992183685
0.799347460269928,0.573905348777771,0.17791473865509033,-0.0047783032059669495
0.7993631362915039,0.5738943219184875,0.1778804212808609,-0.004756213165819645
0.7993555665016174,0.5739014744758606,0.17789047956466675,-0.004761789925396442
0.7993696331977844,0.5738873481750488,0.17787368595600128,-0.004752960056066513
0.7993727326393127,0.5738794207572937,0.17788513004779816,-0.004762958735227585
0.7993637323379517,0.5738964676856995,0.17787028849124908,-0.004748452454805374
0.7993854880332947,0.573864758014679,0.17787520587444305,-0.004759162664413452
0.7993589639663696,0.5739029049873352,0.17787106335163116,-0.004747542552649975
0.7993589043617249,0.5739006996154785,0.17787833511829376,-0.004753250628709793
0.7993497252464294,0.5739145874977112,0.17787498235702515,-0.004747695289552212
0.7993517518043518,0.5739127397537231,0.17787186801433563,-0.004745877347886562
