 (8.052103786913836214e-02+0.000000000000000000e+00j), (4.303482635459162653e-01+0.000000000000000000e+00j), (5.317172837490159454e-01+0.000000000000000000e+00j), (4.436660282124167964e-01+0.000000000000000000e+00j), (1.112611479550344562e+00+0.000000000000000000e+00j), (6.189116067046409597e-01+0.000000000000000000e+00j), (3.138899710796367870e-01+0.000000000000000000e+00j), (2.337287758606320948e-03+0.000000000000000000e+00j)
 (-1.025208430126097053e-01+2.958317997352276699e-02j), (-2.925428922764811146e-01+2.326324537524331604e-01j), (-2.963302575801113337e-01-8.035962562855746005e-02j), (-1.887038404644832967e-01+9.055522152109705958e-02j), (-4.374806717107020404e-01+1.935613020718535693e-01j), (-1.863153145217761875e-01-7.963654755749978165e-01j), (-3.725403391589750535e-01-7.495502800740566629e-02j), (2.166521826897818259e-03-8.424572627352125073e-04j)
 (7.461211327892444678e-02-1.337889037089632083e-01j), (1.521304804638325403e-01-1.157305667900961205e-01j), (9.720344818128476283e-02+9.940345017834710875e-03j), (6.173197602567830067e-02-3.453354964116231440e-02j), (-2.740171656934448086e-01+2.427549555669023251e-01j), (-7.332610717207380113e-02+5.394444127714985715e-01j), (1.745121168850697901e-01+3.058395763992861616e-01j), (1.685453357494901255e-03-1.545411305720784416e-03j)
 (9.295734117770484972e-02+1.416948632564238308e-01j), (-5.406115092256562338e-02-2.086723692693079057e-01j), (-1.418822808270083224e-01-7.230390094012714708e-02j), (-4.857248745663090422e-02+1.397814269078013483e-01j), (2.566006111395885414e-01-3.872373255991986007e-01j), (-1.276157238049464571e-01+2.588914071524193727e-01j), (2.463553869694690701e-01-1.102221754801819414e-01j), (9.812545711461587768e-04-1.996741099299547545e-03j)
 (-1.349432168371543783e-01+3.888964527918502279e-02j), (-1.788196283222541483e-02+2.276836018426151020e-01j), (4.748818494906557885e-02+2.485954208816134048e-01j), (-1.700726924315759392e-01-3.987394631562195257e-02j), (-1.278578901656017841e-01-1.029093743210282574e-01j), (-9.169523552815650458e-02-3.394683688831340307e-01j), (-1.692743765767575903e-01-3.630350903114407113e-01j), (1.789724021249842513e-04-2.133116338826355433e-03j)
 (-2.333877175470291249e-02-9.335720100017444456e-02j), (-7.089543425354824513e-03+1.066533996302884701e-02j), (1.237690671753350485e-01-2.982829146669945253e-01j), (-6.452479718711123802e-02-2.106804834023754402e-01j), (-1.597277303392491132e-01+4.387853886732333009e-01j), (2.413581447012014547e-01-2.398986857187470484e-02j), (-2.446091764217583897e-01+3.923062601091413804e-01j), (-5.840098375905142247e-04-1.950854881676523586e-03j)
 (7.173848952101403997e-02-5.046250008936618153e-02j), (1.050597687270213021e-01+3.645817017923147496e-02j), (-2.380309515058323944e-01+2.329576969107989004e-01j), (3.366818107735191079e-01-1.345982435941665001e-01j), (3.230548466124589790e-01+6.851580586070363244e-02j), (-6.710025774433574230e-02-2.001043827656513174e-01j), (4.033334168150114474e-01-4.600254843863679777e-02j), (-1.185272000114651362e-03-1.504102340891541340e-03j)
 (9.234713292415992758e-02+8.257706069322083564e-02j), (8.316252629817354192e-03-1.134203298975008378e-01j), (3.671742729074487510e-01-5.893697123865696691e-02j), (2.340396741044850071e-01+4.416700935810833339e-01j), (8.372055126446470430e-02-7.343264973312968458e-01j), (1.107873723142618894e-02+3.620885831711077030e-01j), (-1.915608283711732196e-01-2.747877859448059623e-01j), (-1.540437459224676701e-03-8.911151381707126595e-04j)
 (-9.746916937592106644e-02+1.243316379486715390e-01j), (-4.204359007985250529e-01+1.040686499116016822e-01j), (-3.814180567448034465e-01-2.666235258904855465e-01j), (-5.508175755819737507e-01+2.910120448001116689e-01j), (-6.717177982518613977e-01+4.482205037687636562e-02j), (1.560288265965159848e-01+1.392740678946138566e-01j), (-1.732557061793104647e-01+2.501411949713824856e-01j), (-1.617181325670568291e-03-2.320915247549752832e-04j)
 (-1.405530470003592269e-01-8.840060890555644091e-02j), (2.974106678029191375e-01+6.146013634045685570e-02j), (1.179791631722351408e-01+4.863312224769770209e-01j), (-3.340736108604839272e-01-6.037080106529011392e-01j), (3.726067745617310800e-01+1.032192922407756175e+00j), (-2.738837447540571346e-01-4.435522553792482503e-01j), (2.522337767866200120e-01+2.225660539263077387e-02j), (-1.437541334240518588e-03+3.562181751868702699e-04j)
 (5.595817750902789406e-02-1.427345280767960412e-01j), (1.057982908061607663e-01-3.558498850254970813e-01j), (2.017103350056851929e-01-3.549337972458213031e-01j), (5.333557698627330312e-01-3.868255326187149401e-01j), (7.496701375327879946e-01-5.674060422944915416e-01j), (2.051845485609977288e-02+3.129876488721454741e-01j), (-1.058048077806620080e-01-1.266877375177999365e-01j), (-1.068672879011604935e-03+7.833857083545847817e-04j)
 (1.240831460744216963e-01+1.752324466622069699e-02j), (-1.882400025737425986e-01+1.455493238775346365e-01j), (-3.258626912990524316e-01+8.364909570339881806e-02j), (4.088580041756552652e-01+5.207227626250751085e-01j), (-8.349543545023254687e-01-5.683923344600509964e-01j), (1.338110475603728200e-01-9.215704577119231133e-02j), (-9.552762311224996528e-03+1.302272116907884358e-01j), (-6.048152926630670414e-04+1.000785614859079145e-03j)
 (1.987524725726530148e-02+7.573922933047935735e-02j), (9.118696216893379392e-02+1.545314189348573619e-01j), (3.046314408279138242e-01+1.107908410137660171e-01j), (-4.072269313137604207e-01+2.764385798710428666e-01j), (-1.760229106538099830e-01+8.068238291137623808e-01j), (-1.716679027245619493e-01-2.405653790678769499e-01j), (1.641563603445059250e-01-4.034489157341068083e-02j), (-1.450944821902431549e-04+1.006772682733246419e-03j)
 (-9.260536489087412698e-03+5.713943424132414406e-02j), (2.432367946979631101e-01-2.073515028846321107e-01j), (-1.999279821124191336e-01-2.768071854178315583e-01j), (-1.633143021824224606e-01-2.044399657445893359e-01j), (5.000380431661612946e-01-2.302824329755896737e-01j), (2.944777411268048040e-01+3.913346642244275864e-01j), (-1.170970624660167131e-01-1.807520377155922564e-01j), (2.275408033968360708e-04+8.412047188660380041e-04j)
 (-7.671659269029636186e-02+4.646433091558046374e-02j), (-3.457168639340180150e-01+1.585568971335354904e-01j), (-7.022981146852129430e-02+2.930007835350834089e-01j), (9.728757377841498744e-02-9.306831613161661854e-02j), (-2.566162421027410323e-01-2.394838384439055001e-01j), (-1.969312440595442637e-01-1.515023780591917002e-01j), (-7.308604077002335553e-02+1.416763020144660434e-01j), (4.615767336725281667e-04+5.714618379287033072e-04j)
 (-7.975599258323136376e-02-5.085266966616076856e-02j), (1.067563160171974834e-01+2.947726838807044891e-01j), (2.648658800445758965e-01-1.088588607228033189e-03j), (-1.086744213516502994e-02+1.676039874969297017e-02j), (7.823180170970228664e-02+1.563712582308836030e-01j), (-7.888302682521106113e-02-2.193460354114129263e-01j), (1.858235112608150677e-02-5.508220439194671386e-02j), (5.434217929883112868e-04+2.739526459388443459e-04j)
 (-8.785142918238522669e-03-1.048201184387276552e-01j), (-1.956217806027026052e-03-6.053375033365038238e-01j), (-1.052902464441296260e-01-2.438687912347562714e-01j), (9.814394041568351434e-02-1.177808295116750392e-01j), (1.817048986877281280e-01+3.445405116653323108e-02j), (2.513298453618018069e-01+4.568715891556720532e-01j), (-9.304052693979993072e-02+1.406329124925883023e-01j), (4.944758621624749557e-04+1.585604404620961038e-05j)
 (1.230530184507079294e-01-4.419410248725361146e-02j), (-1.426304532818239434e-01+2.306025375921624543e-01j), (-1.608319503248197835e-01+6.369578065948812429e-02j), (6.859136375095505056e-03+1.853656572419725146e-01j), (-6.310652628576146617e-02+3.955737860452500365e-02j), (-2.194212685686253994e-01-1.293019534565067741e-01j), (2.285246765401832414e-01+8.530390190456407784e-02j), (3.604524068607440810e-04-1.586037274831863207e-04j)
 (2.285915621770525860e-02+1.096441292326765932e-01j), (3.614409217713303590e-01+1.036027119327810053e-01j), (1.399354104997961312e-01+1.813198512179287625e-01j), (-1.062615726055835680e-01+1.161664192906105841e-01j), (-3.832387604717224505e-01-2.017629214512087765e-01j), (2.334287958486482711e-02-4.848691161521350157e-01j), (7.351039853003854541e-02-2.457749029032530452e-01j), (1.963696307565418898e-04-2.345301675144682179e-04j)
 (-6.552694872182474040e-02-1.535315303744413419e-02j), (-3.275867688692253310e-01-1.666491402044769504e-02j), (1.080231399803183029e-01-1.350102115736565578e-01j), (-1.045339209661676483e-01-2.858330944497669002e-01j), (1.719751211736757213e-01+1.541689695579811781e-01j), (7.390648425417822853e-02+3.210949470739157263e-01j), (-2.038006902192719405e-01-6.080996087359562263e-02j), (5.139203181362286094e-05-2.246311144351623395e-04j)
 (1.954592801596611445e-02-4.324002563324622767e-02j), (2.079252185860837876e-01+3.254765378924804470e-02j), (-1.826116801426023728e-01+3.616531090355235706e-02j), (1.301423008044497454e-01-5.233099006406949361e-02j), (5.849805188853626214e-01+9.114923479798094086e-03j), (-1.392176355723965253e-01+3.891308830008898267e-01j), (-5.752242775736719771e-02+1.279454613528301365e-01j), (-4.264330367373493972e-05-1.607609539902540071e-04j)
 (7.600639594262102727e-02+1.242221185483187787e-03j), (-1.326066286380627457e-01-2.358290849336991124e-01j), (8.536889114526315103e-02+1.507058767185674719e-03j), (1.069037234434455363e-01+1.083915219731925450e-01j), (-6.565743995715032089e-01-8.668810875990126674e-02j), (2.857404857134936971e-01-4.591449541746924767e-01j), (5.515657802677823018e-02+5.105351785567406597e-02j), (-7.648223962635736207e-05-8.168857062795146053e-05j)
 (2.431025849474221720e-03+1.160267774912232680e-01j), (-1.035085256681290422e-01+3.342838707324516934e-01j), (-4.282689007685158006e-02-6.507629456901256604e-02j), (1.108220462153857166e-01-6.307080373975690324e-03j), (-7.428972834442645889e-02+4.428317768526863762e-01j), (-1.212779311252738523e-01-9.315293381790326621e-02j), (2.567511106431624029e-02+1.134122099626120629e-02j), (-6.181507513665344023e-05-2.075987197247325302e-05j)
 (-1.007190490517332615e-01+3.693251653165977727e-03j), (2.881317317826033175e-01-2.349463927021089860e-01j), (-3.925298434008805265e-03+4.418405493419018393e-02j), (-4.142736897074924401e-02+2.849542490607898104e-01j), (6.734648239983086482e-01-7.136289015746555275e-01j), (-2.489547426724330603e-01+3.782017657766585939e-01j), (7.887732663859996218e-02-4.552606965808380160e-04j), (-2.396143301323026934e-05+3.185140164878758366e-06j)
 (-3.581086092129247278e-02-5.011869302299217649e-02j), (-1.621778836444018324e-01-9.885379166245374799e-03j), (1.505346933517225094e-02+5.192323701867847252e-02j), (-3.624335146723186574e-01+7.316341385955983656e-02j), (-7.116981383975075071e-01-2.510521064554210868e-03j), (1.713231470255379141e-01-1.938162390738518148e-01j), (-2.074912115788720562e-03-1.326837600952174845e-01j), (8.476836091319101495e-06-1.053907838390449531e-05j)
 (2.937650010703525549e-02-7.519039240398944779e-02j), (-1.469838589201860612e-02+1.891345208123629273e-01j), (8.050225072400604698e-02-1.129811832996537035e-02j), (-1.187757539106692739e-01-4.307205009658787720e-01j), (9.019708613401487829e-02+8.892472561277506848e-01j), (6.694277406725999968e-02-2.533478611362311936e-02j), (-1.540642713492175742e-01+3.037539160551026157e-02j), (1.374050737482567316e-05-4.674710326803469240e-05j)
 (6.910408491756869775e-02+3.865155032851944755e-02j), (-3.189147083964113949e-02-1.029587409303780177e-01j), (-6.553891369941350353e-02-1.039248174112930578e-01j), (3.336344179751411509e-01-1.756586070601504623e-01j), (6.471205764911750480e-01-7.480116176471964806e-01j), (1.082110343018141685e-01+7.667569977396680725e-02j), (6.819872306779156679e-02+1.469131615469148056e-01j), (-1.611643549902272134e-05-8.139523517481807150e-05j)
 (-2.270629717960604213e-02+2.882410238950848871e-02j), (1.086561243438175506e-01-9.484622000539308373e-02j), (-1.085557051214316310e-01+6.244180197488892470e-02j), (1.314914529177230174e-01+2.251717036525844318e-01j), (-6.128418911998185781e-01-1.213838162457635816e-01j), (-1.294625141839516325e-01-9.466731274005993346e-02j), (1.242933231919155362e-01-1.057190732613476208e-01j), (-7.323099202480934649e-05-9.086514276973901567e-05j)
 (-1.464665964300525258e-02+2.118126676706397551e-02j), (-6.113505079783898566e-02+5.584486146766649839e-02j), (1.601856971195289303e-01+3.795205974989659947e-02j), (3.252302454312484825e-02+1.264915360604327854e-01j), (1.593995186989602131e-01+7.838295104243169220e-01j), (-2.563921733862333796e-01+1.321865058488256583e-01j), (-1.302220368342498769e-01-8.849104576810745693e-02j), (-1.371790324698228872e-04-6.056915859901313630e-05j)
 (-3.463754046383206442e-02-3.305019045622074880e-02j), (3.377719709870334597e-02+1.335409383978181097e-01j), (-3.391686192222926471e-02-1.641350344023386268e-02j), (-4.351429720084634689e-02+7.849964383308163929e-02j), (2.340007268192886292e-01-6.611332164516493526e-01j), (3.179884280097562410e-01-8.993144516372365838e-02j), (-4.667058668350219930e-02+1.241011280594419702e-01j), (-1.821965230901101288e-04+9.703646774682502083e-06j)
 (3.431576475504884149e-02-9.990570501974480044e-04j), (-5.505429709261046300e-02-1.974133981728277143e-01j), (-3.858858756560952508e-03-1.400491754628682348e-02j), (-2.461410010985668473e-01+5.110972402555345739e-02j), (-5.194468536003762349e-01+5.509801821208548667e-02j), (-3.916376697103816223e-02-3.927960330370364184e-02j), (8.627013845888395482e-02+5.203792597238594136e-03j), (-1.860046310934415604e-04+1.051989960646399261e-04j)
 (-3.245011326489997266e-02+1.533688843809068864e-02j), (2.004617690633000299e-02+1.396452756568241915e-01j), (-7.480977980234709834e-02-6.984220529668182242e-02j), (-6.358980278083278814e-02-2.254544884403278104e-01j), (2.383820540073248451e-01+4.140004558416670588e-01j), (-1.746124844329303427e-01+1.828202113360970216e-01j), (-3.577289660575688757e-02-1.522094225770628285e-02j), (-1.374976924347187635e-04+2.004045056695318017e-04j)
 (-3.193240883525434726e-02-4.751993889722716524e-02j), (1.893591715266349507e-01-1.268510819209496265e-01j), (6.093926984098817223e-02+1.773318744235672095e-01j), (1.758998277906568264e-01-3.713122001014686202e-02j), (1.886291207703832129e-01-5.333661865637752131e-01j), (3.275724378600287090e-01-2.248611150716455787e-01j), (7.872712978513418669e-02+4.934003181671471616e-02j), (-4.098247116429327183e-05+2.666788982706739999e-04j)
 (8.014025494792348381e-02-9.194482599386785693e-02j), (-3.200308758261856124e-01+4.441808811487656106e-02j), (6.560627402918391138e-02-1.521255653103587291e-01j), (-4.424597182277683130e-03+7.733610406522029024e-02j), (-1.612196063080111597e-01+2.354691818443442886e-01j), (-1.478875329487923662e-01+4.569956091206674870e-02j), (2.242615029893020584e-02-1.394519049577493397e-01j), (8.426496966067249426e-05+2.809639248138436291e-04j)
 (1.294813488941299329e-01+1.308898014929157083e-01j), (1.374818930995408972e-01+2.673033653254006659e-01j), (-1.811055635780126627e-01-4.296588702013041938e-03j), (6.621070693123859430e-02-1.191390237349249925e-01j), (1.958702116950221117e-01+2.641822360238678113e-01j), (-2.677093350342369948e-01+1.591391494550381536e-01j), (-1.389804525119238132e-01+5.115835778439567147e-03j), (2.089602759713047057e-04+2.329764877765033249e-04j)
 (-1.425731955148704100e-01+1.152805087665119965e-01j), (1.085552990165419562e-01-2.762209357383183517e-01j), (1.837211841610957019e-01+1.193727649167324462e-01j), (1.502496617220420161e-01+1.387690106370970677e-01j), (-1.376810256635389584e-01-4.544949148597294264e-01j), (2.843780750082396391e-01-1.161124885916796079e-01j), (2.265943361477721144e-02+1.054841945874946535e-01j), (3.018132596648385188e-04+1.287697891408514468e-04j)
 (-1.031013946187460673e-01-1.012710989503057130e-01j), (-1.811297465080060065e-01-7.211831674948745996e-02j), (-2.533025008818784105e-02-1.037033392221080180e-01j), (-3.135072767829585882e-01+2.612176376560070290e-01j), (-2.832134307495414172e-01+7.266220729673167344e-02j), (-1.270033174881184113e-02+1.587973867015486651e-02j), (3.796393053263215356e-02-4.049803614110169397e-02j), (3.382389839867821742e-04-1.036370089036176950e-05j)
 (7.180073950621397583e-02-1.279550783866432451e-01j), (1.694695274887304121e-02+8.663108155959189927e-02j), (-1.327567911370625131e-01+6.432862011584389306e-02j), (-1.440153192620855782e-01-3.209085123402403150e-01j), (2.109627890806344552e-01+3.968791941364923637e-01j), (-9.188341948246613045e-02-2.525858924167524375e-03j), (-1.792873936727506015e-02+4.627038141755242251e-02j), (3.072739330574207660e-04-1.533214823046138812e-04j)
 (1.454249894217370387e-01+8.955593263386887881e-02j), (7.445253907213938982e-02+1.621436956442186550e-01j), (6.534051805020425763e-02-5.671776527507959437e-02j), (4.330864170386695688e-01-2.358994560695257536e-01j), (2.142676959753078425e-01-1.259543341430328922e-01j), (5.188988446494284534e-02-1.142147050239436523e-01j), (6.913650541130808569e-02-3.593741472116423336e-02j), (2.147395055447034085e-04-2.673940965911917591e-04j)
 (-1.011300925952468566e-01+1.203015746118020618e-01j), (1.113178513679233816e-01-1.514454030893031822e-01j), (4.043615617229051606e-02+1.890508206808047542e-02j), (-1.352608022459226428e-02+4.380633791652520093e-01j), (-6.948881682699122042e-02-3.819478656765229463e-01j), (-5.259144833529659502e-02+1.701978555972495644e-01j), (-4.430990576755178267e-02-3.561816151726086149e-02j), (8.178587411963595798e-05-3.269176358654599232e-04j)
 (-9.278082231176668082e-02-6.352010352277914773e-02j), (-2.134127670023479029e-01-1.276876734242001488e-01j), (2.240800292526972520e-02+2.594588475048245635e-02j), (-3.722608787441276101e-01+4.976702829822565732e-02j), (-1.610704892716311454e-01+4.154956510939586400e-02j), (4.011278455367614515e-02+1.332414935391317695e-02j), (-1.832728306611088390e-02+2.197346079823393056e-02j), (-6.073535212512073554e-05-3.199573588856789871e-04j)
 (2.189564588398222253e-02-9.863984418136022281e-02j), (7.757567285154395864e-02+2.470430738359218614e-01j), (-5.088215058964942056e-02-6.092625181951431823e-02j), (7.617251682519218803e-02-4.584776855446201504e-01j), (-1.214386046035295930e-01+3.948783739053733366e-01j), (9.117641567089995736e-02-1.043872531382772501e-01j), (2.324201565155959576e-02+1.732427261783735239e-03j), (-1.804570635557818637e-04-2.511940054160586005e-04j)
 (9.845401761148794839e-02+2.733674349764409969e-02j), (5.360616973394103507e-02-9.143973139323173516e-02j), (2.136643570808492709e-02+6.292704468333888690e-02j), (3.286960006905246257e-01+1.867253542812036260e-01j), (2.057784270431520235e-01+1.138795697221431369e-02j), (-1.112790300404365440e-01+1.415709753663842163e-02j), (-3.610000147909615820e-02-1.392983473303060875e-02j), (-2.519402513805529603e-04-1.402774769449699672e-04j)
 (-4.864842703609888186e-02+5.146699065330735678e-02j), (-5.753932514150245786e-02-2.947910663616486182e-02j), (-3.234443315432791732e-02-3.622190892517879873e-03j), (-8.858765883976518762e-02+2.893640818315117436e-01j), (2.156700916998632311e-01-3.728511197758419549e-01j), (-3.563521734565940763e-02-3.632896556430340040e-02j), (1.776940615516510794e-02+3.858943990609110114e-02j), (-2.630454482285980635e-04-1.619077632788820409e-05j)
 (4.558766954819819250e-03-3.407066085216770013e-02j), (5.266730625085211392e-02+1.458317094630256702e-02j), (-1.865577193988565696e-02+2.136001836502829897e-03j), (-2.820089258624835504e-01-1.846690726237610880e-01j), (-2.865849365980467356e-01+4.664292115452442489e-02j), (3.061737658961668010e-02+9.826381610584464243e-02j), (-1.489149077394748971e-03-1.424714000776051287e-02j), (-2.175271126473589899e-04+9.073258117394024250e-05j)
 (8.173881871425467405e-04+1.558098876477691762e-02j), (-4.804764785418506184e-02+1.536768431734215901e-02j), (7.841720042961787540e-02-6.190360490087720713e-02j), (8.299727491080685637e-02-1.673248777590627956e-01j), (-1.365545928635109874e-01+2.996843221114215972e-01j), (6.263214948341616628e-02+6.806328385434214090e-02j), (2.675530167345051974e-02+2.847301054981771565e-02j), (-1.332357252713622215e-04+1.568773919184248333e-04j)
 (3.854065748121193735e-04-6.385423180861613326e-03j), (1.448598830474637569e-02+7.954348913378067598e-04j), (-3.865994481584057035e-02+5.270269583736560126e-02j), (1.416270079690316597e-01+8.411043888484136255e-02j), (2.322132405913454600e-01-1.562010898360113309e-01j), (-1.543515540924633722e-02-2.385079774674429276e-01j), (3.276519223918566287e-02-6.161048786360857898e-02j), (-3.655114179777078692e-05+1.712709343623655331e-04j)
 (-3.553715302785835292e-03-6.205513941844726516e-03j), (-9.982148430139340528e-03-4.036288398066569666e-02j), (-1.015417599224757716e-03+8.026914703857830971e-03j), (4.844489689973287272e-02+8.473605870419789743e-02j), (3.780316428135506446e-02-2.250108029060324533e-01j), (-4.306718065808923940e-02+3.099120894554178995e-02j), (-8.190513755990699862e-02-3.075323250045812473e-02j), (4.529235340442886907e-05+1.377858346185208030e-04j)
 (3.357454141276600135e-02+4.147241701626419585e-03j), (1.181862154510101431e-03+8.721313866918475877e-02j), (-4.580049972149598247e-02-4.223470824281585351e-02j), (-1.054760209077894306e-01+3.721123222207067122e-02j), (-1.113339935522447144e-01+2.583743691074831816e-01j), (-1.832760568304009352e-02+2.472797908210774276e-01j), (-1.479475700710095043e-02+8.974187648011353047e-02j), (9.178102346616428154e-05+7.312732284741983854e-05j)
 (-2.245619647111094658e-02+5.004336927449640898e-02j), (3.493673647854197983e-02-4.186330384600265436e-02j), (6.818290921070978283e-02+6.210159270350218419e-02j), (-9.412090574013742827e-02-9.269088878110494367e-02j), (-8.011303871833380663e-04+9.280608108831386871e-02j), (9.706473701487576544e-02-1.325222527185064281e-01j), (6.881087639257446598e-02-1.908435638048456423e-02j), (9.447373579355190245e-05+1.307905726287677400e-06j)
 (-5.759605221635220873e-02-2.531449644227797696e-02j), (-7.227975555059523716e-02-1.061198911077245177e-01j), (2.258828760172187922e-02-5.966273807720576250e-02j), (1.233119296793855069e-01-5.726076594897865080e-02j), (-7.078571270032502083e-03-1.570475541027960276e-01j), (-5.387178540202840205e-03-1.054869613950539797e-01j), (-4.615565777399069369e-02-8.443044892616276276e-03j), (5.868988286693305060e-05-5.371460681446910991e-05j)
 (2.202999496669182794e-02-7.272361038597069394e-02j), (9.791995047877821018e-03+8.076021460795394791e-02j), (-1.059942608803141895e-01-1.137346025313769327e-02j), (3.888512168837503225e-02+1.446422987450153019e-01j), (1.223578059867153900e-01-9.331818304906790151e-02j), (-1.374025265354011927e-01+1.179558323035146544e-01j), (6.501215737859228350e-02+3.084969497193532778e-02j), (1.166246534399511961e-06-7.508115965851223591e-05j)
 (7.921053920499865342e-02+3.143874468048506177e-02j), (1.036459159495600746e-01+7.777005869784506253e-02j), (5.075142008538242877e-02+7.220324151808307778e-02j), (-1.371864188217770120e-01+8.228782089714933856e-03j), (-9.247868632160752278e-02+2.178079265844162088e-02j), (3.198153831063538927e-02+1.296355821376303161e-02j), (-2.269338008626856085e-02-9.837367835299046237e-02j), (-5.552793186700712819e-05-5.774449304396295137e-05j)
 (-3.579664197870159603e-02+5.708472174226730811e-02j), (-3.935081133356935906e-02-7.357903538298360413e-02j), (5.612143517016583705e-02-3.303222750162748689e-02j), (-1.244730910965829995e-02-1.800843095308073960e-01j), (-1.018560036626527249e-01+1.949480010733842805e-01j), (1.187453035987578315e-01-9.493845099940287358e-02j), (-7.655043680368478487e-02+6.594809152335993907e-02j), (-9.011867419699759387e-05-9.548471007949315250e-06j)
 (-2.667801657857572784e-02-1.418913612342362351e-02j), (-1.075730175491415169e-01-3.755813219262021940e-03j), (-5.118418488150451584e-02-5.117892904424523048e-02j), (1.761109142590751020e-01+3.323802200726715117e-02j), (1.668701091432856498e-01+4.427391442911876585e-03j), (-6.037074182016558682e-02-2.137464836504010535e-03j), (7.218789149183088560e-02+3.491612949546777506e-02j), (-8.918886678012396770e-05+5.156035912550434633e-05j)
 (-1.084975303637813332e-02-1.276619402381859447e-02j), (7.492771348615821780e-02+1.324097961136763701e-02j), (-3.623136273342284636e-02+5.459698227773998602e-02j), (-2.557150216499395889e-02+1.315048221195481704e-01j), (-4.156161030948039153e-02-2.439019281827995989e-01j), (-5.443211080262003870e-02+1.268083000103625846e-01j), (2.218608934150607948e-03-5.298968781111806914e-02j), (-5.126311578464319888e-05+1.033046604798833765e-04j)
 (-1.853833902444250448e-03-1.006411783259254095e-02j), (7.537059194100810544e-02-6.878036328331876836e-02j), (6.392599186638564523e-02+4.470153431413589201e-02j), (-1.146993711320486442e-01-1.702404473285210051e-02j), (-1.034552896356781132e-01+4.911221900492736964e-02j), (1.187777958537311607e-01-4.646981663296165244e-02j), (-2.424984388648078470e-02+1.383357451452702294e-02j), (1.275318224490432594e-05+1.260972432729174177e-04j)
 (-2.465003409296590009e-03-3.855553974785762283e-02j), (-1.390367162721387051e-01+1.071598757905096733e-01j), (6.793034153130747543e-04-6.899329721783822866e-02j), (3.153057813448686963e-02-1.566983271429887858e-02j), (2.050615629425175390e-01+1.450841315906372664e-01j), (-4.461405122459869560e-02-1.220186587829033553e-01j), (1.617327519458627849e-02-6.991182431555845178e-04j), (8.288215117449186696e-05+1.092327604385833731e-04j)
 (7.409997182169517083e-02-2.696531353258948410e-03j), (8.945904023214751311e-02+4.279192830945872938e-02j), (-5.129297199025237980e-02-1.516793435911835408e-02j), (-1.572349851116787434e-02-5.148531411673842872e-02j), (-8.844160488573454826e-02-4.746490140286175469e-02j), (-1.378468137374811442e-01+1.098786036802395644e-01j), (-1.904272325482134209e-02-1.417894648873212204e-02j), (1.361441748085493527e-04+5.442626480919014352e-05j)
 (3.801825288312004475e-03+7.828362245976655531e-02j), (3.059642051825647857e-02-2.050221474210764394e-01j), (2.976739600068716018e-02+1.579972676419656719e-02j), (1.030345119163339485e-02-4.028960248938553979e-02j), (-2.087259333531462924e-01-4.141866757124385012e-03j), (1.083651346649068398e-01+7.183720251515930688e-02j), (-5.506716837447606094e-03+3.079997578440669959e-02j), (1.536091429647034701e-04-2.435050889247035455e-05j)
 (-6.543969126073645448e-02+2.264401139559487838e-02j), (-1.056637098827499371e-01+1.403073335363609619e-01j), (-3.572428025808276758e-02+4.180253029377382218e-02j), (8.942858744752936462e-02+4.166896659865858971e-02j), (1.720204377301372267e-01-3.545782957877059716e-02j), (1.348446297885847467e-01-1.219129348589859801e-01j), (2.154974659837233242e-02-5.163815567170743082e-03j), (1.263627554182576317e-04-1.047130473591811504e-04j)
 (-3.650469120322161198e-02-6.123086148457135974e-02j), (3.899533648939479402e-02+7.709587873105977485e-02j), (4.793005326625284640e-02+1.495745010764999716e-02j), (-7.245281988672376550e-02+1.070272495254789430e-01j), (1.501167849833827117e-01-2.965492523209314196e-02j), (-1.836985045763271096e-01-3.476694372170474612e-02j), (4.101853480473201946e-03+3.149372543487571896e-03j), (5.862948300270893857e-05-1.623038154142868812e-04j)
 (5.444994745868862729e-02-2.224061893482767033e-02j), (-1.637301870423654021e-02-1.705167404759258820e-01j), (5.682800104305101713e-02-1.021246896183041764e-01j), (-6.189832960520491589e-02-8.401404202985079950e-02j), (-1.024767753582647295e-01+7.735291865793120225e-02j), (-5.630038719717042617e-02+9.399375795358340391e-02j), (1.756809368163064072e-02-2.888597686697075284e-02j), (-3.289830943414010422e-05-1.779907655226107372e-04j)
 (2.294868453421378823e-03+2.935745622031756680e-02j), (7.342605322793582801e-02+2.184790923745193181e-02j), (-1.151351952665677775e-01+2.524169550820408794e-02j), (1.121455765184154740e-01-8.102671014264251070e-02j), (-1.667076523690946832e-01-3.365490802888364275e-02j), (1.879015615835262221e-01+1.014272163202539767e-02j), (-5.179138642725429620e-02-1.778453092016853837e-02j), (-1.233966395291014246e-04-1.437556212228199523e-04j)
 (-8.061576195821392940e-03+3.077563829828992154e-03j), (1.553256793787252676e-02+8.560772049000581196e-02j), (-3.552392784551219873e-02+1.032794897600836925e-01j), (2.081691941598937112e-02+1.005750261330998763e-01j), (5.382360589510887250e-02+1.937131163186178728e-02j), (-2.449272911983071954e-02-5.251739073205174968e-02j), (2.306386331132226353e-03+6.932546120131356793e-02j), (-1.867375897042768086e-04-6.555600441735898263e-05j)
 (-4.634757397687445241e-03-1.087909133191172079e-02j), (-1.016828975161757076e-01+4.966935148068010730e-02j), (1.549489808184783546e-01-3.236785147117375583e-02j), (-1.398648506120367119e-01+6.308576472238125454e-02j), (1.621723159025214023e-01+2.660252691486859888e-02j), (-9.116647161789175058e-02-2.359794274540916170e-03j), (5.753655053560295662e-02-4.817014643001069768e-02j), (-2.029156136633105333e-04+3.771650001244548607e-05j)
 (1.186390047100593925e-02+1.852208476071436072e-02j), (-3.108761277817265883e-02-1.321200821291717287e-01j), (-2.805591275106341514e-02-1.417993248147664531e-01j), (1.414204915253899561e-02-1.332883968564878008e-01j), (-3.710402001515201997e-02-1.075118248036328050e-01j), (5.402685165285583957e-02+8.030719714701538281e-02j), (-8.204768514664154133e-02-4.139203840640870435e-03j), (-1.639884129016341645e-04+1.389720066347139476e-04j)
 (-4.439667840940361709e-02-1.501250223267686784e-02j), (4.743567259598392705e-02+1.715260806307097180e-02j), (-1.431564476234630234e-01+1.304911841024123387e-01j), (1.378902122956170984e-01+2.214067413218334668e-03j), (-8.947442255418254498e-02+2.642601134559045134e-02j), (-5.248269000828578723e-02-7.419927048677747716e-02j), (5.137571472174358445e-02+7.865233642886101939e-02j), (-7.683764228122804980e-05+2.101061752818845715e-04j)
 (4.248515476587981510e-02-4.371899983738201934e-02j), (1.363059660244953508e-01+2.703900894720245862e-02j), (1.251693695041702914e-01+4.942040171839907209e-02j), (-6.130642711641386133e-02+9.540806288483616449e-02j), (-1.418730123894929029e-05+8.871211666144415697e-02j), (-1.461541232109182797e-02-4.473299069912094195e-02j), (5.613482397782718070e-02-8.433579444451821949e-02j), (3.808354244600936959e-05+2.296916815132553824e-04j)
 (3.633905227001371641e-02+3.587294588870731937e-02j), (-9.876997114841978842e-02-3.718934447981153690e-02j), (-3.828073428082806595e-04-1.520918133798316307e-01j), (-1.045896948132235132e-01-4.409010008596210561e-02j), (-2.911396097304766450e-02-3.155916017361121151e-03j), (8.313701879516659232e-02+8.300152545471305154e-02j), (-9.520088858394526454e-02-1.816148289583634223e-02j), (1.517530647550145782e-04+1.890737531562778468e-04j)
 (-1.611194641198749472e-02+5.283694800484600718e-02j), (-6.803242662335395874e-02+1.061980291963510598e-01j), (-7.283113037384389421e-02+8.484978012603026920e-02j), (1.124861678960478589e-01-8.254933504362169105e-02j), (1.433417546212018556e-01-7.185585561313313774e-02j), (5.769370589233005497e-03+2.483885504344528206e-02j), (2.780579587731477065e-02+6.881512526353265879e-02j), (2.340408123319814957e-04+9.517963462785772972e-05j)
 (-7.453690116581029868e-02-2.147947808051396332e-02j), (4.622348125697386262e-02-2.942626255975108740e-02j), (4.749094868015519416e-02+2.505582483612295297e-02j), (6.091108768853942257e-02+1.229157415351670585e-01j), (3.505152625940438638e-02-1.600779230611192039e-02j), (9.733669829852999167e-03-1.245204187430574705e-01j), (1.391738929295835425e-02-5.130938332567857446e-02j), (2.616558401280694494e-04-3.077225401111372037e-05j)
 (4.012997721113419763e-02-6.810413309298610218e-02j), (4.355291978440044287e-02-8.420216669681929167e-02j), (2.266246557456189081e-02-3.292527257881913000e-02j), (-1.541109920670513667e-01+4.010507479255845387e-02j), (-2.226753147046621195e-01+6.528367364454037980e-02j), (-9.330613468354126416e-02+4.599970122684719775e-02j), (-4.724472364617564313e-02+4.037785678919203480e-02j), (2.244607799859207431e-04-1.583789009239115167e-04j)
 (4.792420383534877482e-02+3.776551808087935669e-02j), (4.077598198483536884e-03+8.366629450703558235e-03j), (-4.183572134252723507e-03-4.037133285723873422e-02j), (3.819321783237794588e-03-1.926708046508835981e-01j), (-4.551410253054558736e-02-3.698330980556235881e-02j), (-3.031026980608953619e-02+1.353091552825849142e-01j), (8.167120959758736309e-02+1.724176549554982951e-02j), (1.284582858486332791e-04-2.556673427763124376e-04j)
 (-2.154960025742341800e-02+4.701386525327046900e-02j), (-8.836957965893911526e-02+9.944681792940049392e-02j), (-7.379994069309657456e-02+3.937179791846881494e-02j), (1.650488676235890573e-01+5.097986925134397052e-02j), (2.240214265733177501e-01+6.363638448132413750e-02j), (1.249641922440179742e-01-7.974014007496046941e-02j), (-3.476835077548639380e-02-8.359161942766496489e-02j), (-5.367763867571102637e-06-2.972378212852735133e-04j)
 (-5.548205131197592177e-02-1.871417335536350660e-02j), (2.726929155529999454e-02-1.910270719778998927e-03j), (4.488348435257026592e-02+8.502050602597294171e-02j), (-2.437680753255663801e-02+2.192931454924945123e-01j), (1.455243573539203306e-01-4.060600128885093196e-02j), (-2.010105988053774440e-02-1.066498992364959819e-01j), (-3.899392171147131325e-02+6.577626465253676169e-02j), (-1.460803474828714535e-04-2.708134461252559430e-04j)
 (1.991104328258184314e-02-4.528199303217485261e-02j), (3.484549875571769234e-02-1.586168232062485639e-01j), (5.108957630196779565e-02-1.158788750339813656e-01j), (-2.087047429929792530e-01-1.155336425563403963e-01j), (-3.431229938156359349e-01-1.419518141188257920e-01j), (-6.791973359981470781e-02+4.643966443494061680e-02j), (6.146567587943510547e-02-9.693275255006600366e-03j), (-2.603960589163228619e-04-1.804949910394193762e-04j)
 (2.825279902204972521e-02+2.033095300402583405e-03j), (1.022190002008178597e-02+8.546641527930738669e-02j), (-5.781370793736183983e-02-3.135359449902393181e-02j), (2.773208784884942379e-02-1.736113990292245390e-01j), (-5.400970306548222299e-02+2.034628333485637430e-01j), (-2.469989566393215874e-03+2.570025503017560331e-02j), (-5.731817874445937350e-02-4.781806010362075338e-02j), (-3.209130507883741932e-04-4.588553233758473776e-05j)
 (1.840782883366352471e-02+3.115630552249747803e-02j), (-1.965388873122816960e-02+8.303282434147474245e-02j), (-1.680515519564829141e-02+7.967448103624971689e-02j), (1.871492211293850627e-01+6.310469269282439897e-02j), (3.825077664778784303e-01-1.685075220069852386e-02j), (1.161019505465318846e-01+6.106025274566057037e-02j), (-3.247383924972247621e-03+1.117494562341186659e-01j), (-3.128559409583132325e-04+1.026737980644219995e-04j)
 (-3.859934496782645164e-02+1.286704142341835860e-02j), (-1.836928632350345522e-02-4.798303504350105025e-02j), (3.245028111398895465e-02+3.749770019609284522e-02j), (-2.884049811348610159e-02+9.095751904731062820e-02j), (-2.026975911788077012e-01-1.286329965499261041e-01j), (-2.402055775869306464e-02-1.016544972429318100e-02j), (1.182732924390486051e-01-7.436417731488939586e-02j), (-2.376380005352875843e-04+2.315158018665880847e-04j)
 (1.991953212756650271e-03-2.028682314805852621e-02j), (-8.303469110084619326e-03-8.251475366969088232e-02j), (4.558076357729604067e-02-8.725538777531280377e-02j), (-3.627865515515824729e-02-1.086418495763834952e-02j), (-8.791799889866350193e-02+1.696343737776048743e-01j), (-1.408455237255917258e-01-7.650769987604956468e-02j), (-1.141794865311177298e-01-6.636349836455721074e-02j), (-1.123809844596560388e-04+3.118041713537784412e-04j)
 (-7.323857188991355141e-03-7.410509947746484610e-03j), (2.850321080539705218e-02+5.883984569272044524e-02j), (-8.645518350788161666e-02-2.704108368699111378e-03j), (4.901677991960257108e-03+2.232468703320854286e-03j), (1.563472495860542266e-01-1.550005789955699875e-01j), (5.391382761716580901e-02+1.910769703162916444e-02j), (-1.814021064760643759e-02+1.006875693531385368e-01j), (3.442010080443599847e-05+3.263759301680925116e-04j)
 (2.810888663072116239e-02-6.267766399862527774e-03j), (4.999991383238291953e-02+9.461813143699079887e-03j), (3.250150791328838135e-02+9.943123227475005044e-02j), (-5.861638864694596052e-02+1.890710755939468968e-02j), (-1.471390424146564180e-01+1.557503794096332106e-02j), (9.890553829820664111e-02+1.970503487871502757e-02j), (7.257218832980741330e-02-1.539739609253204522e-02j), (1.699241584137583020e-04+2.735877392981326357e-04j)
 (-1.527442676372726960e-02+2.431594061975136251e-02j), (-6.512839502150272186e-02+2.644487143835162757e-02j), (3.864851118714025813e-02-7.514297998843680326e-02j), (2.741117617045742832e-02-2.802749769051170181e-02j), (1.375058617578749087e-01+9.307187940686012517e-02j), (-9.624491261922840657e-02-3.778448640354151178e-02j), (-4.282119753470455675e-02-2.649778107594275359e-02j), (2.648474773106323913e-04+1.672851056413982799e-04j)
 (-5.185134797156969871e-03-1.965182751841818357e-02j), (1.141375229862061358e-02-3.439745566389491860e-02j), (-5.508847371522324066e-02-9.508210403043303172e-03j), (-7.731176074693590916e-03+8.943446832717652506e-03j), (-4.014479809998403037e-02-1.262494795336040754e-01j), (2.716372648685443439e-02+4.728778335774624919e-02j), (2.404638732756272587e-02+3.875961178675622898e-02j), (3.002591655617565646e-04+3.301727297084011757e-05j)
 (7.556429135130635771e-03-8.678352429182467631e-03j), (-2.755304888165496097e-02-3.612049274881100336e-02j), (2.485065100313918821e-02+2.130081750378861813e-02j), (-5.739095357606041614e-02-3.015790831570372421e-02j), (-1.157220212464280945e-01+2.143973200542409197e-01j), (5.852560583941027877e-02+3.028950063642363300e-02j), (2.044930211617356289e-02-4.102061600769526389e-02j), (2.716279435771148595e-04-9.843887416330067376e-05j)
 (3.250563052912291973e-02+9.909282829835362044e-03j), (5.003044172029794817e-02+9.570570781946448335e-02j), (-3.316510240357600087e-02+7.351232497983108821e-03j), (6.166796831002721579e-02-8.595459060137757012e-02j), (2.374851873684435399e-01-1.594107266852372307e-01j), (-8.460280997651509205e-02-5.479356962120657260e-02j), (-4.086027253483172361e-02-1.764933580401895075e-02j), (1.892297289149371580e-04-1.985462044675446406e-04j)
 (-2.452752324655020286e-02+4.079867043257702497e-02j), (1.113916077979740238e-04-3.963091963494133618e-02j), (6.349982996761610599e-02+2.849098048193986557e-02j), (9.462841940052943435e-02+4.818175548659869856e-02j), (-2.035324950738669203e-01-1.292846009148232445e-01j), (3.013494251625059572e-02-3.670483308265319600e-02j), (-1.113244099058571628e-02+3.862395429272574149e-02j), (7.497316764585595320e-05-2.475871608798893390e-04j)
 (-2.965772330701509779e-02-1.967706016081057635e-02j), (-9.456921285134818611e-02-6.316002750014956812e-02j), (4.549966341614253285e-03-9.296725620762308351e-02j), (-2.231933626873833232e-02+1.123236229245836437e-01j), (1.598330899958921858e-03+3.060394286036774991e-01j), (3.056336482419014233e-03+5.910270351928335192e-02j), (1.562057774549854491e-02+3.163077784358564459e-03j), (-4.340648194675456972e-05-2.387829953822572415e-04j)
 (-6.200584166403490249e-03-2.830235359179363031e-02j), (5.797551874107518405e-02+2.797869833914032323e-02j), (-1.106536573035990512e-01+6.150147876192699203e-02j), (-7.795015637354771321e-02-6.163021444114402669e-03j), (1.410696782711280961e-01-1.692435488886211703e-01j), (-2.770916283037562836e-02+3.703960565816180606e-02j), (1.663035362425116168e-02+1.062869884605289333e-02j), (-1.392235480440344485e-04-1.790705987928399698e-04j)
 (4.054858764610523580e-02-2.335766055088270982e-02j), (9.138755968454628786e-02+4.630828752221595457e-02j), (8.355669358455523887e-02+3.133675854730286897e-02j), (9.004750267775141204e-03-5.082826909091278655e-02j), (-1.559354011836267262e-01-6.548376913257272780e-02j), (5.081763223704020838e-02-7.442270945776249813e-02j), (1.653215412079270946e-02-3.457278203875985972e-02j), (-1.930417465991068893e-04-8.653593048556825883e-05j)
 (2.522587754767022586e-02+4.001475168532311888e-02j), (-7.192628285671265331e-02-6.563505790905801995e-02j), (1.274230125713597672e-02-6.213856050572496431e-02j), (-2.136458398539251013e-02-8.084874344491010945e-03j), (1.494046588432740574e-01+1.435690638136792319e-01j), (-7.204569263274743229e-03-2.878630947107300997e-02j), (-4.410407449572466276e-02-1.374844501249829209e-02j), (-1.967188558681646658e-04+1.466244263645415840e-05j)
 (-2.218852469164772634e-02+3.281927181525280679e-02j), (-7.449695129486560985e-02+5.408938779907440653e-02j), (-2.022835074490140009e-02+3.335072013500377242e-02j), (-2.023605639732195538e-03+9.050923372556529678e-03j), (-6.717570098997384387e-02-9.928099949096846899e-02j), (-3.118643245050256585e-02+7.958702610416738821e-02j), (-3.418140006731781866e-03+5.097941880689681876e-02j), (-1.544451744491928463e-04+1.004701922869617357e-04j)
 (-4.722704355426139006e-02-1.114111390136533070e-02j), (1.198776428268711058e-01+2.295388659141445187e-02j), (-2.321529334761013308e-03-6.381547777210019867e-03j), (4.378196848268745001e-02-3.086444246166694660e-02j), (-5.922558802893967966e-02+7.096114328752228806e-02j), (4.672313712976411404e-03+7.835718748778232323e-03j), (4.336300103732677880e-02-1.363029441367689942e-02j), (-8.073053697676223065e-05+1.526211757079450212e-04j)
 (1.350516318351231704e-02-4.642077756182003828e-02j), (-5.266938748149314897e-02-7.063997416971481980e-02j), (-1.763805760285785951e-03-6.374015184777516441e-03j), (-3.003129541062615759e-02+3.838626335786188282e-02j), (9.790431025950224742e-02-8.311899922635491988e-02j), (5.482547427173800614e-03-5.006811909160439195e-02j), (-1.723938975258765272e-02-2.239500705081699100e-02j), (3.939317763255030481e-06+1.624676939486380158e-04j)
 (2.986106796674572669e-02+1.072581460283048016e-02j), (-2.312300186512616929e-02+2.437564953880700172e-02j), (-2.013224954708695350e-02+1.444766974457981079e-02j), (-1.855588726391629861e-02-3.969834007737311349e-02j), (-1.289768607883699236e-01+7.331510128408202931e-02j), (2.187119565381000219e-02+8.431186079406564893e-03j), (-6.059719882876435024e-03+7.320539461192432373e-03j), (7.852501209876282598e-05+1.321590643594499183e-04j)
 (1.600141205103060640e-03+2.205541467740726458e-02j), (2.784170392531336302e-02-1.099688970343960792e-02j), (3.077509344268998873e-02+8.861896506345723346e-03j), (6.511594171477408377e-02-6.011139109386744173e-02j), (1.881088563486046084e-01+6.439775570621855683e-02j), (-3.242083510066551266e-02+2.314369371790099550e-02j), (-6.265629551713447487e-03-5.054974549581394555e-03j), (1.265076623776397846e-04+7.309657652495880138e-05j)
 (-2.985465129847113958e-02+7.325740166098118622e-03j), (1.355195558948227991e-02+6.095299412765661784e-02j), (8.872457431752245327e-05-4.504134655865926762e-02j), (7.293358848068734468e-02+8.515614158048714910e-02j), (-7.007647127901692197e-02-2.512380664700299415e-01j), (6.850301171729994421e-03-2.340744663255456270e-02j), (-8.214059066537496984e-03+2.278600895896518846e-02j), (1.393903857075875379e-04+2.283194812279228472e-06j)
 (-3.426122313307078393e-03-3.518504285194854614e-02j), (1.088140666417884359e-02-7.697781369470631241e-02j), (-1.996500058589418397e-02+3.723136717010976093e-02j), (-7.808193451795723827e-02+1.180392779099367490e-01j), (-2.060736442386103540e-01+2.263640844709272626e-01j), (2.279400423667899550e-02-2.507855138813303020e-02j), (2.803405172254679750e-02+2.277952333735906720e-04j), (1.179022700818363413e-04-6.233542061946130419e-05j)
 (3.083026886809403511e-02-3.291222993658332596e-03j), (-5.391685894015561809e-02+3.218070896058129737e-02j), (4.246128188564231992e-02-1.129577991557373026e-02j), (-8.542758190312058075e-02-8.367639344214500285e-02j), (2.705626291877544221e-01+1.404792465258086764e-02j), (-3.461675204275285744e-02+7.123286336503538430e-02j), (-1.928667502779143200e-03-1.639364400694325041e-02j), (7.082449093087848078e-05-1.062840891253329691e-04j)
 (7.046996307882413824e-03+2.760406182398502176e-02j), (3.800432378236426323e-02+4.413680561047143847e-02j), (-7.900164682361637825e-02-1.289967975706437717e-02j), (1.366554276121932643e-02-6.815463040525999994e-02j), (-8.593876192435803696e-02-2.015544931245213389e-01j), (2.026282146213442825e-02-3.421208470053594547e-02j), (-4.402195322880692041e-03-4.753456685202862853e-03j), (1.196843231021982638e-05-1.216492523158160409e-04j)
 (-2.653452271460724973e-02+2.745262576014543404e-03j), (-4.316939253022780004e-02-3.239042446698600641e-02j), (5.875378501103235840e-02+6.839685337894223227e-02j), (5.381702305756307092e-02+3.321518813944705772e-02j), (-3.156110000949302608e-02+2.029741543851897034e-01j), (2.845828275014494757e-02-3.689270592016701683e-02j), (-8.931346735448444929e-03-7.224789580845700221e-03j), (-4.374529418882546318e-05-1.082120412605062150e-04j)
 (4.998795686454372833e-03-1.749068199711636962e-02j), (2.420103676757895395e-02-3.521988964668323896e-02j), (2.402039599450959267e-02-9.425105607565639754e-02j), (-4.419000755271085268e-02-1.032738726810959740e-02j), (8.652338813678717155e-02-1.343720760414857107e-01j), (-4.574797105772968053e-02+6.156387403114523676e-02j), (-2.094862991966234267e-02+1.869424196875846267e-02j), (-8.402379983284195787e-05-7.255142107714704467e-05j)
 (4.281496902467429866e-03+3.255370285844064182e-04j), (1.370995640403965821e-03-1.196567978841961422e-02j), (-8.439317468956930579e-02+3.214875630235042303e-02j), (2.967686809461165393e-02-5.414854625682935518e-02j), (-1.739846024110081046e-01+5.109635346351687479e-02j), (2.376807233998011470e-02-1.409093377833115987e-02j), (3.531590523819176652e-02+1.985821995947383012e-02j), (-1.018323851553666354e-04-2.557405577787261213e-05j)
 (1.263583821886850658e-02+2.480129743928430330e-04j), (2.040279046631843229e-02+6.466698765748374322e-02j), (7.599948144937669625e-02+4.255755554963748521e-02j), (8.227840683766265983e-02+3.546298569094701036e-02j), (1.329589212817042787e-01+1.241703999139376069e-01j), (-2.728077890696603558e-02-6.134426631819850373e-02j), (2.461280941499863900e-03-4.070313112601685324e-02j), (-9.638200370281108814e-05+2.071635890641833114e-05j)
 (-1.545369781781470719e-03+1.487110353445170521e-02j), (1.660798332726390325e-02-6.002605213504502712e-02j), (-4.317115752146578889e-02-7.286465880565949627e-02j), (-5.229292912726920400e-02+9.413402061188069769e-02j), (1.078712668413894793e-02-2.124358434285247843e-01j), (-6.060933530452783380e-03+6.923228723126245709e-02j), (-3.189739528093563092e-02+1.523351815460341138e-02j), (-7.242422306996703545e-05+5.629222568097452784e-05j)
 (-5.583534611653400911e-03+6.315148165756387377e-03j), (-6.520600243631460846e-02+4.972135406387298562e-02j), (1.702720935598960733e-02+5.784975346244500966e-02j), (-5.358873388077114996e-02-4.076083447461455178e-02j), (-7.151918622515812674e-02+6.158992841144794728e-02j), (6.716030973126291270e-02-1.231580343807724132e-02j), (2.767883064386140318e-02+1.604460975825929697e-02j), (-3.825195483423995778e-05+7.524857252052459555e-05j)
 (-1.996250763523119490e-02-1.112520573825047029e-03j), (6.310663107772562785e-02-5.304699224562919868e-03j), (1.237962302354804478e-02-3.599635055267243894e-02j), (4.597555171881492070e-02-6.354656523246499100e-02j), (7.769248596545846874e-02+2.584034132891127600e-02j), (-2.822471277957938618e-02-4.135794662958458545e-02j), (-3.798730492989888657e-03-3.043061167082610277e-02j), (-3.096095298464058415e-06+7.659128770577134239e-05j)
 (5.080269195878232141e-03-2.447420947536833175e-02j), (-2.043018533346954713e-02-3.040528900431651443e-02j), (-3.960343998066019611e-02+4.906670023696759614e-02j), (2.025913541697734604e-02+6.928476791005996893e-02j), (-1.171013501074994467e-01+3.717684601938176653e-02j), (-3.784139655794870050e-02+4.788853747214638634e-02j), (-2.064948150531671633e-02+1.654311494095463131e-02j), (2.531868476029558584e-05+6.364991320224158190e-05j)
 (2.226610136276093235e-02+7.493387253901468217e-03j), (1.687767787323432578e-02+4.003729330344555498e-02j), (7.213122731510394903e-02-4.252751118578661227e-02j), (-7.657282881508942207e-02+4.166000731844007876e-02j), (1.253194052410404324e-01+4.070498050311818078e-02j), (1.218080297237150375e-02-1.545822938393165424e-02j), (1.592860826860094392e-02+9.215633430242273216e-03j), (4.243788027744026931e-05+4.246795570285103035e-05j)
 (-8.480332793774237460e-03+2.722121119181646065e-02j), (-7.503982208311185675e-02-5.627318306967964145e-03j), (-8.486469365381206498e-02-4.382152347264972603e-02j), (-4.792941917575628541e-02-1.039401804162574661e-01j), (3.963657256720107269e-02-1.997244947834705409e-01j), (9.387326831412336203e-03+8.250264240172000552e-03j), (1.157200208937954333e-03-9.857887153511823985e-03j), (4.743408958181697407e-05+1.975229757696209164e-05j)
 (-3.556891693076922462e-02-1.569627332603479308e-02j), (2.707577029178107053e-03+1.416246064865933629e-02j), (1.214557278560136899e-02+1.320695104857173563e-01j), (1.155701188707989879e-01-5.475720209007856054e-02j), (-2.312166856916310631e-01+1.566352959823217872e-01j), (3.308996783463294400e-02+1.935650241204189825e-02j), (9.666657559282143541e-04+6.919704011786459441e-03j), (4.267779408513187661e-05+1.002926308231197956e-06j)
 (2.328836320337341476e-02-3.088587762037245388e-02j), (9.925647109534724288e-02-1.106147805028108722e-01j), (7.452896785695792281e-02-8.569700713500774669e-02j), (4.976999754100443207e-02+7.610578623727862202e-02j), (1.444056233257727528e-01+5.971573020061458903e-02j), (-2.750502390058850999e-02-8.143493153830116960e-02j), (6.834940097604547127e-03-1.708005100978469970e-02j), (3.243989420033234288e-05-1.069432976744909552e-05j)
 (1.427662667729931445e-02+1.972183118356247988e-02j), (-5.290084188317878411e-02+9.703312751445065942e-02j), (-4.651511909023986480e-02-3.187288252804082456e-02j), (-6.774465582168917588e-02+4.801629625475169194e-02j), (4.264308247672683044e-02-1.922624013356597494e-01j), (-4.207811402141983098e-02+4.147888597763435548e-02j), (-2.303120362076386055e-02+5.746474371961761418e-03j), (2.131226723445386016e-05-1.498566005214731754e-05j)
 (-1.159902662160559872e-02+3.628764682718367551e-03j), (2.914737705079126218e-02+1.284671717135650593e-02j), (-2.198324782003948166e-02+3.593693307575707152e-02j), (-2.105162522265020819e-02-2.922533567171962943e-02j), (-6.161669522654243669e-02+1.241149962789308836e-01j), (5.194320696768801870e-02+5.653870767722474905e-02j), (1.519321820667119891e-02+1.038208859427050545e-02j), (1.283958407683675855e-05-1.373766760378371818e-05j)
 (-5.823395906991237631e-03-1.485612977516932720e-02j), (-1.126306197103257439e-01-4.959779249563044112e-02j), (3.769176206411262164e-06+4.509694693778615315e-02j), (3.751793798219008047e-02+2.061382485456449143e-02j), (6.851858932958249104e-02-4.443521171299813499e-04j), (8.486921750185949520e-04-7.028550259535260025e-02j), (-6.914819287587734009e-03-1.172848103601684122e-02j), (8.719083558567734793e-06-9.985904234425949447e-06j)
 (2.699086148777497460e-02-1.205899755500555032e-02j), (1.353726914537773940e-01+4.373460706166878986e-02j), (5.309237915265993535e-02-4.582174583498208054e-02j), (-5.388530924056442184e-02-1.363656211608776925e-03j), (-9.809623393441946337e-02-8.491284143860899913e-02j), (-1.756567066898487295e-03+3.037637576978545473e-02j), (-4.830317478549728261e-03+1.826681410776151426e-02j), (8.703024527665354621e-06-6.745777579189029746e-06j)
 (1.631507275300034254e-02+3.100219750750141112e-02j), (-2.565496923256541106e-02-1.036118830881770092e-01j), (-3.620493221680601281e-02-3.949202184735267629e-02j), (-1.197467295950144228e-02-8.146135167526447063e-02j), (2.216838224082456899e-02+1.006868853390893159e-01j), (-8.199615915119820575e-03-4.977116051780999806e-04j), (2.702957125799117927e-02-5.868093844462879405e-04j), (1.110803621218436335e-05-6.064992668151848905e-06j)
 (-2.211773990569349674e-02+1.810825698236103592e-02j), (-6.031761456062995075e-02+1.408699318496841324e-01j), (-1.194174957426508143e-02+8.124658939985307526e-02j), (7.998924849062427622e-02+3.496874396610910596e-02j), (5.853793260261463960e-02+2.418700639497356475e-02j), (-5.864252324903387187e-02-3.079124193449836455e-02j), (-9.397316404458781747e-03-2.886101499026869771e-02j), (1.366727446293748791e-05-8.562296652951705347e-06j)
 (-1.292467768736840772e-02-9.774348274849312124e-03j), (9.432249016651170215e-02-6.114744729835953907e-02j), (4.950923629370504453e-02-3.459764652120511652e-02j), (-8.046078796021927104e-03+7.653281208769924238e-02j), (-4.423693175760068375e-02-5.406011183847814205e-02j), (7.576562077446641341e-02+7.624256438157306359e-02j), (-1.349413758331273472e-02+1.357533322883398841e-02j), (1.439875199930190641e-05-1.350719597787247120e-05j)
 (-1.509964423948108314e-03+8.154199544319479243e-04j), (-1.255660787928449262e-01+8.980829230196205049e-03j), (-6.370875596545022557e-02-3.416996712606720776e-02j), (-9.644584809547473991e-02-5.830643287148462584e-02j), (-8.953732377912970719e-03-1.125501342550008221e-01j), (3.907065193072090797e-02-4.945188577760448873e-02j), (-8.422294864335461151e-04-8.533519630758726326e-03j), (1.221221296558640691e-05-1.931603374601001746e-05j)
 (-1.188833639800772335e-02-1.420000749365356307e-02j), (7.246733309041855642e-02-3.320345309898414810e-03j), (1.221021973593330867e-02+6.498728584461749280e-02j), (6.366108200341126511e-02-5.777786005003637815e-02j), (-5.798363141970297452e-03+6.075817847818809625e-02j), (-1.252739383178780030e-01-9.171465911041704056e-02j), (-1.628775535274165631e-02+2.337143842234640223e-02j), (7.107417506619891426e-06-2.422686829515021192e-05j)
 (2.654063163700024278e-02-1.065394008748565130e-02j), (-2.099746233133767404e-02-3.405584449527179758e-02j), (4.260164891436304946e-02-3.745387429733756934e-02j), (6.952035919669785624e-02+6.172477080337450406e-02j), (8.332539787431454681e-02+1.549705601807307709e-01j), (4.667652859693111056e-02+1.417533002856238566e-01j), (3.208196711827163150e-02+1.281732325619025503e-02j), (-2.408120665267458882e-08-2.689696149324460883e-05j)
 (5.256046851291419630e-03+3.562517653441896193e-02j), (8.446703742365892220e-02+5.329462859327480095e-02j), (-1.778960008100176349e-02-1.342207006476101028e-02j), (-8.045212556151709604e-02+2.765570515790810591e-02j), (-5.864728006357147749e-02-9.063642755164408316e-02j), (8.373299563755234876e-02+9.759813490225121776e-03j), (1.284622189129704106e-02-2.920673357182781982e-02j), (-7.849926193959457562e-06-2.673646534788541151e-05j)
 (-4.451645025344370954e-02+7.761444758988904000e-03j), (-1.152111492885921212e-01-8.109722723625971408e-02j), (-2.501823144177794944e-02+1.334540651916936438e-02j), (1.760402433625060659e-02-5.169946862536539678e-02j), (-7.733820267992436159e-02-2.299740086218555329e-02j), (-6.672916950836715877e-02-1.302155143374392754e-01j), (-2.733566653728844442e-02-1.023543571548629627e-02j), (-1.509389492228789932e-05-2.391543024557159572e-05j)
 (-1.415912668286654214e-02-5.296881210445249233e-02j), (-4.076098084488138928e-03+1.300946296549258807e-01j), (8.465019259811468189e-03+1.359751635374850665e-02j), (3.391061185746430812e-02+5.979771069093211405e-02j), (1.551235555203015481e-01-3.999787323476261536e-02j), (-4.031551655519426819e-02+6.291972876815521420e-02j), (5.857652243195302089e-03+1.866531359814492530e-02j), (-2.089096643205571842e-05-1.910927161613150578e-05j)
 (5.174691493446546137e-02-1.360056559649011620e-02j), (1.281233972057709836e-01-1.169530723727842531e-01j), (2.609845896891704875e-02+4.203466473177552148e-04j), (-1.083819465345800120e-01+3.308505662980222584e-02j), (-8.767143027546217549e-02-6.486438962228077698e-02j), (4.721533331004371115e-02+7.557000408003600178e-02j), (-8.116304018378414642e-03-2.266034337814160082e-02j), (-2.489750629449977593e-05-1.313436878682392762e-05j)
 (6.720425513577168997e-03+3.939333366073059783e-02j), (-1.042628374642537159e-01+5.359349344983152519e-02j), (4.371731514158955223e-03-1.879404326694896279e-02j), (3.184177514399866293e-03-1.601665082965416653e-01j), (-8.349721633988527181e-02+2.151091462107665997e-01j), (4.230526271910853287e-03-1.153085307211993982e-01j), (-2.051074085717213835e-02+4.068780142350480328e-02j), (-2.716613308269581403e-05-6.643469479752841123e-06j)
 (-3.156725179636101636e-02+0.000000000000000000e+00j), (5.089226362430018802e-02+0.000000000000000000e+00j), (-4.313058050361248674e-02+0.000000000000000000e+00j), (1.352594537968886956e-01+0.000000000000000000e+00j), (1.828773087893545424e-01+0.000000000000000000e+00j), (-1.884774041418263435e-02+0.000000000000000000e+00j), (5.513711062787274297e-02+0.000000000000000000e+00j), (-2.789024804804264221e-05+0.000000000000000000e+00j)
