 (-7.393788719469944759e-01+0.000000000000000000e+00j), (4.336529026468768366e-01+0.000000000000000000e+00j), (1.058749216493873213e+00+0.000000000000000000e+00j), (-4.023886675371540211e-01+0.000000000000000000e+00j), (1.876347130138654951e+00+0.000000000000000000e+00j), (1.028413528578389968e+00+0.000000000000000000e+00j), (-2.914701455261614615e-01+0.000000000000000000e+00j), (-1.220033117244323766e-03+0.000000000000000000e+00j)
 (3.802327835856916805e-01-4.977962466964562793e-01j), (-2.177174034272865155e-01+9.705490317304095171e-01j), (-6.367643658261028516e-01-7.330834102755108272e-01j), (3.457498192182990038e-01+3.876203772739461595e-01j), (-1.348883162149649539e+00+5.361749165133112838e-01j), (-6.265781399009756614e-01-5.078259998120764340e-01j), (2.599555728653457631e-01+1.335378886729284009e-01j), (-1.123848826248165580e-03+4.763482672632041626e-04j)
 (7.119647246187649214e-02+3.533550165573745572e-01j), (-7.450322431404560186e-02-2.463537500211329667e-01j), (3.250669755302208752e-02+1.315217994433890425e-01j), (-2.212737387569614356e-01-2.641592463289245685e-01j), (9.492216897042100587e-01-6.167535097430447699e-01j), (6.905810281225477354e-02+3.066190603191664144e-01j), (-9.780323049870666419e-02-2.444132865200961402e-01j), (-8.503397700376163311e-04+8.781049456380487627e-04j)
 (-6.633441729417478838e-02-8.659367363946422758e-02j), (1.744137881539415888e-03-3.421167228348644951e-01j), (-3.773354117280818681e-02+1.939736603798605796e-01j), (1.044824667149847272e-03-3.079286169011241636e-01j), (-1.127870685292292174e+00+6.547887163656775922e-01j), (1.522520173820818834e-01-1.824983453694437596e-01j), (-1.330547459144436340e-01+1.649648393294329551e-01j), (-4.423096946101522705e-04+1.142319941420517210e-03j)
 (-2.446577703851850888e-02+7.247756568264157595e-02j), (1.510946501670901165e-01+9.456845214535637700e-02j), (4.168564504690895345e-01+1.709653440847871964e-01j), (-5.945213303828664891e-03+4.317056120707308819e-01j), (9.208791065969783585e-01-2.192551770154899660e-01j), (6.727761645531343815e-02-2.532885726972498031e-01j), (1.675038602419489375e-01+8.944068106912821114e-02j), (3.631609542963936559e-05+1.227551464735838257e-03j)
 (1.103767585608012892e-02-9.364529544399269323e-02j), (1.206380243703696759e-02+9.263126641859423249e-02j), (-3.717433429004954881e-01-1.318533976536079289e-01j), (2.486666839665358231e-01-5.133557306059065295e-02j), (-8.366405488745453090e-01-4.681479987728210945e-01j), (-3.675104190366262902e-01+5.444002429320180525e-01j), (7.404825252972174754e-02-1.569025853291168282e-01j), (5.104510449228537219e-04+1.120435784945482665e-03j)
 (2.704892425279584872e-02+8.947014250453408368e-02j), (-1.244536029978038361e-01+6.635380683548983138e-02j), (-2.284020232691470476e-01-1.382629728257063761e-01j), (-8.316019134225212384e-02-4.232630106343094889e-01j), (1.133391533064806778e+00+7.545177777082313630e-01j), (1.771515179390587558e-01-1.062214587235051771e-01j), (-1.365839065743862657e-01-1.038078438763146288e-01j), (9.056291981642084843e-04+8.379124560833495911e-04j)
 (-7.633765597204783537e-02-2.137010346046715886e-02j), (-8.194584454650438374e-03-4.551572065846593018e-02j), (4.577980572416260330e-01+3.876478829558231004e-02j), (-9.535955418127715216e-03+2.009192251266321005e-01j), (-8.464542682411282382e-01-1.049185551409479000e+00j), (6.968134172752658839e-02-3.187839905240223981e-01j), (-1.148893958490738582e-01+1.777810195934604598e-01j), (1.159802877323929358e-03+4.246969544190497747e-04j)
 (4.933826801903443485e-03-7.917521334596239191e-02j), (1.651115899523413200e-01-8.649302475873797691e-02j), (-1.852548819456165674e-01+5.115087019404217228e-02j), (8.747068127833117213e-02+3.883807723372014742e-01j), (1.050978513097997197e-01+1.456464279089043412e+00j), (-6.610196795603885678e-02+1.438348153165056043e-01j), (1.751570328285629863e-01+2.019810594822704294e-02j), (1.233303636583702248e-03-5.368606014107076045e-05j)
 (1.118365472999814647e-01+2.338093570314652564e-02j), (-1.919015640930137878e-01+5.196751126181951841e-02j), (1.457950379295380738e-01+8.775024187012457622e-02j), (-7.292316356059114213e-02-3.436580652426365345e-01j), (3.172673351809687237e-01-1.406532008859478378e+00j), (1.589084561346499475e-02+2.600337393900444827e-01j), (-1.416403225929976223e-02-5.166154843341945468e-02j), (1.115346805496455476e-03-5.212929072759009148e-04j)
 (-7.331968435290521502e-02+8.100871721184313423e-02j), (-3.292348322919760872e-02+2.643076589925695552e-02j), (-4.835365697855970035e-02-1.998494423089633432e-01j), (-6.794140567044500145e-02+2.064202978725679094e-01j), (-7.286503214057987732e-01+1.160061415673984353e+00j), (4.071589815451946703e-02-3.276848398118051287e-01j), (-3.833443744738408709e-03-8.130887741971060123e-02j), (8.259554881684706695e-04-9.039814020007249078e-04j)
 (-1.404014202356196166e-02-5.784263355189207811e-02j), (5.259758584668279557e-02-1.421583350383813227e-01j), (-2.701503692299487280e-01+2.691189529798655999e-01j), (2.680352034753947787e-01+1.407235320712089677e-01j), (1.321619234580902136e+00-1.026067898172396076e+00j), (-1.761755811252287418e-01+5.117853099284531970e-02j), (-1.114439166143570970e-01+6.697892170695643466e-02j), (4.128794519223809214e-04-1.141516086447953368e-03j)
 (7.632624702538504113e-03-2.347182888116261523e-02j), (1.938536679451568490e-01+8.879911273015966833e-02j), (2.249927090211878700e-01-1.208355289167311886e-01j), (-3.835118848632614874e-01-1.091109427228637019e-01j), (-1.610547232478614532e+00+4.804769876023297082e-01j), (2.664091042543011989e-01+1.376258548087307965e-01j), (7.299747400705447475e-02+8.196073803900719157e-02j), (-5.610957301740682700e-05-1.197558178160108020e-03j)
 (7.668764869627688052e-02+3.527242961140160393e-02j), (-1.004251371288649441e-01+3.346376803525077243e-02j), (8.184230239654004257e-02-6.212137646929883489e-02j), (8.237822820579129846e-02-3.888851178721113022e-03j), (1.585899937432991180e+00+3.145424903620065438e-01j), (-1.176031649023777659e-01-1.527403730735176629e-02j), (1.015393458119459857e-01-8.207141338133670805e-02j), (-5.043777945569819215e-04-1.065815991943218442e-03j)
 (-1.028970328143216512e-01+4.554352468878754279e-02j), (-1.482427588779172689e-01+6.306374664817798043e-03j), (-1.668383342800071056e-01+4.975475225106008870e-02j), (-1.313422800296468185e-01-1.206720932013047864e-01j), (-1.446485999667455058e+00-8.232289052095864701e-01j), (-4.992636788963079886e-02-8.569312380450413991e-02j), (-1.448079006644764077e-01-4.320053544770899312e-02j), (-8.592442273822109349e-04-7.712157828856825055e-04j)
 (4.572631198265440788e-02-7.369744953535532772e-02j), (8.366035725074602580e-02-6.257166215782057617e-02j), (-1.345957955051137467e-01+1.242552776998626270e-02j), (-7.750252847054225902e-02+2.757021846062141512e-01j), (1.145025280318566763e+00+1.164993105805518958e+00j), (7.060923507882969907e-02+3.617885074175312271e-02j), (9.874051821033601184e-02+9.343756700366032120e-02j), (-1.064295698193665901e-03-3.657667679404923459e-04j)
 (-3.188998347581523118e-02+5.370822338145090497e-02j), (8.126890257064736667e-02-4.707723878886929669e-02j), (1.906293528330019471e-01-7.960181566006369058e-02j), (2.789438617999365766e-01-3.372786363430455570e-01j), (-5.857159032604160043e-01-1.367860556271508488e+00j), (-1.644945007259631664e-01-1.463486660427053276e-03j), (-3.745092412678550226e-02-1.407502737466065357e-01j), (-1.089053498335338039e-03+8.029099836165005661e-05j)
 (2.550217524178058359e-02-5.712596550966304171e-02j), (-2.174378509154695216e-02+1.861703743902143604e-01j), (1.630256542719127066e-01-9.671962945218454122e-02j), (-3.926073071831475692e-01-2.250117576910838635e-01j), (-1.490091989790336136e-01+1.296323626416581387e+00j), (8.208555933084084322e-02-7.804846624271133404e-02j), (-1.337986086850028455e-01+9.043828796325262265e-02j), (-9.342347134867411921e-04+4.906105776764050231e-04j)
 (-2.803484130911455818e-02+4.915452541963206967e-02j), (-7.010163835200498850e-02-7.898530777062763575e-02j), (-1.086835173384758657e-01+1.248049813873133157e-01j), (3.317565853450501479e-01+4.015347107181476694e-01j), (6.413088328155349682e-01-1.001326047650216156e+00j), (2.090015687966654268e-01+2.655998206964560807e-02j), (1.501423307770392013e-01+1.646704354189640618e-01j), (-6.315812355978187975e-04+7.960525936846717370e-04j)
 (2.887074020715513917e-02-9.093771815712967110e-02j), (-1.002018836693498727e-01-7.767033469258512179e-02j), (-1.686244563633254034e-01+1.958998784511426783e-01j), (-1.308367528394422177e-02-2.443470355244298231e-01j), (-8.857733177762308063e-01+6.375883757108438132e-01j), (-1.968686916634780348e-01+1.408492472548531771e-01j), (1.067990708756104828e-01-2.468843046779320982e-01j), (-2.381821512788733029e-04+9.468266026634597227e-04j)
 (5.747219436968332984e-02+1.034199008881328957e-01j), (9.501439247122045462e-02-2.056244911953445526e-02j), (2.809609917846339622e-01-1.143037147438889511e-01j), (-1.349722798832671440e-02-8.264240377847932584e-02j), (1.145468614504955740e+00-2.648432692457223236e-01j), (4.217830046293545923e-03+3.308226294518523680e-02j), (-2.363275204298694310e-01+2.682922925315464613e-02j), (1.737773919955951769e-04+9.212416797554474034e-04j)
 (-1.032291457796830347e-01-1.380138743158894690e-02j), (2.405663680208947053e-01+9.822020018125980634e-03j), (-2.393242883752844385e-01-3.127631135294365317e-01j), (1.425818372530245348e-01+1.430783548642733660e-01j), (-1.070329472584491626e+00-2.030037060866939913e-01j), (1.084461531494227901e-02-2.113858549558514932e-01j), (9.241027719513054961e-02+1.553176279986273056e-01j), (5.300361945120279092e-04+7.294175602815844732e-04j)
 (7.098867444963878615e-02-5.805000620363026664e-02j), (-1.766640572761415673e-01+2.426414670913796812e-01j), (-8.601693501399708397e-02+3.666956732731260216e-01j), (-3.846925532027219152e-02+9.790302283490806556e-02j), (7.137533493487430158e-01+5.950496048500832913e-01j), (-7.365381431137139889e-02+6.367347591844708943e-02j), (1.077108501271950292e-01-1.262119629900864404e-01j), (7.676813675294565055e-04+4.112104716947577584e-04j)
 (-9.580516783577477935e-03+1.151906621053029323e-01j), (-4.914116778959817800e-02-1.465645062799991738e-01j), (3.078523121238561644e-01-7.989625143678290298e-02j), (4.035370902727791753e-03-1.714191700347126035e-01j), (-4.642759100445273956e-01-8.026918042733984793e-01j), (1.892105307770675093e-01-5.886999738574758695e-02j), (-1.629599460510425812e-01-3.864134611523365598e-02j), (8.464879304804914188e-04+2.868267055189358699e-05j)
 (-1.187231849552765617e-01-9.963658952060311380e-02j), (2.867888677159893124e-02-1.300563694351493105e-01j), (-1.642879048187174118e-01-1.827954685037344595e-02j), (2.769780570725476065e-02+2.206532365463559353e-01j), (2.113148240981275738e-01+9.102583134758646111e-01j), (-1.874571360071231041e-01+1.838723561053746125e-01j), (5.162985629610693933e-02+1.171490893244085535e-01j), (7.560374059320663746e-04-3.455133917608219541e-04j)
 (1.553716788271989335e-01-5.150774356573727120e-02j), (-5.554986405423296969e-02+6.982693487623936601e-02j), (-3.258324244187715824e-02-2.610571377958208206e-02j), (-1.290813304444871634e-01+1.210762193053884980e-02j), (6.673912262964466768e-02-6.779757768299966569e-01j), (1.115827820231303641e-01-6.929526340302746834e-02j), (-8.659425735733940893e-03-7.393450152718761270e-02j), (5.172566640089118831e-04-6.416645875067692687e-04j)
 (-2.466791284616489527e-02+1.173252405185062908e-01j), (4.008069156889042077e-03+9.436091087944020739e-02j), (9.005124429780217432e-02-7.816945695043669984e-02j), (8.584503771927255722e-02+2.840171076395195393e-02j), (-3.211176962821805092e-01+2.723946542431345819e-01j), (1.011791332786752540e-01-1.236311065297123202e-01j), (-1.759093113066233227e-03+1.415611613654761680e-01j), (1.780783555662859396e-04-8.058767719576952161e-04j)
 (-3.896078287838068699e-02-2.640514103834669044e-02j), (9.415240925737063116e-02-7.733653401341147871e-02j), (-4.113668028719628250e-03+1.633973739877230824e-01j), (-2.180756732443184936e-02-1.536695033098900987e-01j), (4.625338430012990165e-01-8.356538450913945926e-02j), (-9.539535806382068439e-02+2.008676911655762343e-01j), (2.013024170565902715e-01-1.524255998707954862e-01j), (-1.959385355408242181e-04-8.098481216642940388e-04j)
 (-1.409352475458922234e-02-1.552335981379319822e-02j), (-8.969252079966733016e-02-1.528537677222049397e-02j), (-1.415954353124333071e-02-3.889165956139974817e-02j), (-1.572881875828416598e-01+7.350153793085181797e-02j), (-4.090580797795768109e-01-6.782369877603418307e-02j), (-1.633202330828613102e-01-1.348847241624908169e-02j), (-2.806012765722709634e-01-1.133766410625404730e-01j), (-5.342034324760471832e-04-6.556756271206131293e-04j)
 (3.247780846767606144e-02-1.225239887496104921e-02j), (7.611749413809948406e-02+9.873002470871262634e-03j), (-1.167620785634285868e-01-3.428559547124052087e-02j), (5.909112008421720658e-02+5.959035499664046276e-02j), (2.401418302601606158e-01+2.726438126152370689e-01j), (6.908156545831087292e-02-2.237499276103237511e-01j), (1.780446711081734926e-02+2.466581062249339207e-01j), (-7.744480678583193960e-04-3.748071724460949519e-04j)
 (-1.534847370144538578e-02+1.674433425329096420e-02j), (-6.597183301034745262e-02+4.340523181445508916e-02j), (1.140555156519744706e-01-5.035393183610484269e-02j), (6.201219310465078127e-02-1.913902804463873397e-01j), (-4.264959934248631346e-02-3.935863367333382046e-01j), (1.811284849491000548e-01+1.694624638902961777e-01j), (1.420400049013156862e-01-3.892182071362520340e-02j), (-8.742407932246223576e-04-2.140848750319544118e-05j)
 (1.304221736251246107e-02-7.732330014002496144e-04j), (3.495210408233849486e-02-6.583706798201192922e-02j), (-8.526643742754336230e-02+4.771300594382389682e-02j), (-4.809989018580226872e-02+9.303781551596121413e-02j), (3.900164495740505999e-02+3.268518772607857392e-01j), (-3.171760885840645139e-02-9.728802063291633329e-02j), (-2.621324561376476778e-02-9.581822106124554539e-02j), (-8.184435787047040275e-04+3.384804488821702563e-04j)
 (-2.615159595675364823e-02-5.851731395988300950e-03j), (3.744629649360010915e-02+1.967745280728588897e-02j), (9.245378621634629812e-02-1.537064373827927086e-02j), (5.349508648304302644e-02+4.220914379714271747e-02j), (-3.236147347544927194e-02-6.798097254050494698e-02j), (-2.511754274132007581e-01+1.150302141196614739e-02j), (-3.723818162438061186e-02+4.338640534591828996e-02j), (-6.212239588114198659e-04+6.397995876177701210e-04j)
 (3.500718639580130409e-02+7.348685964206702961e-03j), (-3.191375088511228669e-02+7.489082559015734775e-02j), (1.072234191510164081e-01+3.855280514698569000e-02j), (6.751851424737080609e-02-2.061746086065319727e-01j), (-2.130889911093917788e-01-1.084693715771283540e-01j), (2.004259108452509097e-01+1.493074784198072102e-01j), (5.203092058487398391e-03-2.660716591687549773e-02j), (-3.223427821479499613e-04+8.307601400712511961e-04j)
 (-6.139430905448476500e-02-4.765062995316208388e-03j), (-1.124697001220508093e-02-8.385430059788709367e-02j), (-1.789604003884328887e-01+5.027361681149439265e-02j), (-1.397827277123423473e-01+1.257484769632843391e-01j), (2.185675904685640270e-01+1.103142086687084050e-01j), (5.456281451983478747e-03-1.131315880937807938e-01j), (-8.614212176612845440e-03+2.696119982138632520e-02j), (2.140481658682800970e-05+8.821558255671635949e-04j)
 (7.190894096065070240e-02-4.304233034832580240e-02j), (-3.857702727424430073e-02+1.586052126270901669e-02j), (-6.400402272816287097e-02-1.794126000556263423e-02j), (6.187219280827616769e-02+2.488365277937168996e-01j), (3.994242571587217072e-03-6.154126779896273991e-02j), (-9.830975589877333221e-02+2.999948444032105033e-02j), (-1.550373168165970934e-02+1.976438533028122141e-02j), (3.477551677297381866e-04+7.919281725465812010e-04j)
 (-1.889232456148250139e-02+6.382571877218326528e-02j), (2.571395576683956075e-02+2.627190098984845054e-02j), (8.630235664707654186e-02-1.817283333094328879e-01j), (1.392838595866673634e-01-3.247334518595420549e-01j), (-8.913043111447951916e-02-1.463897585200287996e-02j), (9.072428278240546318e-02-4.906967335850086209e-02j), (9.789331513720450628e-02-1.839609590333075168e-02j), (6.011405119051999859e-04+5.842264238735707643e-04j)
 (-1.059144409667237344e-03-2.022303120148317979e-02j), (5.212637560274402393e-02-1.992295741239545614e-02j), (8.278281904878437292e-02+1.190380196783020483e-01j), (-1.831070840884420070e-01+1.202069660859881040e-01j), (1.813158954889865226e-01+5.000374174890989676e-02j), (-2.291184121497235118e-02-1.996616435461060629e-02j), (-1.269507525346745269e-01-6.196722619569397517e-02j), (7.429865345292125094e-04+3.033482426647074437e-04j)
 (-3.137430883020296546e-02+9.365360334160037839e-03j), (-6.963485700329322126e-02+5.939656266337768435e-03j), (-4.322803529008115153e-02+3.732740149221733944e-03j), (1.359865697938969845e-02+1.007282400975653136e-01j), (-2.428661361764007653e-01-1.651048524018719488e-01j), (2.098726446541741841e-02+9.818064942733001343e-02j), (5.338461666811423340e-02+1.100935092471124893e-01j), (7.581355763442349828e-04+3.987793685629833400e-06j)
 (3.644836841120609877e-02-3.760421670694970298e-02j), (2.777778245353960951e-02-4.872497817557925465e-02j), (-5.752277426956292627e-02+1.669651444390421458e-05j), (-3.553144567792285158e-02-1.582375483030842300e-01j), (1.443091655400459139e-01+3.396143706252225947e-01j), (-1.757298143829557138e-02-3.084654585612369923e-02j), (2.244259828270269569e-02-5.279474845777669401e-02j), (6.562560937827472199e-04-2.600667344773398282e-04j)
 (-9.016478142843158822e-03+4.787748434958075811e-02j), (2.487820868540214364e-02+6.788264023111835466e-02j), (4.774880262482845278e-02+3.334267369412445559e-02j), (7.829478057746980246e-02+8.730285951446145609e-02j), (-3.854507237720178336e-02-3.439954281421019888e-01j), (-4.124363965971281076e-02-4.585880547294188259e-02j), (-6.224060114894715279e-03-3.137024076391847771e-02j), (4.681832266731698715e-04-4.464001352154250740e-04j)
 (-1.379694269253534458e-02-2.620547830621231672e-02j), (-3.160568298712961716e-02+5.446957143536469703e-04j), (3.237670573223799808e-03-2.974510390782441477e-02j), (-8.375971035938598042e-02-6.467415709966788107e-02j), (-9.139943298420583062e-02+2.765078704918755292e-01j), (-5.488479625269812590e-03+8.001571703116786005e-03j), (-5.213603451870111455e-02+4.153370584310087099e-02j), (2.381982029676290441e-04-5.314851521336082804e-04j)
 (4.968957750648744093e-03-7.308868775659341926e-03j), (1.413816136618505775e-02-2.973627379675365667e-02j), (6.066263348525433030e-03-6.816414162917047714e-03j), (3.884269274661242971e-02+6.056800948077943614e-03j), (3.161915805871401419e-01-2.339945042390145780e-01j), (5.055465322015950669e-02+5.564311421853791739e-02j), (6.228372806419728291e-02-8.928035281578778487e-03j), (1.406687888302421635e-05-5.138407590172609351e-04j)
 (3.198412736280800694e-02+1.344815149808492247e-02j), (2.345723121911776413e-02-2.457488003741798918e-02j), (-3.329201294784561727e-04-4.333613657598531232e-03j), (6.634878835617243065e-02-6.620484781110777539e-02j), (-4.494970148567224433e-01+1.151323424292176184e-01j), (-2.641396401214089751e-02-4.278930324748561609e-02j), (-5.736793245851277978e-02+1.654899012510160916e-05j), (-1.629494211127183330e-04-4.124168289181833098e-04j)
 (-4.962787084212526983e-02+1.931265521510764499e-02j), (-1.367722625490616455e-02+4.368106643508276599e-02j), (-8.620485522785337196e-02+5.834909197837125777e-02j), (-1.794417433100416182e-02+4.862601184242260066e-02j), (4.019185830820760641e-01+6.710967106550741468e-02j), (3.453722982647771528e-02-3.207634180867004886e-02j), (6.217347520872023442e-02+4.029273258320278245e-02j), (-2.659975439983571790e-04-2.608281324987337226e-04j)
 (2.816623061678823897e-02-4.233750048454232306e-02j), (-3.541268920852818497e-02+3.258936654029336022e-02j), (1.103122073498565697e-01-4.456107340022674723e-02j), (-1.912570019280087144e-02+1.860917851159724079e-02j), (-2.907352925287636225e-01-2.030194100292435355e-01j), (2.797103662789823114e-02+8.882813640070910677e-02j), (1.262645460109022844e-02-7.858761974627337388e-02j), (-2.868923630426166568e-04-9.892291642188649585e-05j)
 (-6.822446581247022107e-03+3.837697620152634437e-02j), (-1.673487664763236016e-02-6.656634756521823126e-02j), (-8.710870246671567618e-03-4.595744533201604615e-02j), (5.164698284892793589e-02-8.306022008476854346e-04j), (1.562579566279516108e-01+3.188714214894564636e-01j), (-9.762613209862852637e-02-3.012727296720693615e-02j), (-7.571444105520883094e-02-1.681426505342007577e-03j), (-2.360465698739842746e-04+3.632794933869864205e-05j)
 (-8.263697021676926283e-03-2.574920024772791444e-02j), (4.138936698073907017e-02+5.840058119259508920e-03j), (-8.016472388756018530e-02+7.082567930960181890e-02j), (4.793344242968633484e-02+5.850739637528871301e-02j), (5.906108967233235363e-02-4.210503743803380994e-01j), (3.159199081360450356e-02-6.452092193299110989e-02j), (6.999375560211105324e-03+7.015754280295870282e-02j), (-1.383683012164545981e-04+1.185940015912889190e-04j)
 (9.206864093503918517e-03-1.489869414639928731e-03j), (3.881745018839441452e-02+2.086237804871527921e-02j), (1.964371799695895093e-02-1.946062052362162315e-02j), (-6.724519845558965536e-02+8.142240729942025468e-03j), (-2.620839925530281667e-01+3.711926649836576053e-01j), (7.044506706099323834e-03+4.514026257565099953e-02j), (5.576587037964590710e-02-2.490321862004039183e-02j), (-2.629712584153799150e-05+1.369830553596291796e-04j)
 (1.655757024671977370e-02+1.635986525323125662e-02j), (-3.303841479293006395e-02+1.091686019475479955e-02j), (8.346751808509503268e-02-4.714344325800635949e-02j), (-4.266618974776388573e-02-8.328311486631934102e-02j), (3.546728962735217205e-01-2.122678981856370717e-01j), (3.396125636839293638e-02+4.284912800339936781e-03j), (-4.111266108341017633e-02-2.128556279671865031e-02j), (6.828130275650357538e-05+9.700783681527511550e-05j)
 (-4.078999611666898895e-02-5.254570856981957694e-03j), (-2.688323442228565674e-02-2.071210617277054536e-03j), (-1.871702121774626582e-02+2.604472967799118660e-02j), (-1.158888992454896322e-02+1.677469203715533097e-01j), (-4.198268728965605101e-01+8.338390306091356119e-02j), (-4.926556614265861778e-02-3.765620837204109589e-02j), (2.200679538946775232e-02+3.281059758099136303e-02j), (1.213507960942668924e-04+1.776436290757839299e-05j)
 (4.968107973599616978e-02-2.091516830019319803e-02j), (2.687387749816822630e-03-6.256748873406181577e-02j), (-7.642167898764734568e-02+8.964673779004667109e-02j), (5.609604584703843655e-02-6.223884071131574602e-02j), (3.942153194546764161e-01+8.899109861228801654e-02j), (2.602802227445037697e-02+5.604621190603920750e-02j), (1.619559436827698595e-03-4.809864920730672760e-02j), (1.217038638001159592e-04-7.378108300551818001e-05j)
 (-2.775483443325271402e-02+4.490263367380226828e-02j), (2.572355094182210075e-02+6.587151917878802942e-02j), (2.977653999197305001e-03-8.594432159243758917e-02j), (-1.062175733555254797e-01-1.174687444068663461e-01j), (-2.252820001262495209e-01-3.034492270059031549e-01j), (1.413034556131680108e-02+1.674500235655239713e-02j), (-4.676112106712541211e-02+3.289086546715175308e-02j), (7.253426480668061877e-05-1.498934241258145566e-04j)
 (-3.633367245967009107e-04-2.786322146589835513e-02j), (-6.803763121118310692e-03+4.209581201994432031e-03j), (6.505514896369948841e-02+9.156577897689088807e-03j), (4.964703894243165105e-02+6.549608898598077711e-02j), (7.041995880146456610e-02+3.896676094498390253e-01j), (-3.653632254366290938e-02-5.286843981976396822e-02j), (4.808191891183616340e-02+2.042538765830322761e-02j), (-1.046150020068502392e-05-1.888256345696497790e-04j)
 (-1.730890038677929468e-02+5.155800367880176288e-03j), (4.953099479537859812e-03-2.281875291608226330e-02j), (-4.446216688657315952e-02-2.139787096289087753e-02j), (-1.748535735681583381e-02-2.972769442991532451e-02j), (6.052117829862563303e-02-3.658216725325574847e-01j), (5.861183642898483426e-04-8.457296237741357414e-03j), (-2.569089038687931426e-03-2.622018412615610000e-02j), (-1.038017182937157304e-04-1.796799566470295767e-04j)
 (3.146089697847780087e-02-3.022827128499583349e-02j), (-5.025298319465912322e-02-2.770665735313218928e-02j), (-4.150601249845557728e-04+2.466470165272051374e-02j), (-3.953986044848381565e-03-3.303600070154116830e-02j), (-2.386756563316785040e-01+3.265998848321549630e-01j), (4.064070995403907399e-02+5.220262871377863434e-02j), (5.219691243760621324e-04-1.023764154349731358e-02j), (-1.824664576524745896e-04-1.243556231087526492e-04j)
 (2.852714173358113572e-03+3.868317747726082723e-02j), (5.758176485456865945e-02+5.325167799499935795e-02j), (6.178862134713449666e-02+1.779350783930350871e-02j), (2.974547078282798601e-02+8.675485501788808562e-04j), (3.525377261526529415e-01-2.303280465313898018e-01j), (-2.235743174728307969e-02-2.295137077726195490e-02j), (-2.434069308729211109e-02+7.918587425391442058e-03j), (-2.261010374106224607e-04-3.630856912966335141e-05j)
 (-1.148557269863378395e-02+5.388086554986952492e-04j), (-7.061983951275836724e-03-3.146220403449129233e-02j), (-9.779283627237805865e-02-3.199154698500288052e-03j), (4.308016139034706593e-02+5.506156181881852879e-02j), (-3.247995748705406749e-01+6.798585549479210788e-02j), (5.443080327100092985e-03-3.077541150435593453e-02j), (1.248532995514711405e-02+2.227402547300780938e-03j), (-2.237047969634821040e-04+6.338236306456308431e-05j)
 (-2.590391019305183715e-02-1.597027001243812860e-02j), (9.028355226862273819e-03+2.706884279922168457e-03j), (4.676391477262401009e-02-5.145894191862696032e-02j), (3.659826704308561524e-02-4.522404198705273076e-02j), (2.479272720883854975e-01+9.547330541735621345e-02j), (-1.150974963269442430e-03+1.028362863178245573e-02j), (-9.959014552487569991e-03+1.795864427875366529e-02j), (-1.757790263099954543e-04+1.515366166964861078e-04j)
 (5.290420800490353709e-02-1.400492103803596504e-02j), (-2.859101648394873907e-02-1.398010861139559885e-02j), (3.916798007680417221e-02+1.820276912100365907e-02j), (-4.471374513267108858e-02-2.394879480734941196e-02j), (-1.982455741997906085e-01-2.153288712004490235e-01j), (-3.538960724894905235e-02+4.626812287503724586e-02j), (3.115886209071268981e-02-1.115624287517846813e-02j), (-9.357434721137393267e-05+2.085583544962009124e-04j)
 (-3.389317378724134022e-02+5.144170967867342514e-02j), (3.055134065825155371e-03+4.584731618097004011e-03j), (-3.687383735437751997e-02+8.313804267922147995e-02j), (1.144997400051843417e-02+7.672158671882597925e-02j), (1.029704953084783076e-01+2.223113064427968966e-01j), (3.092484647711891618e-02-1.670263045731291973e-02j), (-1.316083867207946262e-02-8.159422998533213955e-03j), (4.204046219665124950e-06+2.229073755806650916e-04j)
 (-5.737972896994191635e-03-4.466035459885737968e-02j), (3.346497321667201569e-02+5.554537784596149524e-02j), (5.841914841005733938e-03-1.110029768840010700e-01j), (-1.912353793781778472e-02+3.596482846151971557e-02j), (9.985447493726598567e-02-1.192588434840008010e-01j), (7.375085317053572953e-02-4.486224697152568081e-02j), (7.239758783437324346e-03-1.521155685081755637e-02j), (9.628021093036882676e-05+1.933461368554823521e-04j)
 (9.557093198471425938e-03+1.239473165842068514e-02j), (-3.955042507016064135e-02-4.177695904660236326e-02j), (-4.071205543301731344e-03+2.851032117001128449e-02j), (-1.779266746456992232e-02-4.165132795226372808e-03j), (-2.419309908703027312e-01+1.840718672044466819e-02j), (-1.231000439391865958e-01+6.824771782820550359e-02j), (-3.852604730952716855e-02-8.719796540823498976e-03j), (1.639942640446765201e-04+1.285526379516602603e-04j)
 (1.225627199052357896e-02-1.847089092121403930e-03j), (1.960854522177014891e-02+1.009496592642894486e-02j), (1.340965526369025662e-02+5.507309356154124758e-02j), (2.865430475343519467e-02-5.086237297977069804e-02j), (2.345064863391702892e-01+4.015712124688451679e-02j), (2.837317589799588646e-02-9.497109356556596160e-02j), (-1.296647413641304619e-02+5.158123930013275293e-02j), (1.955039585890042640e-04+4.435711230666320522e-05j)
 (-2.507605643503935111e-02+1.700987108513335455e-02j), (-2.401703538493105139e-02-4.451454778589331029e-02j), (-3.171265477358187201e-02-3.490530462831792358e-02j), (-3.020807227964780739e-02+9.369725480906559989e-03j), (-1.903413187870190981e-01-9.603336316126365180e-02j), (5.353348193787177411e-02+4.280525283916097878e-02j), (5.480898252054174080e-02+1.474186939906871330e-02j), (1.880273588156122127e-04-4.056788084822425533e-05j)
 (1.292999140071494912e-02-2.760306538202751681e-02j), (2.611461163452040435e-02+6.321173244264993718e-02j), (9.473381411801706786e-03-5.346896793647096247e-02j), (-6.613888687496646823e-02-1.187599147918813602e-02j), (1.280220687148769521e-01+1.794357053353115017e-01j), (-5.727125707154959167e-03+7.481855470719137036e-02j), (1.723133916459635567e-02-3.936370064019004134e-02j), (1.476930503576899794e-04-1.093956884032524850e-04j)
 (-8.651086733484383146e-03+1.985779724659751666e-02j), (-6.235833695904888924e-03-5.561296744527914615e-02j), (6.556661421485274199e-02+7.110613436935109277e-02j), (4.409208041532768074e-02+1.624228199495403313e-02j), (-4.817922496908988439e-02-1.729071285447640327e-01j), (-8.510723907161453494e-02-1.313317437265453247e-01j), (-1.285399673623039557e-02-2.572603988691365973e-02j), (8.718682964034318904e-05-1.510120730926849911e-04j)
 (8.041157907450049297e-03-2.246237869199625356e-02j), (-1.218593913558800070e-02+3.948716040201238203e-02j), (-7.984651028277811591e-02-1.430678525120709921e-02j), (7.536254946698014989e-02-2.358192640014856664e-02j), (-5.415847464680770273e-02+3.913668066455051886e-02j), (7.609553296335797024e-02+2.843779229598355357e-02j), (-3.409481034350313189e-02-1.751010115240557441e-02j), (2.193052604325465289e-05-1.621304660647660120e-04j)
 (-4.390040110388192945e-03+1.108002158998945552e-02j), (3.319404025576008777e-02-1.574739580618660789e-02j), (3.274708768906200995e-02+2.616964578897753441e-02j), (-8.977928235736813700e-02-4.129946977976148292e-02j), (1.723887983094095633e-01+2.457419709176127121e-02j), (-9.861706612608631822e-03+1.737003508410686625e-01j), (-4.145413610545273936e-02+4.211592528574263639e-02j), (-3.413423221926819705e-05-1.472197473476655519e-04j)
 (2.694080311873461170e-02-1.460850877402378699e-02j), (-1.169499121917969009e-02-2.157726825486518119e-02j), (-2.595414018642067805e-02-5.491070218468671604e-02j), (7.585908732621118866e-02+8.174779256151726292e-02j), (-1.759638097994392636e-01-3.237066311420527809e-02j), (-5.209123938308705265e-02-2.052566910192326621e-01j), (3.478509545991966684e-02+4.114374693090852575e-02j), (-7.203385944921887130e-05-1.163921948718285191e-04j)
 (-1.507604517638516314e-02+4.657011078059537790e-02j), (-3.356994196353978860e-02+5.463167384646221841e-02j), (-1.647950145479895601e-02+1.582640761654109662e-02j), (7.075129524462632491e-03-7.122321400588119134e-02j), (9.347989461547001611e-02+1.111491251885526887e-01j), (9.441754036014318729e-02+2.842341917092085918e-02j), (3.381439184591771702e-02+6.155717249786894080e-03j), (-8.963750204339269393e-05-8.192301230246706390e-05j)
 (-1.933945200826102384e-02-3.546506701549281826e-02j), (3.356284785984323116e-02-2.627712759365039008e-02j), (6.396799927526031215e-02-1.544276559052507741e-02j), (-3.484811225035779059e-02+3.811981110486777763e-02j), (-4.735698525635737011e-02-1.733951435313471345e-01j), (-4.806457711840816244e-02+1.385844821822515560e-01j), (4.966867997815976876e-02-4.568350520069788812e-02j), (-9.149195161477047223e-05-5.440559353359770945e-05j)
 (1.891546449241919559e-02+1.109389768332007253e-02j), (-1.105632698359083899e-02+9.699797517412206416e-04j), (-2.711755822099651964e-02+4.359354210310194960e-02j), (6.725431334463002897e-04+1.534277173751670206e-02j), (-3.937661403562497942e-03+1.488046563516149667e-01j), (-8.333941393645416529e-02-1.107481128222636835e-01j), (-5.261994976970654769e-02-6.124099987884121937e-02j), (-8.674461730950695977e-05-3.960928461009500601e-05j)
 (-1.424501457966746362e-02-1.676435015545402196e-03j), (-1.614438535685365148e-02+1.581116141219022012e-02j), (-4.077727720149880442e-02+9.937351071669806024e-03j), (-2.646748367613818709e-03+5.441685021673166311e-02j), (7.517951877751208323e-02-6.915416348682074110e-02j), (1.314159021139171268e-01-4.238417486770276743e-02j), (-6.210029806818705145e-02+3.560730190204996343e-02j), (-8.578900782840723541e-05-3.688997424077501371e-05j)
 (5.391236495475692364e-03-9.618990668379404779e-03j), (1.912342123387526793e-02-5.879040914333005796e-02j), (6.366481701100955293e-02-7.325574693471885446e-02j), (3.237638945931795020e-02-6.414704658141265337e-02j), (-1.168501126237320720e-01-9.233796084237438917e-03j), (-1.361973663396126230e-02+1.004314695909388766e-01j), (2.738841308112456921e-02+6.183596188140277200e-02j), (-9.659733691478748817e-05-3.957021850708151729e-05j)
 (5.565696395889663251e-03+8.401335470876071868e-03j), (2.226349251626514106e-02+4.540855484300409389e-02j), (1.392932615035265970e-02+2.628073440069908506e-02j), (-3.518381869704347020e-02+1.138001635443967874e-03j), (1.095235628053105037e-01+6.184173299566267379e-02j), (-1.036747870925963377e-01-4.958354363541626897e-02j), (2.512481993859875737e-02-3.105103701246872405e-02j), (-1.217774068151170579e-04-3.717021113158305357e-05j)
 (-7.548103250408829540e-03-1.277079017866400434e-02j), (-2.333185804258441562e-02+2.287202066588469793e-02j), (-9.091074918711579411e-02+4.692203179323444634e-02j), (-4.601958529727925851e-02-1.102537853518999189e-02j), (-5.712132215037238336e-02-1.326334384005393163e-01j), (1.349200029958931846e-01-1.853923848555687551e-02j), (-2.062053542634049996e-03+3.321457699731794611e-02j), (-1.571914316171428984e-04-1.887267158174581324e-05j)
 (2.867136192645480461e-02+1.695423547021627717e-02j), (-5.644575746348540896e-03-4.441401744780467536e-02j), (3.388519683996268905e-02-5.138205495837878251e-02j), (-1.291062166668950628e-02+2.328027365369078616e-03j), (-3.491693844198490160e-02+1.567480419213177767e-01j), (-7.968716370825697226e-02+7.471760619275150117e-02j), (4.917235773850352210e-02-4.110049879033574743e-02j), (-1.925575553143528439e-04+2.272923095851016187e-05j)
 (-4.133514837306116740e-02+1.131408184080591461e-02j), (-1.374810653119715349e-02-1.067464157842233467e-02j), (7.780700606092041949e-02+1.687697878807605661e-02j), (6.919828479531556220e-02+8.038770551358209726e-03j), (1.378251537636802082e-01-7.924066283308747738e-02j), (-5.787306550416529416e-02-6.207528184524024190e-02j), (-3.618345390070600714e-02-4.009693182394843958e-02j), (-2.139291773208627095e-04+8.863774736506577451e-05j)
 (1.432655157498369594e-02-2.596591168147394796e-02j), (3.238430741649863526e-02+4.927879947060720411e-02j), (-8.049641347176419992e-02+4.174500498848848773e-02j), (5.900162739748311680e-04+2.098279634466084995e-02j), (-2.161768959297372117e-01+1.731726002209366122e-02j), (7.680877792416547500e-02-2.183098609378814753e-02j), (-6.482523267673621914e-02+1.998898074108973466e-02j), (-2.074474419449436752e-04+1.720648438339383369e-04j)
 (-3.384115530909007769e-03+1.400266882331567021e-03j), (-1.512631544788492315e-02-1.060924801114697738e-02j), (-2.682313180845054268e-02-8.897244572119675232e-02j), (2.248709585243743869e-02-1.005526069294523372e-01j), (2.657745922262678695e-01+3.497557540172446799e-04j), (4.307838249759898819e-02+8.067683324440534653e-02j), (5.387283866299676094e-02+6.984137002784582271e-02j), (-1.634149244023503657e-04+2.591066352659587564e-04j)
 (2.568701544307720741e-02+8.066108126149976534e-03j), (-1.152848982846262776e-02-2.971997318237854652e-02j), (6.383200383884421458e-02+3.503965440541149945e-02j), (-3.180730944958101714e-02+1.697016823631657817e-02j), (-2.234737407749172178e-01-8.183458663501907981e-02j), (-6.742586575522263592e-02-5.757861773534470040e-02j), (1.532199230351995872e-03-6.144057392979211663e-02j), (-7.963076101375898971e-05+3.314081608927676374e-04j)
 (-3.926507116822243459e-02+6.828135195022330683e-03j), (1.467372926918098126e-02-2.854526775126896287e-03j), (3.269362585094573448e-02+5.916341117538530953e-02j), (1.904299232698167255e-02+1.093806757526390172e-01j), (9.154299602291032789e-02+1.669157852173861201e-01j), (1.526205912027045475e-02+1.410352247310364682e-02j), (1.282445904259484765e-02+3.403255089626151808e-02j), (3.691412153212792749e-05+3.702392907865068158e-04j)
 (3.858739870495393048e-02-2.467465277390529579e-02j), (1.672740439366714876e-02+9.539949199761116327e-03j), (-9.112552790267704206e-02-7.776327756562451121e-02j), (-1.598853262436113545e-02-4.130504439101652381e-02j), (2.913787262543945933e-02-1.489499130566610263e-01j), (2.906286097698169285e-02-8.536881973071071272e-03j), (-2.260691611542754720e-02-5.026066199589795946e-02j), (1.704979181640257978e-04+3.610317448075418606e-04j)
 (-2.208404734755075455e-02+3.737604113344875773e-02j), (-3.229538010263328929e-02+2.726348370709633095e-02j), (5.886656808931883117e-02+2.644068146449627538e-02j), (2.950740518311813915e-02+1.954071882467581234e-02j), (-1.216676308607247126e-01+1.292416807278711777e-01j), (-2.695679463122688940e-02+4.768843849027579185e-03j), (-4.112252493540455300e-04+5.031037241176177649e-02j), (2.992843793777408951e-04+2.972862793798625733e-04j)
 (5.907769762197796412e-03-2.573533104481540504e-02j), (3.010625868015510617e-02-5.799131548163045241e-03j), (5.306570256160755839e-03+4.686716280763887632e-02j), (2.967219923865145256e-02+9.987903537892105221e-03j), (2.102153838481016779e-01-1.126043319354442379e-01j), (-1.342583748172486435e-02+4.790401336865469234e-03j), (1.300357213759251174e-02-2.065477042885703260e-02j), (3.995718209155064570e-04+1.828822541551349684e-04j)
 (-1.566026529535595804e-02+1.588819096252839722e-02j), (-2.891273295989197495e-02-1.333283838005049071e-02j), (-7.455129837612560484e-02-6.800504927609977990e-02j), (-9.855492952060188050e-02-1.039343475221184837e-02j), (-2.285948550402338852e-01-1.906931114589986709e-02j), (-9.367112428464823004e-04+1.528599788762969106e-02j), (-8.691138582527617451e-04-9.714412380715031076e-03j), (4.507503088838327155e-04+3.217872851703681958e-05j)
 (1.753070231309131546e-02-2.877252851139850548e-02j), (2.573730186183627311e-03-3.255751770524336480e-03j), (8.153336909331884708e-02+8.634338832286279908e-03j), (7.610676393018142583e-03-7.530578003850597890e-02j), (1.617133718790231822e-01+1.634973688606469189e-01j), (3.411097540412598439e-02-2.258064322947277158e-02j), (-2.027948895892119768e-02+2.164074320733598567e-02j), (4.398577782164832120e-04-1.321994029946103107e-04j)
 (-1.491730612591078697e-04+2.698805150339998044e-02j), (1.480585666648277787e-03+2.003241255608027502e-02j), (6.783902433281759070e-03+4.416287623816349261e-02j), (-1.544703115487111589e-02+1.029393035559847125e-01j), (-1.205662124376781774e-01-1.979235695126751460e-01j), (-2.983588687488286303e-02-1.375513193920406552e-02j), (3.453188303313297486e-02-2.030289444929110967e-02j), (3.647002039401616618e-04-2.834654909022747194e-04j)
 (2.591766594602980256e-03-6.780004123000605426e-03j), (1.315724838962687403e-02-3.503694347696156147e-02j), (-1.017249323726899801e-01-1.130112958920260688e-02j), (2.558790779650214897e-02-1.737865698279612847e-02j), (5.583127943033087959e-02+2.138608731497535220e-01j), (-3.235304205678780909e-03+1.243309759315195870e-02j), (-4.479222569587051200e-02+9.584963007276577074e-03j), (2.348147941766359856e-04-3.958076629218619091e-04j)
 (-2.468975129147861144e-02+1.068224947099433338e-02j), (1.725425359858179936e-02+7.584062262708311623e-03j), (7.833550700141356238e-02-3.332347938231264295e-02j), (-1.004248974391445601e-02-7.528728730492484367e-02j), (9.580982586528993816e-02-2.207209117812457544e-01j), (3.245839619945118520e-02-2.518930333270448518e-03j), (3.834034851843513142e-02+2.220339568289604604e-02j), (7.003258190937505226e-05-4.494649069995204161e-04j)
 (1.803878125821373885e-02-3.490557878930122815e-02j), (-4.938050910521461778e-02+2.921433835405991275e-02j), (2.874047530082277091e-02+4.339056933368878877e-02j), (7.614057382943023589e-02-8.187026232161602468e-03j), (-2.000338123889486841e-01+1.194436668955815017e-01j), (1.183315842111299851e-02+1.186932143375889898e-02j), (1.947200792332928060e-02-4.023544912267121298e-02j), (-1.030749549007504138e-04-4.346637183678503488e-04j)
 (7.591204602091370518e-03+2.676194467520427375e-02j), (3.041574177962091952e-02-7.087913832650640650e-03j), (-7.949571161501663152e-02+8.911902325059561925e-03j), (-6.762457654036221899e-02-1.088622424507135200e-02j), (2.174161633378967895e-01+1.299414021068609135e-02j), (-7.830413167179431366e-02+4.724867645053211496e-02j), (-6.669388983391166814e-02-2.606892440922699977e-02j), (-2.561233559020247843e-04-3.535911915528706755e-04j)
 (-1.474189938777341335e-03-1.827312600554086702e-03j), (-4.403058853024825747e-03-3.265762385351910629e-02j), (-1.553258872216499442e-02-1.107351988986653019e-01j), (-4.102299831219307497e-02+4.983947623969618712e-02j), (-2.280107154773912681e-01-9.048350670794641504e-02j), (1.668233974572588818e-02-9.045000757417147319e-02j), (-9.914303182823758914e-04+8.697038069839740926e-02j), (-3.641905751399923479e-04-2.200125998344499125e-04j)
 (-2.000045574559789624e-02+2.546572944856256154e-03j), (2.769635136882160620e-02+1.871746871934226036e-02j), (1.220291207923682453e-01+1.024560988721044119e-01j), (1.302035360473304815e-01+2.491877893145472145e-02j), (1.958131719318920438e-01+1.817113452685704122e-01j), (6.035239663656258996e-02+2.071926676642985021e-02j), (7.150122901251179663e-02-2.340528236555745878e-02j), (-4.103618440147702206e-04-5.664852698584972373e-05j)
 (2.434370029243597064e-02-1.683131205019739590e-02j), (-3.401514564336165919e-02+6.938566276064761507e-03j), (-6.794796742425540659e-02-2.961262553522338303e-03j), (-8.684354024056525900e-03+4.537334139461127180e-03j), (-7.206003875176043849e-02-2.397663668924352176e-01j), (-1.983699389921027290e-02+3.662709687442174816e-02j), (-3.336210766298099151e-02-4.766122179619902699e-02j), (-3.886488769678110426e-04+1.091073562242322924e-04j)
 (-2.070170450727731870e-02+1.962826586984125696e-02j), (2.546438751104032269e-02+1.291740968566081060e-02j), (-5.970110972009239070e-02-4.634731034246968029e-02j), (-4.105569908876186697e-02-1.724385146841792005e-02j), (-5.290300941981628674e-02+2.039920896306329778e-01j), (2.843391641041831397e-03-2.102388892952262653e-02j), (-1.692337541711742832e-02+3.823557670356720478e-02j), (-3.047572185766071274e-04+2.502255328573748392e-04j)
 (2.906364995023684450e-02-2.505268770115206753e-02j), (-2.759142478799877715e-02-2.160018417918599387e-02j), (1.420116644454289534e-01+1.811072526089714529e-02j), (1.017772135309630288e-02-4.595810560530391720e-02j), (1.080447697252465006e-01-1.754681617266789506e-01j), (-4.562658997145872808e-02-5.364544570490986652e-04j), (1.811929721771718751e-02-1.112499335591059929e-02j), (-1.746401760678794549e-04+3.448128621569365054e-04j)
 (-2.350955270082476581e-02+4.797279459938545015e-02j), (-8.437265958013848155e-03+7.091620666274455614e-03j), (-1.037115806807756557e-01+5.644927992684700691e-02j), (-7.424364474644085110e-02+7.320827129401180633e-02j), (-1.358727038842618140e-01+1.233739473251393715e-01j), (4.924331918286611876e-02+1.290667069879730677e-02j), (-8.214359236395588071e-03+1.077929040521601566e-02j), (-2.123126899498234930e-05+3.797062066325133456e-04j)
 (-5.600172646115019609e-03-5.238823447440750514e-02j), (1.658699268728551501e-02+8.435431751788251623e-03j), (-2.938028600181723238e-02-5.834876782758194325e-02j), (1.489111849644016855e-02+3.604306492797808292e-02j), (1.544373947142550496e-01+7.496370406344099457e-04j), (-2.534845114863730486e-03+8.710022139640657968e-03j), (2.486067137970219762e-02-6.647502531666182879e-04j), (1.299088748732173592e-04+3.522663043524815359e-04j)
 (2.206795365118337238e-02+3.093554524871110906e-02j), (-1.283980904433194153e-02+3.221473914929847901e-03j), (9.523394564863335576e-02-5.988900056090341179e-02j), (3.806002218820708077e-02-3.945224738297634093e-02j), (-1.144078936098147925e-01-8.756157699307272335e-02j), (-6.363651334989266217e-02-1.520347015545615507e-02j), (-6.747379354553745268e-03-5.025979784206873607e-02j), (2.551283838901510868e-04+2.701534300568217244e-04j)
 (-1.564005425784506520e-02-9.455505851721130589e-03j), (1.276563693485212314e-02-3.087534946149540077e-02j), (-5.553261518151964005e-02+1.329924073747326685e-01j), (1.402401478982105015e-02-4.283703287873151522e-02j), (3.240718852297946873e-02+1.115606674392896486e-01j), (5.166673250483913571e-02-4.476131309944263170e-02j), (-6.630163007939374187e-02+4.199240031771606096e-02j), (3.365335921497726547e-04+1.492841736297622767e-04j)
 (-2.139041063795071168e-03+4.453298795208206207e-03j), (1.525640876965722939e-02+6.827831964645793283e-03j), (-2.257654979125769956e-02-5.875716747018163572e-02j), (-3.600412331645347352e-02-8.344200644732804872e-03j), (4.558815747235922533e-02-1.332663675799712344e-01j), (2.902967499899000020e-02+5.952159695573589621e-02j), (6.504391101119902374e-02+2.996230223357104760e-02j), (3.644937542134740315e-04+1.051005854924057584e-05j)
 (9.570054568959998620e-03-1.439405282675909614e-02j), (-1.987141058702108706e-02+4.214178766887517746e-03j), (4.774172673740734174e-02-8.855956158183063420e-02j), (-4.391942999045883589e-02-4.437858219182454211e-02j), (-1.234419241192683953e-01+1.376020288557761040e-01j), (-3.831693779365420716e-02+6.056609943734504731e-03j), (-6.319183796172983363e-03-3.304748698686894859e-02j), (3.384697888155368574e-04-1.242432235665084147e-04j)
 (-6.971801660288941271e-03+1.696843899874207057e-02j), (3.245080715229094886e-02+6.705234230857809452e-04j), (2.727071971240659087e-02+1.727182889859826542e-01j), (3.439829535075064615e-02+9.551993793167878888e-02j), (1.500886197637743003e-01-7.353004216423458805e-02j), (2.011898047720857285e-02-5.466644311889477803e-02j), (-3.747479725306888942e-03+7.409321540661609196e-03j), (2.661974770373157629e-04-2.356114209434197605e-04j)
 (1.146136567182159949e-02-1.887024122440142393e-02j), (-5.732863629714719106e-03+2.570608790466349935e-02j), (-4.930663878497670849e-02-8.557228323928235680e-02j), (5.903864306059315725e-02-2.987214731077686425e-03j), (-1.261289201536744953e-01-1.693826258689135056e-02j), (-3.766163585225662525e-03+5.017063425057449039e-02j), (2.554384203665094333e-02-6.427442459568520616e-03j), (1.615701640083789668e-04-3.095716767661201626e-04j)
 (-8.369347915811745087e-03+2.662891578565672671e-02j), (-5.724205249291688946e-02+1.187515220010147698e-02j), (-3.799014114822076016e-02-8.317395361645196772e-02j), (-7.116623207750749636e-05-4.818675396941993205e-02j), (1.150772587115757029e-01+5.949821491848833466e-02j), (-4.087403376928826215e-02+2.460957378531647768e-02j), (-4.698829624771422298e-02-4.530999273907471148e-02j), (4.177098761611269893e-05-3.389830151958581929e-04j)
 (5.165348495664072448e-03-2.364717754762101984e-02j), (3.431315607062478124e-02-5.260305370100150368e-02j), (8.137794789057214984e-02+1.253511850706492403e-01j), (-6.029071338734121044e-04-1.173617700885998261e-02j), (-5.957283062037099786e-02-8.401838348546884772e-02j), (3.156190080610873916e-02-1.002454680512040452e-01j), (-1.339241945542050949e-02+7.842565634105637395e-02j), (-7.573085926405181967e-05-3.237954222241272830e-04j)
 (-9.600069867444119276e-03+3.050603601757696792e-02j), (-8.999861510088920380e-03+1.029451887586950096e-02j), (-4.664405251747436032e-02-2.564855075743682072e-02j), (-4.030700761603827481e-02+4.333631803959918372e-02j), (-2.806724750421474290e-02+1.057219235296594367e-01j), (1.585132335633400794e-03+4.522002755277812480e-02j), (5.107596087544076513e-02-1.716791601682300661e-02j), (-1.757764770577667631e-04-2.701029812961805812e-04j)
 (-5.657116807019914664e-03-3.687441143483274897e-02j), (4.535641216348841598e-03+1.412311806448630913e-02j), (-3.718800684628935371e-02-6.349018038976436684e-02j), (-3.974616421715797265e-02+7.382099896548102724e-03j), (4.038493498495004941e-02-6.069334499027528862e-02j), (5.948916259013115049e-03+4.451448841772051579e-02j), (-4.754588223906841549e-03-2.379199824566557986e-02j), (-2.473342159032394468e-04-1.884043053355939201e-04j)
 (9.846192288598830736e-03+1.815341035043895046e-02j), (2.978631775966153472e-02-7.788298055094830530e-03j), (1.118760324552415253e-01+4.701522214166599378e-02j), (6.836673514460089862e-02+3.421496319820177545e-02j), (-3.114011992458093347e-02-2.452382107832185021e-02j), (-1.249569119774625314e-02-2.553623424781547788e-02j), (-2.137472564067915970e-02+4.601282035618076138e-03j), (-2.843829039219912557e-04-9.151263038263202695e-05j)
 (1.116362222469886693e-02-2.009545332486287889e-02j), (-2.321670701047504753e-02-1.220630433193195530e-02j), (-7.602570574813280468e-02+1.360742324582556867e-02j), (-4.556404119806123365e-03-4.019380852671158855e-02j), (7.074297841565269085e-02+9.127956984483442948e-02j), (4.273227532703004206e-02-3.300274069190553550e-02j), (1.882939043173626620e-02-8.400035828798502191e-03j), (-2.859140553884780521e-04+7.470722575220206272e-06j)
 (-6.999083070858122882e-03+4.392842995480068097e-02j), (1.051226195384911966e-03+2.856162705878384500e-02j), (-2.237132235695554749e-02-1.920903666272900240e-02j), (-4.547715038702362933e-02-1.346551149818350779e-02j), (-6.544416132652325357e-02-1.156223618763871919e-01j), (-4.554328079469779911e-02+4.377803225828689332e-02j), (-4.830840047199271708e-02+3.894751258529144389e-03j), (-2.552566991392025693e-04+9.681557453947994352e-05j)
 (-1.358244753915165484e-02-4.649148930055917173e-02j), (-3.052218406348748692e-03-2.300915156989161853e-03j), (7.321676409680498432e-02-1.427827016774587017e-02j), (1.434601048419131830e-02-4.634021053952937230e-02j), (-4.339454595459701913e-02+7.961876678863344381e-02j), (-5.091535574300644351e-02-1.427703752444924902e-02j), (3.969964247019903969e-02+4.857160362866930203e-02j), (-1.989991606942117857e-04+1.672994965114725735e-04j)
 (2.494371565315094130e-02+4.049816360610082600e-02j), (-8.513236086686568060e-03-1.058942251329346440e-02j), (-3.837239701064662500e-02+4.005679892124842933e-02j), (-9.265783716063957787e-03+5.732516498166018160e-02j), (1.306149608827843478e-01-5.915057184567418247e-02j), (7.205796382801928079e-02+4.158965790294309739e-03j), (2.977027789504534117e-02-5.381414876509778289e-02j), (-1.257730285917697160e-04+2.128093080387794358e-04j)
 (-3.726360062287366326e-02-2.874936568895246694e-02j), (8.862707141483544548e-03+1.363939201882628967e-02j), (-3.579885078325437120e-02-2.072198100966653883e-02j), (2.021416490403188382e-03+6.974977528266673721e-03j), (-1.246040536374309893e-01+6.614836049091812886e-02j), (7.300036337076515336e-03-4.551870151864746000e-02j), (-6.556118069341593246e-02-4.487772110287543970e-03j), (-4.509695951102120435e-05+2.304970267749743536e-04j)
 (3.317157722780173651e-02+7.872646466096332174e-03j), (1.297532587317469510e-02-1.309811047203293666e-02j), (5.200426360837293038e-02-4.414124192652355699e-02j), (4.207607849323558025e-02-4.199885777735870573e-02j), (1.356979289973793135e-01+2.709575667476288308e-03j), (-3.267948596746214629e-02+3.336474921236616542e-02j), (4.578821402671074542e-02+6.134204186031080863e-02j), (3.361477882180510964e-05+2.206240119245422935e-04j)
 (-1.593656977974673705e-02-5.951406200139688907e-03j), (-2.788709895245733775e-02-8.849769449037661606e-03j), (-1.204300079119505207e-02+6.907567596936890764e-02j), (3.783666397760844513e-02-4.447755224883900849e-03j), (-1.143684625698004886e-01-8.923568788717362033e-02j), (6.623077966892422508e-02+3.804732618248712894e-02j), (1.148408319163469332e-02-8.440487489322337500e-02j), (1.018579753795298946e-04+1.862162919793047822e-04j)
 (1.448466093129474261e-02+1.733591603083279448e-02j), (3.654685105416546897e-02-1.530371835913440018e-03j), (-1.727102787290446181e-02-9.372730791911615400e-03j), (-6.623814404035617553e-02+5.261928135369206561e-02j), (-3.176879842247992691e-02+1.108987006721436908e-01j), (-4.662579643165472298e-02-5.101618570150140419e-02j), (-6.918445516297289100e-02+4.582190606486841178e-02j), (1.526874661787405046e-04+1.326075867765521242e-04j)
 (-2.515718970597661391e-02-1.616511975874727197e-02j), (-2.928322490727934546e-02+4.176324175909747194e-02j), (1.013333198750317188e-02-2.841420405580937295e-02j), (-1.521637126029265832e-02-3.598419283169432270e-02j), (1.024307464010474900e-01-1.440794480485124707e-01j), (-6.182752122045289539e-02+2.581461371495827328e-02j), (6.874382954055027750e-02+2.681471588277581364e-02j), (1.812458417949980912e-04+6.689171139153757685e-05j)
 (2.324890173316322001e-02+4.186659200025581729e-03j), (1.076254139780537245e-02-3.967544573172783473e-02j), (2.877275982747473648e-02-2.670668694965748838e-02j), (8.770667092571689250e-02+5.299224690604578680e-02j), (-9.729984260392614270e-02+1.615267013699230869e-01j), (4.041556770905450902e-02+1.092037991322390711e-02j), (-1.389744986868390875e-02-6.776324358027721595e-02j), (1.851800043356672002e-04-2.731253462346317428e-06j)
 (-1.338660575157973182e-02-6.309434867366864146e-03j), (-1.427260302029206319e-02+8.009212509093796561e-05j), (-4.193846570405754259e-02+7.768305704748540430e-02j), (-6.603786042398857026e-02+1.903346464767943780e-02j), (1.685544977931880961e-01-4.621044472601554265e-02j), (1.064247036898563828e-02-3.928183965871911987e-02j), (-4.853791771919925557e-02+5.408745517219329391e-02j), (1.649095652317343315e-04-6.773440993209690637e-05j)
 (1.630836387111864183e-02+1.029528082829838515e-02j), (1.740772669747325113e-02+1.268226289177210725e-02j), (1.216493480673590255e-02-5.870862218025597185e-02j), (-2.689429763888734337e-02-7.122355685465750486e-02j), (-1.826458164712588261e-01-1.176601428703371033e-01j), (1.213000081931828178e-02+3.871282026804395704e-03j), (8.113423323984539359e-02+7.356542754145864449e-03j), (1.236753341378962366e-04-1.201571306944955583e-04j)
 (-1.234743764492024672e-02-7.732171415277967752e-03j), (4.737379592247979720e-03-2.402210148632175080e-02j), (8.036202996997393599e-03-4.949129727253573363e-03j), (2.454558385516905639e-02+5.027798117131495464e-03j), (1.420696490882535912e-01+1.727497113848063259e-01j), (5.110878582655090097e-02-1.297585299232495437e-02j), (-3.988318872701764745e-02-8.382521750299298802e-02j), (6.728903655769702700e-05-1.535457797725085479e-04j)
 (1.045250307824858484e-02+2.063922943989498354e-02j), (-9.630466964088132964e-03+3.227477724538140025e-02j), (-5.113009810088942064e-03+4.882188367874851914e-02j), (-2.901090448892426274e-02+4.734358575497507604e-02j), (-1.118391288804490014e-01-1.694947716357533829e-01j), (-7.717283468073066199e-02+6.384929460403190871e-02j), (-6.408704315396926421e-02+8.199795132633892758e-02j), (3.536193841536458278e-06-1.638210746817179249e-04j)
 (-2.932209439789615346e-02-2.540364845130720431e-02j), (-1.447662101236155303e-02-1.000245733471816223e-02j), (-1.706538412251781128e-02-3.280798604618823111e-02j), (-2.946327518522359051e-02-4.040150547350954136e-02j), (-1.839146773036648419e-02+2.179657274783619592e-01j), (-8.477189663843739953e-03+1.321016220298905364e-02j), (1.044389386885591631e-01+1.721438054369799076e-02j), (-5.875195071941284358e-05-1.499184305822744492e-04j)
 (3.932186336178633557e-02+9.097607031494120422e-03j), (3.245684118763210446e-02+3.199293234883548998e-03j), (2.712258886677189340e-02-4.949998871027483371e-05j), (6.607484059257240361e-02-4.450012372479554557e-02j), (1.608482923930072417e-01-2.096842656956325324e-01j), (2.178948785151620798e-02-8.028913672036255833e-02j), (-3.547401307541557525e-02-8.217745829253146617e-02j), (-1.108617229708344252e-04-1.140541607687083937e-04j)
 (-3.220231565462128298e-02+1.483731565534496255e-03j), (-3.001738751179262865e-02-7.068445867690564821e-03j), (-7.733090899765870940e-03+1.217049406688053281e-02j), (1.653436194076968180e-02+3.546751931871042207e-02j), (-1.804982357963081929e-01+8.689661634478385022e-02j), (-5.690818481673187712e-03+1.883835766482511165e-02j), (-3.423830745860120817e-02+5.453206689605102908e-02j), (-1.454282318732306491e-04-6.152083088320248498e-05j)
 (2.730871889477698433e-02+0.000000000000000000e+00j), (2.504361496050508396e-02+0.000000000000000000e+00j), (-4.619696359070224467e-03+0.000000000000000000e+00j), (-4.334269942869162229e-02+0.000000000000000000e+00j), (1.607765528217616202e-01+0.000000000000000000e+00j), (1.875697542197662937e-02+0.000000000000000000e+00j), (5.218746577131101738e-02+0.000000000000000000e+00j), (-1.575273497378962750e-04+0.000000000000000000e+00j)
