 (3.557760928057749350e-01+0.000000000000000000e+00j), (2.749684859427652395e-01+0.000000000000000000e+00j), (-6.444908386192069183e-02+0.000000000000000000e+00j), (7.184816829642264313e-01+0.000000000000000000e+00j), (2.417903959867645725e+00+0.000000000000000000e+00j), (1.361855996878315600e-01+0.000000000000000000e+00j), (4.573675007810814042e-01+0.000000000000000000e+00j), (5.767036464539946131e-03+0.000000000000000000e+00j)
 (-8.478149446349760032e-02+2.815039675611513692e-01j), (-4.586037968291584166e-01-8.556205612661849091e-01j), (-3.604454848745939355e-01+4.597446246948681536e-01j), (9.862346978007842380e-02+4.409665849605937105e-01j), (-1.653474570302578162e+00-1.428332633012951769e+00j), (8.787108197528221976e-02+6.105677821672503836e-01j), (-1.998796326897465392e-01-2.238039738511288790e-01j), (4.723727276601185146e-03-3.235257497114082167e-03j)
 (-1.646853864110265353e-01-5.911748921753461061e-02j), (7.485771756419487000e-01+2.165151633526322117e-01j), (5.315239882837365926e-01+1.158894899653038907e-01j), (1.769675549699737116e-01+2.926227880883066068e-01j), (-4.643079208014215808e-01+1.625826487950617460e+00j), (2.252675662619114602e-02-7.741408928306134918e-01j), (-2.267888128441542667e-02+2.405552278610544048e-02j), (2.008838578294097708e-03-5.232137607784695388e-03j)
 (-3.806262295903695136e-02-1.532043112202915447e-01j), (-2.802441719612008275e-01+6.440625481013206866e-01j), (4.934559510851183051e-01-6.904729381339088645e-01j), (-7.869601238190367942e-01+3.199773921538237031e-01j), (2.191788415884202479e+00-8.857901554219874685e-01j), (-4.926505742264105647e-01+2.363405554475440928e-01j), (-3.668890164846769913e-02+7.438008808141519101e-02j), (-1.305004223824165381e-03-5.256194406163062008e-03j)
 (2.156657857282147095e-01-1.267112909551337541e-01j), (-3.533333694938295411e-01+4.805475476418689662e-01j), (-1.105504842634287055e+00-2.202358046965166571e-01j), (-3.919974877599478047e-01-2.268296324766631011e-01j), (-1.738804291154967707e+00-7.055628507092874813e-01j), (4.261477577771058955e-01+3.191413019316933775e-01j), (2.315966694463209713e-02-3.347375174331032599e-02j), (-3.931281272889865230e-03-3.368420683188511414e-03j)
 (2.276552576990569510e-01+2.220024906747588567e-01j), (-1.124501272426786103e-01-1.805031055872537316e+00j), (-2.559340770574029811e-02+1.278069783398019021e+00j), (9.718040188169174698e-02-7.652496695042070307e-01j), (-6.523207910415583510e-02+1.640000282697349432e+00j), (-2.837240334997698232e-01-4.342190719589404946e-01j), (-4.763300318343154094e-02+1.620455539959447105e-02j), (-4.895357574919103998e-03-3.836975218106041755e-04j)
 (-1.438485399411679189e-01+3.695190537900108207e-01j), (-2.411837942302419435e-01+6.762018789057793189e-01j), (1.377671570511645793e+00-6.223461793474203141e-01j), (6.056051141479095179e-01+1.579974060494996613e-01j), (1.402156190877436037e+00-1.033625918329070803e+00j), (3.060585066664542886e-01+5.324064562121576527e-01j), (5.544399976575284383e-02+1.310716977303730546e-01j), (-3.920288471925915084e-03+2.481272054755345735e-03j)
 (-4.586629013855660353e-01-3.997932037622053958e-02j), (1.638895450383836883e+00+7.671412368630209366e-01j), (-1.062800279941597648e+00-6.507144744980160045e-01j), (1.455258453490173853e-01+1.998165235004571993e-01j), (-9.160039005480380414e-01+2.193228106606492089e-01j), (3.345805054922080246e-01-4.788741042506315382e-01j), (1.121419419957747632e-01-1.486530350956468127e-01j), (-1.513690760142308734e-03+4.116212848538252853e-03j)
 (-6.837709150297313632e-02-3.867914512594006204e-01j), (-1.155945325234022159e+00-9.530098954575865200e-01j), (1.381230917129784228e-02+9.106451410428421100e-01j), (-5.028304866246818827e-01+7.282674831598662246e-02j), (4.870717235270328321e-02+6.712077170906511903e-01j), (-1.212479964540726041e+00-2.339147987376968829e-01j), (-6.646808387257149842e-02-4.298499316660572139e-02j), (1.272769754125029767e-03+3.964165801423535571e-03j)
 (1.953164102357086429e-01-1.686677377455312321e-01j), (-4.560221837290666658e-01+7.782569783969566224e-01j), (1.659949106518226192e-01-4.761107370158836338e-01j), (5.053170724776969713e-01-1.275317548531200718e-01j), (-4.747410501975848351e-01-1.137062490794140679e+00j), (8.822944130617191849e-01+9.533250730277548213e-01j), (-1.041826888732828305e-01-2.408403027761948575e-02j), (3.299655249490154093e-03+2.221206895336366987e-03j)
 (1.809044745482882577e-01+5.456716726490005651e-03j), (1.283859584251634711e+00-3.488726849266176044e-01j), (-1.895702131539398205e-01+4.360381807486012340e-01j), (2.942026124031277973e-02+4.067895968261294737e-01j), (-7.479640158847633558e-02+4.022492668004163385e-01j), (3.053025015888742866e-01-6.312624966463709075e-01j), (-3.117624566666926667e-02+8.725161129439976126e-02j), (3.811661523818241862e-03-2.858397201665618817e-04j)
 (1.406560718790317854e-01+5.340211667332167567e-02j), (-9.604340514343778779e-01-1.169990027611381017e-01j), (6.274407172598748250e-01-4.547845682871221595e-01j), (-8.900330587781672964e-01+2.523676179699884115e-01j), (1.132231092570335607e+00+6.955105430615350359e-01j), (-8.384833790923137409e-01-1.375845511574500524e-01j), (4.001313320001390061e-02+1.041195705465527699e-01j), (2.725340040064946727e-03-2.478501283351043291e-03j)
 (1.231153722706163633e-01+2.446346749882166161e-01j), (-1.739956324982770142e-01+8.394972797361714978e-01j), (-7.674390789647386191e-01-2.824707629044774793e-01j), (4.585555590482584543e-03-9.955423707617904183e-01j), (9.499615295287261452e-02-1.089087407687925335e+00j), (6.057602894137279481e-01+1.770465286692811946e-01j), (9.637056974677334076e-02-3.505866350144511145e-02j), (6.194174557768478313e-04-3.490079165585544506e-03j)
 (-2.451782830991595108e-01+2.263141618932477950e-01j), (6.955343259418960145e-01-9.350639337144868168e-01j), (3.612226345606898148e-01+8.700748962384916574e-01j), (1.120336011395879794e+00-4.380905988095454839e-01j), (-1.543323037249093810e+00-3.485313066116164649e-01j), (-3.351496832709286999e-01+1.121189875597141949e-01j), (5.973333720808596953e-02-5.586050550445547519e-02j), (-1.553066384647693119e-03-3.012144961192431657e-03j)
 (-2.677743574436227680e-01-1.009414104155358372e-01j), (-6.411005728433476492e-01-2.921332864203365354e-01j), (1.732391102644530445e-01-5.010831697409747765e-01j), (1.755867845664481064e-01+1.377063313076529294e+00j), (4.856898379680419930e-01+1.869565807607634467e+00j), (-7.574846251536614117e-02+1.868913392990764755e-02j), (-5.425673205402192778e-02-8.120614821152161156e-02j), (-2.892732115262839493e-03-1.382551378460796215e-03j)
 (-7.972894423374228545e-02-3.214098978713284538e-01j), (2.487775766971616898e-01+1.034387282768005623e+00j), (-4.071670551874687627e-01+2.760102901242042495e-02j), (-1.082976399239184317e+00+3.089319111922240735e-01j), (1.395783950585654409e+00-6.132666328159097624e-01j), (5.922876829880948657e-01-2.292518593453972686e-01j), (-6.912202641791952151e-02-1.024911842813469448e-01j), (-2.930188676469346921e-03+6.078554341071035899e-04j)
 (3.568309759319551744e-01-1.463843113121044981e-01j), (3.470220588340310330e-01-6.208446213330287566e-01j), (4.586899253731359094e-01-2.505592920377671534e-02j), (-1.954905871194591582e-01-9.000752685874197079e-01j), (-1.416335630870900530e+00-1.287384637186572922e+00j), (-2.882789416061979360e-01+2.650093078146517067e-01j), (-2.432384163999085080e-01+2.138574370371972566e-01j), (-1.791453002231120596e-03+2.089326138262692818e-03j)
 (1.045281043709887087e-01+2.949873945468207692e-01j), (-3.060759175867369120e-01-1.864471076578907427e-01j), (-4.196861222582300988e-01-4.179450602521381231e-02j), (7.432763345913488973e-01-8.510828581250520775e-02j), (3.087821475567326113e-01+1.172066275714909844e+00j), (-4.672054843513055444e-01-2.016329541708326012e-01j), (3.026980352761595161e-01+2.105809942681937386e-01j), (-9.396087445689776333e-05+2.494260745388453097e-03j)
 (-1.786933200086652518e-01+6.602884023232977184e-02j), (1.849970482525188364e-01+3.859575238760607485e-01j), (7.898913726961807186e-03+3.850700823049189037e-01j), (-4.479099627202033918e-01+3.281805826842132956e-01j), (4.747752097496160673e-01-5.880162667819608391e-01j), (2.232359027899704917e-01-1.379590911628641448e-01j), (1.844781524753813517e-01-2.725433621167929199e-01j), (1.363851144994297077e-03+1.778244379145957474e-03j)
 (-4.869409868687608195e-02-1.273900302015828490e-01j), (-1.486439653988403942e-01+1.526820980332151967e-01j), (4.714260074619326391e-01-3.885900591027323103e-01j), (-1.764402217980255705e-01-5.622388716014568022e-01j), (-1.467462099621852811e+00+5.827936501782319256e-01j), (4.059008279305649780e-01+4.573912109664986514e-01j), (-2.524495205253195484e-01-1.502829905486407214e-01j), (1.969074013014719855e-03+3.944460514469768438e-04j)
 (1.493397502220705497e-01+1.662703538871741424e-02j), (-1.795128628744739607e-01-1.600453765532303674e-01j), (-4.255733551179388674e-01-6.539204414258759090e-02j), (8.477194780246819494e-01-1.954161192102712719e-01j), (1.840996565856574563e+00+4.018860387586580818e-01j), (-1.984623824869871100e-01-2.941193722417660972e-01j), (-5.741574818068955616e-02+1.993950340931101850e-01j), (1.550752396992623313e-03-9.506570576412703803e-04j)
 (-1.094125119024018794e-01+1.529708670118430924e-01j), (2.164957038084593666e-01-5.980011161802266384e-02j), (-1.873551952233619422e-02+3.274169850003298410e-01j), (3.288965972014065708e-01+9.737777786203150043e-01j), (-2.739851042343711685e-01-1.862245756116737150e+00j), (-1.467549493624717705e-01-6.476959882196221818e-02j), (1.090506563832049497e-01-4.496727580467089341e-02j), (4.191983974784092566e-04-1.636382892377305541e-03j)
 (-1.270640320920884414e-01-1.225585902644921177e-01j), (7.899144448229639126e-02-3.091178438595056921e-01j), (2.608203712140735320e-01-2.323843207356600937e-01j), (-8.175576103596692290e-01+3.206748434862796149e-01j), (-1.650298961738386083e+00+1.372900316338045101e+00j), (1.980948200165747186e-01+2.103994558222671563e-01j), (-1.327615429761852262e-01+1.801149069551316595e-02j), (-8.148279247829063503e-04-1.402901274871195267e-03j)
 (4.864698822402466205e-02-1.495714510226712479e-01j), (-4.457754775392134272e-01+5.057363457836031584e-01j), (-1.714880591513658348e-01+1.749842055433494248e-01j), (-2.746054233923629351e-01-4.832586891419935471e-01j), (1.865990362570253858e+00+3.520833952674764511e-01j), (-3.115170221689338437e-01-1.588020834443284734e-01j), (1.315833154026861962e-01+1.293036422068733760e-01j), (-1.544482788678355062e-03-4.419626809686147298e-04j)
 (2.143708405457281641e-01+6.039510594309342728e-03j), (4.801426743690808685e-01-2.245539586882151495e-01j), (2.350776355297979625e-01-4.789320594242711671e-02j), (-2.762182832247825348e-02-3.499079870670176451e-01j), (-5.651229807357305290e-01-1.211242577650035734e+00j), (7.426431005314049205e-02-4.197963736883607994e-02j), (9.834714417019391197e-02-1.277773712261744687e-01j), (-1.447858544386241165e-03+7.259721181396131852e-04j)
 (-5.148919086845017007e-02+2.100014193108763472e-01j), (-2.970302185738066258e-02-3.444015397688019453e-01j), (-3.980104592375072192e-01-4.416602203640209168e-01j), (1.393693843063605609e-01+1.420142392400913778e-02j), (-7.924154311432045628e-01+1.188578194955856038e+00j), (3.828913824590065573e-01+2.874221949048843538e-01j), (-8.899105773193199953e-02-1.114293062418965502e-01j), (-6.181870450276082379e-04+1.518123642640816992e-03j)
 (-1.049482061946672706e-01-1.041722586160615804e-01j), (1.904065585982494535e-01+6.253118463963942553e-01j), (-6.122613772034343760e-02+7.385367725774356629e-01j), (3.471207989765466850e-01-2.057260857675898003e-01j), (1.183398175788491713e+00-5.112922189242904425e-01j), (-2.960547619253200979e-01-1.918704199891613227e-01j), (-8.928070119796177595e-02+3.577365458187174718e-02j), (5.074988459285779442e-04+1.567384244563649939e-03j)
 (9.266325111007545079e-02-1.493231048525287680e-02j), (-3.615583821709804635e-01-1.351498817140467934e-01j), (8.110456440943298873e-01-2.548149510814481378e-01j), (2.251859749013026546e-01+3.143488649371951049e-01j), (-6.174182753438621774e-01-6.331943136101753078e-01j), (-9.802805872658096331e-02-2.541255971664483915e-01j), (-6.839546373860218298e-02+8.302079283777524799e-02j), (1.375997634377477095e-03+8.821660317794028771e-04j)
 (3.549731689328571027e-02+5.257481399975690722e-02j), (-3.306944991484841445e-01+1.678907106527564586e-01j), (-8.365597649534567415e-01-5.799066023756470623e-01j), (-1.787710711530116903e-01+2.768117596987021978e-01j), (-2.017669326057104917e-01+1.012754251591358567e+00j), (2.689428784375695325e-01+3.522998661013885258e-01j), (1.021008600608614425e-01+1.175565855460276032e-01j), (1.586611777903330000e-03-1.795992162622102469e-04j)
 (-3.045456264177685488e-02+1.208736739370372126e-01j), (4.877834113864528698e-01-4.791829610051355770e-01j), (1.429268839328680096e-01+8.519858865078080434e-01j), (-3.701374205848854682e-01-1.202245345128767628e-01j), (5.532427219576659949e-01-3.193160145390863125e-01j), (-1.925162339661400934e-01+5.709744069067629324e-02j), (1.331526727472290006e-01-6.338963555905981206e-02j), (1.072702606387096816e-03-1.099746203721733897e-03j)
 (-1.801586811446279635e-01+6.438326270515881689e-04j), (-3.231855547882770407e-01-2.062709845945523424e-01j), (5.566220108321866533e-01-4.453584090517232474e-01j), (1.605393749517453755e-02-1.130740376670500147e-01j), (-2.578424066310591733e-01-2.787542809151827838e-01j), (-9.063533342841753604e-02-2.901209781738182114e-01j), (-3.144515318614686528e-02-1.589004801941197864e-01j), (1.154306666089767561e-04-1.454666659969086400e-03j)
 (-7.266535830042937516e-02-1.951455376342891290e-01j), (1.972696647828614813e-01+6.241452451471506402e-01j), (-7.494489556553334264e-01-1.035978329268148757e-02j), (1.839372521459645970e-01-1.139161215035745661e-01j), (-1.977385040967496455e-01+2.677784675101579914e-01j), (3.005705080881122537e-01+1.547196585762911636e-01j), (-1.414977310595353366e-01+1.089725937635213290e-02j), (-8.081377242872898707e-04-1.112005759741179585e-03j)
 (1.877106295488061016e-01-1.545107388742944787e-01j), (3.619015648163386167e-01-3.393486717695518573e-01j), (5.129382152956508678e-01+2.952352686751680277e-01j), (1.759045651827849943e-01+3.223790103513368699e-02j), (1.029639783240389461e-01+7.425320726385703507e-02j), (-5.202830829399760632e-02-1.863666146788833453e-02j), (-1.688991437507668045e-02+1.303243985494773327e-01j), (-1.262456675193352309e-03-2.790636218681607204e-04j)
 (2.055341070423076788e-01+1.528640378130415312e-01j), (-2.502922217560262785e-01-1.363468697657215511e-01j), (-8.325936933533470419e-02-5.144489250511713463e-01j), (-6.334001695009297550e-02+2.522571989840772244e-01j), (3.864490783980328303e-01-3.513788327611652162e-01j), (-2.990035380448954339e-01-8.765711004373885618e-02j), (1.154854372215889796e-01-1.016096120570856784e-02j), (-1.059718800115846049e-03+6.129919965577644916e-04j)
 (-8.373376166422824562e-02+2.307233506603623696e-01j), (-2.712769275992102935e-01+5.471367946490013345e-01j), (-4.067895553841851530e-01+4.627574292527577016e-01j), (-2.909014610564247261e-01-2.064299836645035191e-02j), (-3.714554841596327539e-01-4.110189261573031494e-02j), (1.736799684681661904e-01+2.468671464498873314e-01j), (-4.145036532442372690e-02-5.762503134780479208e-02j), (-3.382026543415521998e-04+1.126501595601625116e-03j)
 (-2.403522600216462524e-01-6.942063016482920984e-03j), (3.248304824393590806e-01-1.373314983957701907e-02j), (5.795718353717879134e-01-7.400708570444815282e-02j), (-7.530724048977072149e-02-2.856756973178873338e-01j), (-1.351341738480250909e-01+6.994307760244480310e-01j), (1.417139967037746584e-01-1.376448554859391882e-01j), (-2.104884608234118548e-02+5.695091936143911737e-02j), (5.189782628186097747e-04+1.028180175272564540e-03j)
 (-5.160500603700521327e-02-2.140447243050383197e-01j), (-1.753304596239178559e-01-6.078326754590355208e-01j), (-3.111092817794777199e-01-2.718607774886921957e-01j), (3.310627976955724527e-01-7.205795235972782542e-02j), (3.896730168013984308e-01-4.150971803836719376e-01j), (-1.340177201163084697e-01-2.627518409975927449e-01j), (9.292771233485944138e-02-4.803216197113293479e-03j), (1.079185427245676638e-03+3.930185195968213764e-04j)
 (1.434097688235504986e-01-9.336208975579150804e-02j), (-2.651342639476917951e-01+3.862193387191714677e-01j), (-2.793767575717184815e-02+3.415464447224629829e-01j), (6.460069272075433244e-02+2.359618089255115514e-01j), (-2.754280482163469213e-01-4.010432168487770843e-01j), (-7.227596081489234825e-03+2.937192833750579268e-01j), (-3.219926538995945137e-02-1.160300678619296255e-01j), (1.071561146458148081e-03-4.441877862029764952e-04j)
 (1.150044002992708370e-01+6.172924178517752436e-02j), (4.730186295338738578e-01+1.576002036591225841e-02j), (2.146104175620540122e-01-2.611067883119720934e-01j), (-1.165995599108174408e-01+6.735548325642590206e-02j), (1.069580057509254833e-01+5.162798982265611736e-01j), (-8.822818421714007098e-03+1.061956695460162248e-01j), (-1.296721115884649778e-01+4.976777759056958544e-02j), (5.124454762982350552e-04-1.060580766420643299e-03j)
 (-1.784931552876407868e-03+9.705748809026973345e-02j), (-2.115767580141572901e-01-3.572260189588873924e-01j), (-2.689478338812319458e-01+9.264197279247267380e-02j), (-6.594378865583308547e-02-1.190341740588497926e-01j), (-3.060038891306327002e-02-1.386235878482715567e-01j), (-1.875050141302178619e-02-1.949757890861522069e-01j), (7.263157721567477243e-02+1.040409292773153277e-01j), (-3.121127341535041258e-04-1.153314785093207361e-03j)
 (-4.447172426332005740e-02+3.435276540521385591e-02j), (3.708851864538501714e-02+3.747214920605632105e-01j), (1.704400338718670971e-01+1.603815625132842260e-01j), (9.888298091216574104e-02-4.270920354175894440e-02j), (-1.041379002577197121e-01+1.075472389192300149e-02j), (1.965853575983163570e-01-2.536168607813046871e-02j), (4.216613167475202761e-02-3.183261968660332925e-02j), (-9.933309855471366898e-04-6.827671023682418440e-04j)
 (-4.804996671531830410e-02+7.906598721842586497e-03j), (1.463339941939184041e-01-9.405660598252769955e-02j), (2.076297644037677914e-02-3.129730224644382552e-01j), (9.276682592279546224e-03+1.665979107225874500e-01j), (4.305515800616249722e-01-1.079834395550646892e-01j), (-1.790043179239186322e-01+2.730752751093029618e-02j), (3.939296824168578293e-02-4.986885759263583878e-02j), (-1.201187437722700362e-03+1.157396305078434563e-04j)
 (-4.506407056858707794e-02-3.341760502384537312e-02j), (-1.652345734320229409e-01-2.227801082004370048e-02j), (-1.407313068099333986e-01+2.337776795989675860e-01j), (-2.100448173844793875e-01+1.085411166571143005e-01j), (-5.047331509457755327e-01-9.892514991032541616e-02j), (-8.684570175098106637e-02+9.373467761296143397e-02j), (-7.819005324447284022e-02-3.600176840572241743e-02j), (-8.418519654991223978e-04+8.530908463668321210e-04j)
 (6.296488131879388744e-03-8.137384272412295783e-02j), (-7.152100942984854215e-02+8.211135218209390796e-02j), (1.805142767677511140e-01+3.146023202641463901e-03j), (-8.113537448088742332e-02-2.826304524446104915e-01j), (-1.014904325893742354e-02+5.045714275386621317e-01j), (1.633155604839630626e-01-1.071931512158526556e-01j), (-2.184844467396612408e-02+6.084092952471407967e-02j), (-9.678707426078180269e-05+1.178060173820249515e-03j)
 (1.133836896581444098e-01-4.305381753182745824e-03j), (9.605689123111588179e-02+4.596199395500134149e-02j), (-1.854359010714875799e-01-1.892430528315916516e-01j), (2.665054472261405571e-01-2.473998076165993820e-01j), (6.466194586116938980e-01-2.875741064679824821e-01j), (-9.564879423435199146e-02+5.080764327820531945e-02j), (5.878171960609305385e-02+2.322266890503250913e-02j), (6.716821430159215312e-04+9.453195009525173359e-04j)
 (4.419818342781545173e-03+1.153252852751666668e-01j), (2.033470868275540078e-02-2.541388695409984022e-01j), (5.780479041654626449e-02+1.497539986904991571e-01j), (2.039837723028577465e-01+2.481619895243061258e-01j), (-5.480450453305638625e-01-2.905427253805940024e-01j), (1.714378941207686247e-01+9.533341163398645346e-02j), (6.897492643167635329e-03-6.218888969888411444e-02j), (1.099049310358369592e-03+2.798235847689709921e-04j)
 (-8.981177978458654287e-02+2.674225822154348287e-02j), (-1.349708909922245903e-01+5.005972458625161658e-02j), (1.774169741619292529e-01+1.468795246352896933e-02j), (-2.516190522597280266e-01+4.123726713213398121e-01j), (-2.857632725595789513e-01+3.130444511615984027e-01j), (-8.544291309670887236e-02-2.187066770899752655e-01j), (-6.760159949763999698e-02+5.906602794650599175e-03j), (9.933798808303044917e-04-4.903086052751426784e-04j)
 (-6.749515431968632073e-02-6.764612767866973186e-02j), (1.686869237244771613e-01+2.203980689600524567e-01j), (-2.228492943519030378e-01-6.297965158320516232e-02j), (-1.946638947052340418e-01-3.025872700448047903e-01j), (4.772465927036718125e-01+4.649274192542085515e-02j), (-2.098727456247328482e-01+1.310959525288503125e-01j), (4.288936261375111969e-02+7.504031750402029299e-02j), (4.224524824254514478e-04-9.964487344456408446e-04j)
 (4.675747994808522601e-02-8.428676710575902509e-02j), (3.955030511080445677e-02-1.757431794421326909e-01j), (6.509998453672521945e-02+2.809462224280342979e-03j), (2.077159507493497592e-01-2.449221859324947348e-01j), (1.236602375950568988e-01-1.432721077425437306e-01j), (2.276097868074449526e-01+3.926073085771506627e-02j), (3.800289455902788882e-02-7.409082719480694634e-02j), (-3.259702043254480790e-04-1.006966272357694538e-03j)
 (6.429612370708150115e-02-1.018740252428446125e-02j), (-2.312501304225963172e-01-7.338011333607595554e-02j), (2.552302241731828347e-02-1.084041091423015857e-02j), (1.388669721230852416e-01+2.289893502020068639e-01j), (-2.087915123306399723e-01-8.705186620966670619e-02j), (-2.293362051000075175e-02-1.637875172967367121e-01j), (-6.039232672847787142e-02-1.077243477395915805e-02j), (-8.880950050659486240e-04-5.341345925394243386e-04j)
 (1.002694425062318068e-01+3.746215484786180605e-02j), (1.676524802591669860e-01+3.457410574516105450e-01j), (-5.957488274201640233e-02+8.863403870158872988e-02j), (-2.710821970838574457e-01+6.565335956670531603e-02j), (7.900418412060017381e-03+1.257950165768829676e-01j), (-9.621798382014558337e-02+2.086200743760057152e-01j), (-4.878430947168423126e-03+6.429645428661005802e-02j), (-1.000382187848342964e-03+1.787436918059413966e-04j)
 (-1.010722175518655869e-02+1.593134034643743091e-01j), (1.951031894800858146e-01-2.895422683115367324e-01j), (1.035349016357428875e-01-1.098905297195094943e-02j), (9.958943273432901977e-02-2.087667690236468532e-01j), (-1.033291200009352484e-01+6.206185598557037442e-02j), (1.858653543532773900e-01-3.916286338202797784e-02j), (6.426711158874065521e-02-2.892684536302764925e-02j), (-6.228640958873810345e-04+7.804210870143062431e-04j)
 (-1.413866682129615304e-01+5.271809868532371240e-02j), (-6.909313162348982296e-01-1.004066705319983654e-01j), (1.366488798734164650e-02-1.699887264892456784e-01j), (2.152895159406316983e-01+1.310341369731109484e-01j), (-1.118737739573030243e-01+5.733045778826945105e-02j), (-1.516323572279368037e-01-1.596971534582804775e-01j), (-4.484831465065974854e-02-3.788977619525045470e-02j), (4.799407902991316270e-05+9.829707594625027630e-04j)
 (-1.543039745102918747e-01-7.253393634972379878e-02j), (6.057417309797525906e-01+4.084335396449181310e-01j), (-2.547897322456533775e-01+5.882020074165997259e-02j), (-2.640897557041077537e-01+2.457552947629314533e-01j), (4.788004265987495511e-01-7.885770575183684294e-02j), (-4.140309440222910559e-02+7.729122317036415946e-02j), (-2.877309851816709993e-02+4.608507154590004568e-02j), (6.798886669601913058e-04+6.979534465531563947e-04j)
 (2.668110611642255520e-03-2.312750614734785382e-01j), (2.488687574446523110e-01-6.111655709063827935e-01j), (1.757227637074849635e-01+2.581069278546276879e-01j), (-1.615819857279323646e-01-3.158503706328318894e-01j), (-1.759070285460513916e-01-2.850106674106778204e-01j), (8.793280016247179143e-02+2.955311541522025187e-02j), (4.927443887489772745e-02+1.010159839170266492e-02j), (9.673940195644666930e-04+7.340880889677685729e-05j)
 (2.262119385897313761e-01-5.117917085133181360e-02j), (-7.101054890746386627e-01+5.414312075223719489e-01j), (2.501941524732573252e-01-2.733671972012233775e-01j), (2.779787485174710637e-01-1.494214260568958452e-01j), (-4.413629066964125380e-01+2.869950076279478290e-01j), (-5.019313585466400607e-02+7.151003781774065149e-02j), (-7.733261749665629875e-03-1.947200106329155175e-02j), (7.772883114382652617e-04-5.831322553394980126e-04j)
 (8.892364282900186434e-02+1.564779176989752052e-01j), (3.889903927415491180e-01+1.025821278123944524e-01j), (-4.187425180946798831e-01-6.887097720880912266e-02j), (3.126121298866731818e-02+2.320578005921552778e-01j), (4.798803763999623939e-01-8.653147144036622829e-03j), (9.585060132628572815e-02-8.211617764017273280e-02j), (1.414872656436443228e-02+3.117965486647063245e-03j), (2.076456650843089237e-04-9.555407241861688800e-04j)
 (-8.107662059415911282e-02+9.767925903892532569e-02j), (-1.676505344478257387e-01-5.033074557354594303e-01j), (1.248431849708956931e-01+3.116664192813224377e-01j), (-1.306056363511177154e-01-3.060810485634189032e-02j), (-1.327087694574732302e-01-1.264959442389329836e-01j), (1.244330366433396562e-02-9.278446994239171464e-02j), (-1.988827575559203031e-03-5.146656476944554137e-02j), (-4.649048502577480309e-04-8.697510845423064114e-04j)
 (-7.097996114371525611e-02-3.194632524853396882e-02j), (8.889725606528083024e-02+2.126391419734091903e-01j), (1.639643631756433628e-01-2.188489507899682718e-01j), (1.661131061733372716e-01-9.222822912458825129e-02j), (-1.763776599552566160e-02+3.849353222484332426e-01j), (-1.733613974893986054e-01+1.631555294590537053e-01j), (-8.217685604803706689e-02+4.139922740164582449e-02j), (-9.212158754937571029e-04-3.724601786863672654e-04j)
 (6.078370692923946994e-03-2.997016154917263309e-02j), (3.364385941165377175e-02+2.176585122981534309e-02j), (-1.577330927481240819e-01+7.393530660576172475e-02j), (6.443500749048114429e-02+2.806748403524823021e-01j), (2.566216014206970653e-01-4.578721071369120654e-01j), (1.058704521892859102e-01-2.456831235426269744e-02j), (7.780001882504580801e-02+4.843308723269228178e-02j), (-9.516193430275897425e-04+2.972798197157058061e-04j)
 (-2.371039991594631191e-03-2.671634964848276783e-03j), (-5.824872767394068118e-02-1.860998554286094619e-02j), (9.105325074260915696e-02-3.469918301465671484e-02j), (-3.415199071870859138e-01-3.002505697480672975e-02j), (-5.432912629286730244e-01-2.446285090689589992e-02j), (1.047526258245910780e-03-1.146384755448802695e-01j), (8.454600098380591483e-03-5.984417145613858680e-02j), (-5.511640579049088785e-04+8.265342640834455121e-04j)
 (-4.628313800313442472e-03-2.903036260356377241e-02j), (5.615733273486786525e-03-9.027680824024308937e-02j), (-1.398603254390594630e-01-8.174089242144441658e-02j), (-1.325601925482783328e-02-2.448499816965570564e-01j), (2.386588131101394228e-01+4.256021800722946669e-01j), (-6.222761609655406978e-02+9.609217062800527731e-02j), (-4.995780483231257452e-02+9.217382815515429151e-03j), (8.511072131427404718e-05+9.776801880654962043e-04j)
 (6.119602907438000117e-02-2.208345082104107987e-02j), (1.136197541835304858e-01+2.071530370082949324e-01j), (1.121963232694223322e-01+2.326085554296689617e-01j), (2.137839583709100211e-01+3.488543851115760014e-02j), (2.380281345792400749e-01-3.680897754306076131e-01j), (1.099275299770518105e-01-1.135309302022426484e-02j), (4.715490177690323526e-02+3.832490415504161141e-02j), (6.609381447788394365e-04+6.964708245690062055e-04j)
 (4.236373388485088765e-02+9.012564609757148237e-02j), (4.652719466863672326e-02-1.679112816498281313e-01j), (6.449624472666831698e-02-2.110038399241060403e-01j), (-7.200035345618771565e-02+4.651952270245789112e-02j), (-3.069777361564279827e-01+1.719619280185424315e-01j), (-1.676992735113789004e-02-2.862064793841891108e-02j), (3.634242149357327922e-03-6.182876387170095633e-02j), (9.211471855206145856e-04+1.293842081573837654e-04j)
 (-9.493030219675610559e-02+6.343666913585567502e-02j), (-3.615089139241536298e-01+6.267964054862264212e-02j), (-1.559377169955374343e-01+4.485834970934127891e-02j), (7.125731551409092424e-02-9.595915604428711942e-02j), (2.509922397652653014e-01+6.030021214653968897e-02j), (-7.683596448761265130e-02+6.418589921703682366e-02j), (-5.476161457582290337e-02+1.006658566100580854e-02j), (7.682962217486768389e-04-4.541823163246162635e-04j)
 (-8.300862629094950262e-02-6.857176141578635864e-02j), (2.988751207895399276e-01+1.456470247453688083e-01j), (1.105421347240282404e-01+7.518607457825915441e-02j), (1.251509341364365202e-01+1.732803433492928202e-01j), (-3.793314235200473394e-02-2.679387587533879622e-01j), (6.324630020294796928e-02-9.520588680199305875e-02j), (2.976926898171210201e-02+4.869494231158437436e-02j), (2.994488376297528955e-04-7.937610786718103098e-04j)
 (2.582866170455829294e-02-9.493578029799559781e-02j), (1.030453225818023233e-02-2.828068756169928033e-01j), (-9.101878335469767989e-02-6.943604787029533654e-02j), (-2.592265949493030019e-01+3.879345318590223662e-02j), (-1.945307030061357578e-01+1.926995771515529199e-01j), (-9.115300277641642801e-02+3.416091418775234201e-02j), (7.120299964894282602e-03-4.742714704864181563e-02j), (-2.506272209819225506e-04-7.585456184041206723e-04j)
 (9.510447799896010190e-02-8.046866417052614406e-03j), (-2.118180845002175516e-01+1.818220255345689429e-01j), (7.674346234952998669e-02+6.888804546661222994e-02j), (-4.484927926542925380e-03-2.301257821340685072e-01j), (-1.731352219954712668e-02-6.561904246075750402e-03j), (5.225934360377014476e-02+7.960241045450953956e-02j), (-2.645441571570471273e-02+2.915323059225025104e-02j), (-6.281616532589001179e-04-4.000603598784050049e-04j)
 (1.522395918740009069e-02+8.293640615216470169e-02j), (9.564565435933619630e-02-2.588201424265065831e-02j), (4.869976823523559928e-02-1.340973117792337022e-01j), (2.990036744427599924e-01+1.067336580814535196e-01j), (6.855141618909349477e-02+6.829790359132822952e-02j), (1.109199678555417845e-01-1.098274542305605339e-01j), (2.874648261569535609e-02+1.280217817471475047e-02j), (-6.810494191384310796e-04+8.488839817524015258e-05j)
 (-5.917787413444557804e-02+2.984065542850217190e-04j), (2.384485214514981549e-02-1.237549457513942297e-01j), (-2.081760456701904349e-01+6.954823283791441990e-02j), (-2.222443190249396294e-01+2.484275208689522008e-01j), (3.158029393524721118e-01-5.056192246551227676e-02j), (-1.318352372221803237e-01+4.358702649732358603e-02j), (1.547425625913783492e-02-2.076083484334236007e-02j), (-4.234292037187318940e-04+4.583886341785927809e-04j)
 (1.505544729124259559e-02-3.107654939136458849e-02j), (1.352399897670502615e-01+8.048346024085659134e-02j), (1.576119554406408552e-01+1.474917300547048671e-01j), (-1.858821573613530231e-01-2.847187548484071407e-01j), (-2.101402561647578715e-01-2.411793447821872216e-01j), (-4.433624021105558866e-02+1.901191869873371243e-02j), (-1.728516071519831110e-04-2.610318968591533381e-02j), (-1.604562310958813735e-05+5.587309033777983604e-04j)
 (1.255271746312376646e-02+1.923010278409587048e-02j), (-7.896406487793228290e-02+1.052245968979269586e-01j), (1.316625108510308118e-01-1.999196428903599332e-01j), (3.115231164720547730e-01-1.280893017742617823e-01j), (-1.958939721561375191e-01+2.412651466979693071e-01j), (1.726178025884429201e-01-2.866263637799247588e-02j), (-5.209989979338199018e-02-9.130351940072542472e-03j), (3.234080716154649326e-04+3.730701415983653886e-04j)
 (-2.259385662747950135e-02+8.367837933298510888e-03j), (-1.309647773715053587e-01+4.053082247644057556e-03j), (-2.596442539505642300e-01-3.619261998598098662e-02j), (-2.377179134696979362e-02+3.380989576095042581e-01j), (3.239284191937794044e-02-3.062177556635573700e-02j), (-6.998421210297475770e-02-7.503538017773758728e-04j), (3.330776652603921126e-03+5.196262933647608634e-02j), (4.321940583738576166e-04+3.227395958463915963e-05j)
 (-8.181208798484371214e-03-3.351949229995612040e-02j), (-5.734029094828163586e-02-1.658874756871336342e-01j), (1.255854011146806393e-04+2.491868344982864081e-01j), (-2.957256308587886684e-01-9.935705469945561863e-02j), (7.352212516842729362e-02+1.142842320339257089e-01j), (-1.071628202180404665e-01+4.147055412267092178e-03j), (2.831567174058579120e-02+1.921853536077270524e-03j), (2.801991612368943518e-04-2.653480880186049858e-04j)
 (3.944403789841487151e-02-6.584615147433026117e-03j), (2.050635497312015554e-01+3.386095927797855287e-02j), (2.619635035056652739e-01-1.314043416126964847e-01j), (2.472047833560191976e-01-3.285563096852882059e-01j), (3.336337593174322769e-01-4.004460828716097098e-02j), (1.046911455367444121e-01+1.634079818626092695e-02j), (1.115863365474442995e-02-1.922331590618525654e-02j), (-2.359552662285486872e-05-3.598079698536639243e-04j)
 (1.253292302409937664e-02+2.717519290647260263e-02j), (4.258893106927003069e-02-4.528200677744928515e-02j), (-1.949755902643961480e-01-1.490012873180303066e-01j), (2.172824908928622234e-01+3.008803741807859478e-01j), (-3.022379529573686607e-01-3.698402496666935990e-01j), (-2.573248930499161952e-02+1.195806776185089765e-02j), (-1.373498780640028741e-02+2.861423434457451009e-03j), (-2.957217278597010419e-04-2.101465034543408559e-04j)
 (-4.810383389456079906e-03+2.508603233251047865e-02j), (-1.822135961013399696e-01+2.121588027676207244e-01j), (-7.685436953008974170e-03+2.000659328542453430e-01j), (-2.899903437787113569e-01+2.182445103572117073e-01j), (-1.972812806957442433e-01+2.905959990535813553e-01j), (-2.094519994832053089e-02-1.938568834942952512e-02j), (2.931334156315012693e-02-7.966804464254250567e-03j), (-3.781240205987045728e-04+8.972055701397156982e-05j)
 (-2.102431199432357872e-02+1.385771186958709156e-02j), (1.667535906352685671e-01-1.347021439010961663e-01j), (9.273272535296520069e-02-8.136407050996195822e-02j), (-9.895490132316803189e-02-3.377285023654117424e-01j), (2.572724006241696171e-01+1.697878245097926564e-01j), (1.138784732899777302e-01-2.469483315689525310e-02j), (-4.139288979693752507e-02-3.623772020399732702e-02j), (-2.210486017279588030e-04+3.656446706286667868e-04j)
 (-2.762710261695892899e-02+1.320141812112518923e-02j), (-1.650555791799937777e-01-8.260359521045054776e-02j), (-8.598724749580095861e-02+6.784920524296586541e-02j), (2.121479341337395019e-01+1.793467739226312085e-02j), (-8.637843040837334119e-02-1.512106269853797924e-01j), (-9.537153002478425401e-02+3.658083380912492688e-02j), (-1.591817237291466569e-02+4.033370677346030664e-02j), (9.307491666784965551e-05+4.580539230992022610e-04j)
 (-5.729050252923152675e-02-3.200533224993462600e-02j), (8.981815090597491946e-02+2.993677313377557381e-01j), (1.054396651475804775e-01-4.292265623587895873e-02j), (-3.177474040228561725e-02+2.085204033031568260e-01j), (1.690830522546674652e-01-6.616063134942967716e-02j), (-7.304754379805522557e-02-6.580182963031244725e-02j), (-2.522936656217143053e-03+2.507085031408713000e-02j), (3.955162173337559714e-04+3.069723627085853084e-04j)
 (8.816554123511274876e-03-8.584056005352014296e-02j), (7.619239216465620301e-02-2.928577405893956209e-01j), (-1.083194385144001792e-01-9.750996779267846748e-02j), (-1.576702113046149767e-01-1.304071518290711162e-01j), (-8.335957164382684637e-02-4.089294773517349046e-02j), (6.295981878810127941e-02+3.076022061865538865e-02j), (6.475447780194389102e-02+2.147000604917979893e-02j), (5.217093535139975639e-04-1.654743850942473789e-05j)
 (9.870533886779093991e-02-4.329240674761089536e-02j), (-3.026200771153492175e-01-6.115052957676697654e-03j), (1.303970833261751394e-02+1.722862182202547499e-01j), (1.207006284865273504e-01-8.316871202631001547e-02j), (-2.408093563618888822e-01+2.191688209396526199e-01j), (9.989221211903041853e-02+1.797153406068703330e-01j), (1.834126317532397410e-02-7.916358448805291270e-02j), (3.987113486096613185e-04-3.480751808479637648e-04j)
 (9.055316927044032571e-02+9.955931281839135172e-02j), (2.474212068645977314e-01+2.549370405008283269e-01j), (7.544967926788158363e-02-1.094296836336998424e-01j), (1.351454355552487996e-02+7.403980010071029016e-02j), (2.215202223058275188e-01-2.127834531909111593e-01j), (-4.828504694611101405e-02-2.082470262943968420e-01j), (-7.945063922865308603e-02-2.043009021562972732e-02j), (8.427643628439748878e-05-5.163080473382495759e-04j)
 (-7.194335531770273962e-02+1.043033154379970351e-01j), (1.013509029117331678e-01-2.539219895007980288e-01j), (-8.736902548561112369e-02+3.427525547850234638e-02j), (-3.082648759277360762e-02-3.143931985888259728e-02j), (-4.364825193039162388e-02-2.985257587501011223e-02j), (-1.202415933977024898e-01-8.562617681169587547e-02j), (-8.599422782148702371e-03+6.753255295869614594e-02j), (-2.624948516850045830e-04-4.332593095358558974e-04j)
 (-9.779671880958459851e-02-9.793889357750971275e-03j), (-2.997830977015036313e-01-1.871891916993476818e-02j), (1.071895543612245982e-01+1.083313945342766205e-02j), (7.743655238481583769e-02+8.841494592357057591e-05j), (9.933320532726519492e-02+2.799622093366995190e-01j), (8.711058021717579813e-02+2.504006231589854248e-01j), (2.924560666878354281e-02+5.645447066259384750e-04j), (-4.636370814046704729e-04-1.413201504768819947e-04j)
 (-5.141488468289287517e-02-9.363823500978468717e-02j), (1.994538185134217823e-01+2.306945386726077518e-01j), (-1.109046052258779724e-01-1.000069505038187478e-01j), (-3.004406164327633189e-02+1.035328308909247014e-01j), (-4.196276058754369598e-02-2.437658415765945885e-01j), (1.857369864429653239e-02-1.171379990089880807e-01j), (6.088263479451783838e-03+7.154024497046510001e-03j), (-4.153256595202839516e-04+2.073310424122934014e-04j)
 (7.933209884146860680e-02-7.172303449061219471e-02j), (1.406611085364095903e-01-1.417249178404511034e-01j), (-1.045051615882384988e-02+1.440293234164115865e-01j), (-6.081321961846736235e-02-6.313455119949978878e-02j), (-9.705078790638688169e-02+1.140585431733733834e-01j), (-6.707207456599777184e-02-5.861713020959789799e-02j), (3.451638492519593787e-02-1.059118274798105143e-02j), (-1.433250962884256114e-04+4.287489672468244731e-04j)
 (5.811985000730097994e-02+3.283829986373962284e-02j), (-3.262765634128967362e-01+1.788536285739043830e-02j), (1.437025172908054926e-01-2.495435386677516409e-02j), (1.147931854382677752e-01-2.280152522520723091e-02j), (1.419500715751832731e-01-4.489728982954736825e-02j), (1.394496297714648558e-01+1.507663553738731455e-01j), (-1.726530940053593033e-02-4.682284803721951244e-02j), (2.081416957294286154e-04+4.029102010198691835e-04j)
 (2.728570315695035692e-02+4.358430088038336980e-02j), (1.025867398532767649e-01+9.147793867907144660e-02j), (-8.297032876062274132e-02-8.460953472708371281e-02j), (-8.709560821801065611e-02+1.668302381103203280e-01j), (-3.552147139316220725e-01-1.156034874838899329e-01j), (-9.186424533160275629e-02-1.508952176529700095e-01j), (-4.151947988319647231e-02+1.151818995893947456e-02j), (4.492182270790630533e-04+1.379504917917111608e-04j)
 (-3.248451568740987755e-02+5.886800416042708983e-02j), (1.535176825407573442e-01-1.947223641197047828e-01j), (-6.694072662161661136e-02+3.034892473223003984e-02j), (-2.287317512913548956e-01-7.906424033604576851e-02j), (2.677786410724453670e-01+3.556460866269044452e-01j), (-1.111789701288922461e-01+2.125478737800819140e-02j), (3.531213158443763378e-04+3.778675622642600762e-02j), (4.424470404749270675e-04-2.305882528772755383e-04j)
 (-5.165495682923702120e-02-6.612088742760053456e-03j), (-1.766241093413379870e-01+8.878106933340532136e-02j), (6.586899469107843075e-02+3.044306441507885208e-02j), (1.457020741656937513e-01-2.882404479714688605e-01j), (3.858423197385777437e-01-3.771960734205417332e-01j), (1.684304119394073318e-01+1.224311876325114290e-01j), (2.508991649343135510e-02+8.684495477424065968e-03j), (1.762075496380395112e-04-5.063178109470570622e-04j)
 (-2.788739370507697241e-02-2.835210413579193622e-02j), (8.499843841742102390e-02+1.470159495368810465e-01j), (3.536121681064377520e-02+2.138278716298383508e-02j), (2.787640615269347810e-01+9.346438257239930714e-02j), (-6.065303321444757145e-01-2.722599161241823218e-02j), (-1.065036938125235588e-03-9.285768969007071605e-02j), (3.194901003822726154e-02-1.983378658801676631e-02j), (-2.244705277353707543e-04-5.317474244446869199e-04j)
 (1.476739668833177560e-03-4.237028813551554918e-02j), (2.961986581947977093e-02-2.344755588634018229e-01j), (-6.649917021806997508e-02-6.520875013275005683e-02j), (-7.785233609233446761e-02+2.060948025311127307e-01j), (1.236863034977780107e-01+4.179775870455719744e-01j), (-1.260240958828477420e-01-8.168419352789890731e-03j), (-3.741249657857794592e-02-3.748660818473578682e-02j), (-5.566555771395080348e-04-2.712534632377408637e-04j)
 (2.968643400927192810e-02-3.209819712318569274e-02j), (-1.809824651715483956e-01+1.263697078276092567e-01j), (1.014994711427197327e-02+3.163028329814020212e-02j), (-1.639904439088145649e-01-1.082355148157579383e-02j), (2.571784528712949269e-01-3.323811630983601884e-01j), (8.437011673348489282e-02+1.077103066740488224e-02j), (-2.080614355472846372e-02+4.098661459324837164e-02j), (-6.398124865774838365e-04+1.650999701711648531e-04j)
 (6.171467458728534944e-02+9.402494153324267301e-03j), (2.191667499967548671e-01+3.832510814574197067e-02j), (7.401160945953066950e-02+5.454642840904633250e-03j), (5.059885472385157457e-02-3.819370642163522067e-02j), (-3.066909648095541008e-01+8.476232573249693758e-02j), (-1.153536822401636519e-02-1.292405018913021786e-02j), (3.677240292948311118e-02+7.271665302159363575e-03j), (-4.082845137657335928e-04+5.703596849796413589e-04j)
 (7.508694315551026066e-03+6.783026245422435485e-02j), (-6.958582316478903462e-02-1.888366153561990834e-01j), (-1.064770853446850019e-01-4.263430539148682641e-02j), (-2.335159289955453937e-02+4.917560328745575193e-02j), (2.454707179780528103e-01+8.204793138330088165e-02j), (-2.293491016544529915e-02+4.196529028898227098e-02j), (-1.574707871416107519e-02-2.408211467095170213e-02j), (5.041010595423505054e-05+7.395798589391574043e-04j)
 (-5.496974118765027284e-02+2.552924282921056887e-02j), (-1.048935579436499621e-02+1.578699916551930260e-01j), (1.091027760335672170e-02+1.012488179740909794e-01j), (-7.735150197925413917e-02-9.347151419121205174e-02j), (-6.654855228897341157e-02-2.598704861375684683e-01j), (3.766864963101688307e-02-1.708048842983851331e-02j), (6.752110263954443775e-03+1.812329547565717097e-02j), (5.317753804988333520e-04+5.710378670960602511e-04j)
 (-3.972618382306526696e-02-4.605617390233093800e-02j), (2.421023865791241403e-02+7.417337690915026815e-02j), (1.628276066524527166e-01-6.142375565856485198e-02j), (8.628897514257391488e-02-8.488863521440774551e-02j), (-1.655240443586272758e-01+2.555453264248743750e-01j), (-1.444257804663537370e-02+7.492418832152583641e-03j), (1.141972833294965795e-03-5.569786095956121702e-03j), (8.089342143786826429e-04+1.200524173396676480e-04j)
 (4.510419787924609125e-02-3.731785536107336265e-02j), (-8.233789321202911182e-02-4.766183070147252121e-02j), (-1.798323633238906871e-01-1.200648098868702385e-01j), (5.103882557384955415e-02+7.984147269527228086e-02j), (2.085590007088615472e-01-5.411641186416787930e-02j), (-1.109308030629897052e-02-1.841314529425661095e-02j), (1.014714601902946996e-02-1.355114825420700164e-02j), (7.406624880779335424e-04-4.218158003676201334e-04j)
 (2.363704418030617913e-02+3.642540563576147222e-02j), (-6.050695906798686519e-03-1.615186908700777801e-01j), (-4.554765250069406357e-02+2.221464781587546011e-01j), (-4.365962993260175118e-02+2.869341042949283965e-02j), (-9.003481292844814354e-02-9.984557392020212974e-02j), (2.788246408941642829e-02-5.010723116044182857e-02j), (-2.265436423451200332e-02-1.128078585026008260e-02j), (3.407910817551565831e-04-8.133790821203998149e-04j)
 (-1.927386016778163610e-02+1.726711528549964431e-02j), (5.392072226676788982e-02+7.436694592428728934e-02j), (2.199671738914560359e-01-1.093400206703846189e-01j), (5.714993337418695224e-02-1.926453051953089246e-02j), (2.743032897696988381e-02+1.728268705037775965e-01j), (-3.706384153993276531e-02+1.184375974920106600e-01j), (-3.205837027526237809e-02+3.088778043967521647e-02j), (-2.248700500953918716e-04-8.754806700054990933e-04j)
 (-1.976623820513045277e-02-1.262311760124765897e-02j), (7.090127249567837464e-02+3.907217876008430013e-02j), (-1.553113028976692012e-01-5.498427312608006323e-02j), (-2.021725296591844745e-02+4.179181817386778963e-02j), (5.150501683956348886e-02-1.191476744282399247e-01j), (2.021448498655189357e-02-2.169489052356284031e-02j), (6.230388005441214044e-02+3.620372078148945127e-02j), (-7.132067913443218598e-04-5.746094136537969934e-04j)
 (2.405246953156264106e-02-1.659035377551281581e-02j), (-1.041845043462552717e-01-2.101528953514508746e-03j), (5.333916954574455249e-02+1.223110053276965647e-01j), (-9.206161237694579502e-02+1.456840954746305150e-02j), (-1.530570326826965477e-01-1.925482577287884745e-02j), (-3.301979296126320018e-02-1.334069587460604001e-01j), (1.816563273431611586e-02-6.587960847175962364e-02j), (-9.148529530581428915e-04-3.872218607710222610e-05j)
 (6.331101398865689178e-03+4.027461834342439817e-02j), (1.305321374792866584e-01-2.041158580979293702e-02j), (-1.424209839570134140e-02-1.529386391616101570e-01j), (3.789804303393914248e-02-9.010369309296140106e-02j), (5.176848320648508306e-02+5.802024181228293553e-02j), (2.610455722364665720e-02+1.096550573174323168e-01j), (-6.397990303282427571e-02-1.969862847246280080e-02j), (-7.490929609413156994e-04+5.020080276118284819e-04j)
 (-5.005674181739386275e-02+3.022824362748505189e-03j), (-7.764701879834001730e-02-2.748169703345750003e-02j), (-1.029102647212991883e-01+1.732402132663398153e-01j), (4.687243297062584912e-02+5.335787876459160972e-02j), (6.489798210186220606e-02-5.734200669113675985e-02j), (5.478065771894841118e-02+3.057343880594664415e-02j), (4.715138985454697673e-03+7.360217104658586806e-02j), (-2.981188367744964755e-04+8.210025811769652068e-04j)
 (-1.006689013626378693e-02-5.390710262370832645e-02j), (-4.541671280686476742e-02+2.267294649596197365e-01j), (2.641416400596801606e-01-4.317092710072621686e-02j), (-5.400391141729560252e-02-3.830130781814627960e-03j), (-1.587770181447745177e-02+7.564807613521443153e-02j), (-5.116009959145029207e-02-8.466656008472911443e-02j), (3.948851607777154049e-02-3.606091685218158066e-02j), (2.345493915431971907e-04+7.973192774265842019e-04j)
 (5.139512908817812920e-02-1.586824486070412266e-02j), (-2.616886909497061903e-02-1.939655724289824912e-01j), (-2.036921526484684886e-01-1.874269199862080570e-01j), (4.067893437843861371e-03-6.257906536171869982e-02j), (4.995149285400479755e-02+3.763517706375285599e-03j), (-5.114197591661093223e-02+5.057875037586935518e-02j), (-2.006480368699528616e-02-7.840900458782993840e-03j), (6.204388386490284355e-04+4.661640531548885084e-04j)
 (1.541520742070028038e-02+4.034624714359767716e-02j), (1.921921037689264256e-02-9.342378534178287508e-02j), (-5.460746409991225347e-02+2.204886388611939085e-01j), (1.069324325794579617e-01+4.483684338487142762e-02j), (-8.511207053306121817e-02-1.243503441158095857e-01j), (6.545236896875974986e-02-5.597222106280757420e-03j), (-1.183710019934187951e-02+9.593420405190837552e-03j), (7.106559576680144749e-04-4.485929825301859450e-06j)
 (-2.832954396765643978e-02+1.502561091921425854e-02j), (9.756875678159751542e-02+8.384360458249444370e-02j), (1.304973937305833886e-01-4.528365301196497772e-02j), (-4.531747581343298359e-02+9.906899604924071512e-02j), (-9.624006464660361804e-02+7.524094781757806327e-02j), (1.413067227201710019e-02-1.096472779635176975e-03j), (9.877461869703819952e-03+2.692467531616088428e-03j), (4.991659598340772181e-04-3.978547498570067856e-04j)
 (-1.609005445945165674e-02-2.588543570563224538e-02j), (-7.570635197925824900e-02+8.571828801276183685e-02j), (-5.634410595045186154e-03-4.216154095375818089e-02j), (-1.440050046893239510e-01-5.873879668383202857e-02j), (1.780417518899285456e-01+1.256202081941688586e-01j), (-5.913332503921830963e-02-2.756873364916290203e-02j), (-4.437714180704058209e-03+8.505582076654361057e-03j), (1.164146401576445725e-04-5.511314727431795152e-04j)
 (2.911178295008839956e-02-1.303740956272853718e-02j), (-9.216232884342562270e-03-5.447527488433642762e-02j), (1.169345216833305931e-02-2.020723216005204659e-02j), (4.026769991289463890e-02-9.494957570535589308e-02j), (4.642015722712042325e-02-2.005741374238095842e-01j), (3.618379774007571270e-02+2.556384452311295102e-02j), (1.679130468660167130e-02-8.632402432276475857e-04j), (-2.409391609829364183e-04-4.275005392023478474e-04j)
 (6.767434570313798914e-03+2.497921174660619470e-02j), (2.588530383981824112e-02-1.049563861334544268e-01j), (-1.338959255482932986e-01+2.203783430982786395e-02j), (1.216909618009467953e-01+1.583205559895247555e-02j), (-2.073382549817149867e-01+3.214167812481849573e-02j), (2.592438696115600960e-02+2.720256269970744434e-04j), (2.906913638089536622e-03-1.456748731953882992e-02j), (-4.079023521589102402e-04-1.242963944446901035e-04j)
 (-1.111972391075061184e-02+4.026207715678006838e-03j), (3.883600437184445142e-02+1.151192636187950979e-01j), (1.072180817842768308e-01+8.661689775327666152e-02j), (4.133143876433584274e-03+4.189154046236820417e-02j), (1.167009200259250257e-01+1.794668212800740736e-01j), (-1.002611079507584879e-01-1.132648973641231516e-02j), (-9.255920199319034314e-03-8.236849643498383999e-03j), (-3.282564937544501637e-04+1.838634257898751848e-04j)
 (-5.130541153822262834e-03+3.832995364639324443e-03j), (-1.275237737291126661e-02+2.041552352651676561e-02j), (2.941455496429332128e-02-1.080297993393805611e-01j), (-3.968066157522964765e-02+6.926008243211312365e-02j), (3.328784121580374844e-02-1.615758890100575385e-01j), (1.101631409278586160e-01+2.987249055720592184e-02j), (-1.759061781096269220e-02+7.960555079293551994e-05j), (-7.429954303879004324e-05+3.364528838010624420e-04j)
 (-1.458588901789306669e-02-5.237685208077602628e-03j), (-6.731640356036300288e-02-5.844221426997822655e-02j), (-7.355019584474925542e-02+2.834022738373279116e-02j), (-2.868656732528403197e-02-5.057907749914247741e-02j), (-1.591508401808048312e-01-1.656269698930312728e-02j), (1.133218629477669714e-03-3.662941334394421988e-02j), (7.614333285459115586e-04+2.272011929702780555e-02j), (1.980231631910191539e-04+2.665618223515892884e-04j)
 (3.680233014768261035e-03-2.070446176111642722e-02j), (3.951725944144973690e-02-5.685948848176691772e-03j), (2.984122706903927225e-02-3.624029837915582197e-02j), (-4.115563536530819633e-02+1.175726950591401976e-02j), (1.697331699141180206e-01+8.464034295394315399e-02j), (-1.035435770752808765e-01-1.880687187700616492e-02j), (1.327924470019436337e-02-4.112113488051412358e-03j), (3.337372320464590536e-04+2.959925943219247034e-05j)
 (2.056037436164240978e-02+1.356812851050340218e-03j), (5.240016236279357309e-02+7.149292583492128372e-02j), (-4.550432769783652187e-02+6.973620435391889028e-02j), (2.610503454243078003e-02-3.895260230297259429e-02j), (-6.029180547019563630e-03-7.382462753102025932e-02j), (8.195624177419835732e-02+6.115303241366540354e-02j), (-1.192177950680543830e-02+3.638739152514194192e-03j), (2.593776564233111950e-04-2.313406963092047575e-04j)
 (3.872952758886008540e-03+1.603784275523855926e-02j), (-7.276060605371470480e-02-4.828486650299533556e-02j), (1.041583130491615106e-01+1.022044826316237387e-03j), (3.601935298542618957e-02-2.731671636043599138e-02j), (-1.135238103448406033e-01+4.981365113225633134e-02j), (-1.957768845564078486e-02+1.530898597548584900e-02j), (3.504186582631535485e-02+2.129027006014374418e-02j), (1.889382693351653215e-05-3.639458983265579563e-04j)
 (-1.512618256380574011e-02+9.612688181482307789e-03j), (-1.303981671734322223e-02+3.670960893286695503e-03j), (-7.402429055486001164e-02-7.855009952269517703e-02j), (2.269253501417312774e-02+6.247063934745469838e-02j), (4.452241557989610604e-02+1.180374736886818932e-02j), (-4.508680906519260678e-02-9.470153638652267780e-02j), (1.598988347152417722e-02-6.340216179719845857e-02j), (-2.521852952726221474e-04-2.879141358094549448e-04j)
 (-7.401677389114263983e-03-1.897566605681445806e-02j), (3.966893776906310620e-02-9.974745876625112917e-03j), (1.324765209910358510e-02+9.061514787618513145e-02j), (-5.553162129643512968e-02+2.077739146985763119e-02j), (3.493145233298447505e-02-1.209035870770991394e-02j), (8.434455578770005957e-02+3.215109480057098956e-03j), (-7.264099816251204378e-02-1.101308624873306372e-02j), (-3.998704005681989228e-04-3.731762603953643620e-05j)
 (1.701788294507142890e-02+1.600267395350019051e-03j), (-3.331849167068567930e-02+3.168760073844062441e-02j), (2.727218935921470536e-02-8.854300175754314939e-02j), (-4.115499437285088935e-02-8.495540914999943904e-02j), (6.552591695838033692e-02-2.946546590727683324e-02j), (-3.706167400934179401e-02+1.222772757994368131e-01j), (-6.059341673665945283e-03+7.149233917350439338e-02j), (-3.338988856847552528e-04+2.571211388658471188e-04j)
 (-3.173092751447725846e-03+5.374484872648722933e-03j), (2.028725062150682490e-02-8.658791366763007868e-02j), (-1.023271817563016217e-01+7.135558610409842295e-02j), (1.279458646898836982e-01-9.259240127262924336e-03j), (-1.501329002511951338e-01-4.205356608400082075e-02j), (-2.285338132751968399e-02-6.221823043392965547e-02j), (4.963045071495925109e-02+1.503648893105474782e-03j), (-7.661795202704114668e-05+4.362381849336016693e-04j)
 (3.280937556878207872e-03+6.696228199457476826e-03j), (1.539536607393611478e-02+3.711168318185897874e-02j), (1.243678119989555242e-01+3.257880026283133112e-02j), (1.814999445933646038e-02+1.029272200995341724e-01j), (-3.548786249571311835e-02+1.341315715654382013e-01j), (3.020964515502430614e-02-6.944828136472622204e-02j), (1.334923475166669912e-02-2.584583637015903240e-02j), (2.464998737616167293e-04+3.958715110617570462e-04j)
 (-1.098386734626152772e-02-4.969843619558184100e-04j), (6.941056425560765408e-02+4.734363335684699248e-02j), (-2.978638642420454452e-02-1.402052252963119638e-01j), (-1.669141937566195888e-01+4.149270253898335037e-02j), (2.181202810562831162e-01-1.159235604037989198e-02j), (7.082869764486882103e-03+9.036794245902890488e-02j), (-1.901226354760502876e-02-1.531631350138918518e-02j), (4.699158983656149743e-04+1.426827345232656297e-04j)
 (8.442920431783448865e-03+2.597960084328117258e-03j), (-1.249637071432173896e-01+1.231553038181398829e-03j), (-6.599270862678319194e-02+8.529229023179531188e-02j), (2.708411973310662080e-02-1.384262008738370575e-01j), (-1.074879346010345627e-01-1.203029808118044053e-01j), (-4.220017833910341687e-02-8.090870316501824755e-02j), (-1.640573211652507357e-03+8.703030844401160593e-03j), (4.725945829497789526e-04-2.063702120334955700e-04j)
 (-2.089078467385148061e-02+1.202145884771886608e-02j), (3.595666392939415867e-02+1.229802929206358364e-02j), (6.030120107109171457e-02+2.635917402229748241e-02j), (1.050697216535113609e-01+1.161302782866829864e-03j), (-1.078499422333234481e-01+3.663278705978156857e-03j), (-1.339844854419058873e-02+5.737786013203269309e-02j), (2.162165745108003689e-03-1.392993655498506178e-02j), (2.410607638358237739e-04-4.810143525181866109e-04j)
 (-1.750451037733509463e-02-2.482682628378447831e-02j), (5.483072394783683468e-02-1.395420765667000351e-01j), (-1.084549039106713630e-02+6.587339168729403061e-03j), (-4.076652229095387159e-02+7.747657545223268771e-02j), (1.539400523208292182e-01+1.574514358282375071e-04j), (8.026301625928373984e-02+1.194966588540879449e-01j), (-3.669381275564455314e-02+6.272563283019385802e-03j), (-1.212649621492603797e-04-5.425702303349217402e-04j)
 (1.437776446286750942e-02-2.952221921487008238e-02j), (-8.328584985601183988e-02+1.646735669649568301e-01j), (2.855707397744922105e-02-7.636844026316930156e-02j), (-6.122016597040637331e-02-3.343895506483574032e-02j), (1.001636848931941604e-02+1.476132292410685665e-01j), (1.230242665836513150e-02-2.319695070533139281e-01j), (1.916740342543693520e-02+3.682681278091186339e-02j), (-4.435866848698601962e-04-3.540449472874854057e-04j)
 (3.666444210790767433e-02+0.000000000000000000e+00j), (8.007040055881627094e-02+0.000000000000000000e+00j), (-6.195261230851806938e-02+0.000000000000000000e+00j), (1.029879694864281325e-01+0.000000000000000000e+00j), (-1.321961407116798437e-01+0.000000000000000000e+00j), (-1.111264407892030848e-01+0.000000000000000000e+00j), (2.407888743074210192e-02+0.000000000000000000e+00j), (-5.715665295934787941e-04+0.000000000000000000e+00j)
