 (1.593879711298675783e-01+0.000000000000000000e+00j), (3.031858599113759212e-01+0.000000000000000000e+00j), (9.255595471268643348e-02+0.000000000000000000e+00j), (1.053001370294183170e-01+0.000000000000000000e+00j), (-3.649658630456681374e-01+0.000000000000000000e+00j), (4.912920353355650915e-01+0.000000000000000000e+00j), (4.179558631537929614e-01+0.000000000000000000e+00j), (2.080844972700484708e-04+0.000000000000000000e+00j)
 (-1.374080129874583056e-01+7.201784218415518968e-02j), (-1.504523240234349191e-01+2.032399588608744256e-01j), (-5.507561249885713911e-02-3.778081233357836743e-01j), (-5.433401888263862389e-01-2.362436754550181484e-01j), (1.047542949231040632e-01+6.282495607216580513e-01j), (-1.936799761573732570e-01+2.509933892232344560e-02j), (-2.044901213508462656e-01-3.132217137275611352e-01j), (2.008462701862319703e-04-5.206919181014832312e-05j)
 (7.927665499416897132e-02-1.201969270397939549e-01j), (1.775402168761396754e-02-2.082849020420286523e-01j), (3.296213942115829298e-01+3.364679262172821095e-01j), (3.397147857640067103e-01+1.295177330609714045e-02j), (5.477530062303004321e-01-4.598281036094479246e-01j), (-9.771560437144315853e-03+2.043502288998024219e-01j), (-1.504658987419011662e-01+2.320777959201315022e-01j), (1.797428691957896855e-04-1.000296097185157348e-04j)
 (1.798561720749745907e-02+1.302478630285527905e-01j), (1.874787609089827861e-02+1.597876537059133295e-01j), (-5.365096524048205140e-01+2.508921729494340003e-01j), (6.095987891387526503e-01+1.704158936312062111e-01j), (-7.295165453480088047e-01-2.264472031424558662e-01j), (-1.820549736888534553e-01-9.178781177003933478e-02j), (1.828103000224500785e-01+1.071815136401419455e-01j), (1.465523802288862612e-04-1.401345172697879130e-04j)
 (-9.470579370430412536e-02+1.453297564966524180e-03j), (-7.323370888085539709e-02-3.155908629259144282e-01j), (-3.253778259391956057e-02-6.195058176846842679e-01j), (-8.847928757301476432e-02-1.804267444367092521e-01j), (1.101993569542305679e-01+5.805400377932503631e-01j), (1.443884759030522047e-01-2.780857350092782454e-01j), (1.177866087040482374e-01-1.859525051396135886e-01j), (1.040578166506066866e-04-1.693272553080901125e-04j)
 (-8.419530871078581558e-02-9.660942642688602477e-02j), (-9.546486906494136560e-02+5.062126094017924682e-01j), (5.941829181433552209e-01+6.539158564387860528e-02j), (-5.178776213898734770e-01-1.273024810457242251e-01j), (4.170832286162279301e-01-4.345583732328541227e-01j), (7.897739545667106786e-02+1.915378775418428436e-01j), (-1.856373180622670760e-01-8.917539449020778219e-02j), (5.579472921066799254e-05-1.855046558599491593e-04j)
 (1.448829915400512702e-01-1.354720200393384755e-01j), (3.689560479404773163e-01-3.481045033151462520e-01j), (-1.354182323042231184e-01+5.833806763158122521e-01j), (-2.256998813215111421e-01+5.441822696344844612e-01j), (-5.235321013674347768e-01-1.613991753832913836e-02j), (-6.352437601083735230e-02+2.030155313149329399e-01j), (-6.344054709450897001e-02+1.364415268388564362e-01j), (5.732556904807509881e-06-1.876915899447591978e-04j)
 (1.042958654215409287e-01+1.332300144033924938e-01j), (-3.242376950515175049e-01-7.793102657339932848e-02j), (-5.824778523966576138e-01-2.224072962580381230e-01j), (3.149576171423077997e-01+9.452584111172041004e-02j), (3.457144208452478384e-01+5.107703649224135667e-01j), (-6.739764773033486700e-02-3.304995946988376065e-01j), (9.449576517707010404e-02+5.093081630035774243e-02j), (-4.207984008911674900e-05-1.761111541289039299e-04j)
 (-4.066019987694798749e-02+7.306158114720706642e-02j), (-1.339809794783649449e-03+3.643906103237291583e-01j), (2.236131406265486343e-01-5.928780992665858562e-01j), (2.769063877360234960e-01-7.330631865982495388e-01j), (2.166608587350160042e-01-5.071528560058442547e-01j), (4.739811081545209498e-02+1.619053359455367436e-01j), (4.658961582418155029e-03-5.011312807497431132e-02j), (-8.387089778039826329e-05-1.521451991066321294e-04j)
 (-8.877205745597724351e-02+2.492985283149990600e-02j), (1.418564791423083393e-01-3.513563821535866105e-01j), (4.917400565569307047e-01+3.800960130118864466e-01j), (-1.411980999196207343e-01-2.685148194058750715e-01j), (-6.123022027201630024e-01-5.335219050169707350e-02j), (4.160733415338635499e-02+4.067791433805009738e-02j), (4.995155408128700014e-02+2.273628958928930466e-02j), (-1.164719709150814907e-04-1.181905090528894732e-04j)
 (-3.510666750285100935e-03-9.099900973815461258e-02j), (3.615018138639315530e-03+1.654496095787293952e-01j), (-2.868921358833544377e-01+4.825250930148970441e-01j), (-2.700452345726141457e-01+7.995899353239057650e-01j), (2.251744538864708378e-01+5.395086574316260153e-01j), (-1.096483831391845687e-01-6.216482700117361565e-02j), (-5.124223231599500661e-02-1.400271194075840275e-01j), (-1.375820240961327210e-04-7.742587498664695088e-05j)
 (4.466721487040418298e-02+3.507764929965713485e-02j), (-7.939823618069508093e-02+1.833376414407242999e-02j), (-2.557996034104697558e-01-2.996740609937899591e-01j), (3.964526757907379517e-01+2.192650640331751111e-01j), (3.204242401122868733e-01-4.681573788472424003e-01j), (-6.814460716571936819e-03-7.340042981652214471e-02j), (-1.171571307508229437e-01+1.667765741180720629e-01j), (-1.459479469699113713e-04-3.351357396658156799e-05j)
 (-2.980563999032519173e-02+1.389066259476577983e-02j), (-5.195639949970615179e-02-1.206172615690344896e-01j), (1.139710971464408251e-01-2.653134980852832614e-01j), (-8.120047337553377986e-02-6.076096920411055979e-01j), (-4.185817235391884883e-01+3.025844561649543990e-02j), (1.538564552317277512e-01+4.542332406611422624e-02j), (2.020873887808905534e-01+1.377803392479018049e-02j), (-1.414456296848160878e-04+9.735439086963205749e-06j)
 (-4.274319974499318081e-02-2.464052731434851137e-02j), (9.855622512879660957e-02+1.065258635767072776e-01j), (8.163104863865822125e-02-2.644049710015965865e-02j), (-5.294105228171455124e-01+2.123753255673058171e-01j), (1.799688044345841842e-01+3.729957698088661178e-01j), (-3.270444828949459204e-02+7.729117721549219611e-02j), (-5.880711731753855004e-02-1.463466535996121032e-01j), (-1.250567945191153382e-04+4.870053659283690034e-05j)
 (6.079144219101083324e-02-7.165681969530603157e-02j), (4.882970209475889084e-02+1.670230224355169490e-02j), (1.080009127680183201e-01+1.601313517644895601e-01j), (3.766154695930186147e-01+3.576139565582191204e-03j), (2.448198025905168884e-01-4.302162346647011582e-01j), (-4.118398871948966700e-02+3.406838715171809501e-03j), (-7.873531942523921690e-02+6.453809177003609621e-02j), (-9.874669391144096856e-05+8.026297365853775876e-05j)
 (4.576268620255366515e-02+8.267402589216812925e-02j), (-7.794633221153292324e-02-1.092386924305926987e-01j), (2.618840991800085866e-02+1.478752746865057421e-01j), (3.376527143674460385e-01-3.951431527713830105e-01j), (-4.120283235413748080e-01-8.467123258515141249e-02j), (-2.236533853306579833e-02-1.320113872187720916e-01j), (5.219087143504775456e-02+4.044204522800583235e-02j), (-6.525712568587093343e-05+1.020618940318187618e-04j)
 (-3.791714516104628674e-02+1.250892959653507677e-02j), (-9.490622743785608051e-02+1.028813261295972725e-01j), (-2.189982474918819588e-01-6.560979521756746258e-02j), (-2.406042824661836221e-01+4.996158761879626042e-01j), (1.257260240256008813e-02+5.454469501512300145e-01j), (-3.976082466044073005e-02+1.122013853144979978e-01j), (1.823826252898397282e-03-5.377716312096075812e-02j), (-2.783685951096579047e-05+1.126728965979501484e-04j)
 (-2.729116085697787242e-02+1.583795835922577333e-02j), (1.862570146977908514e-01-2.612328863323088932e-02j), (3.181682643218479434e-02-9.487029365870258690e-02j), (-2.269868204707078396e-01+8.813120431436094471e-02j), (3.021621563177543379e-01-1.593116197106979326e-01j), (5.008982676775131093e-02+2.439733360516855437e-02j), (-3.771601005953213737e-02+5.473429422518507476e-02j), (1.006320870447061138e-05+1.116954381180067517e-04j)
 (-4.923412897319340634e-04-4.338664671365965314e-02j), (-1.696377976823685296e-01-8.273657939464482136e-02j), (1.164591083286055512e-01+5.316741483946110791e-02j), (4.831069000456943846e-02-4.092303574852084180e-01j), (-1.042073519606571685e-01-3.268289070595125634e-01j), (8.979611277651138035e-02-1.357771673689807113e-01j), (8.086082266342051184e-02-1.450225121563889982e-02j), (4.510050717619187773e-05+9.974458143744164965e-05j)
 (-6.176714378196140887e-03+5.305826212827547544e-02j), (1.423922310439751371e-01+1.572602830899087478e-01j), (-1.714265308071117877e-01-4.806987175909500920e-02j), (1.653882714306963431e-01+1.590046758928601034e-01j), (-7.271505603212510827e-02+8.190631046524379788e-02j), (-9.586850969440187387e-02+4.594210058871459751e-02j), (-4.550937006680571412e-02-4.667062286160519879e-02j), (7.432783687904889725e-05+7.835192802276003381e-05j)
 (-6.505967763363494638e-02-7.994752968088637834e-02j), (-8.827340874277098126e-03-2.106850276873813432e-01j), (2.004827335589460524e-01-6.427230915509860032e-02j), (9.519463965983882003e-03+1.857636293279075479e-01j), (5.942246684254177957e-02+2.189778960021397380e-01j), (-7.418424234514076065e-02+8.828447544416900827e-02j), (-1.490047703373329098e-02+1.600484757100419098e-02j), (9.543150596904220523e-05+4.978905024160456481e-05j)
 (8.707739562282043599e-02-4.422073796523627587e-02j), (-1.513081999958438562e-01+1.306599513244599553e-01j), (5.960037608699077921e-02+2.011214078087419366e-01j), (6.136299379818455080e-02-3.070400632005535480e-01j), (-1.128772119398613050e-01-7.776931675530762700e-02j), (1.103054172959318791e-01+2.253603254669087758e-02j), (-1.220292283534044758e-02+3.440265744053361274e-02j), (1.069008981184539251e-04+1.683353589116925553e-05j)
 (5.935952786298810679e-02+3.283113919109385132e-02j), (1.475207618013614219e-01+1.327089874134840253e-01j), (-3.746367924834176910e-01+2.924049109471699159e-02j), (-1.298704383714019139e-01-2.899944577111698840e-02j), (-3.684135100547183961e-02-6.740755558728027397e-02j), (9.632372514637754790e-02-1.616631177464141755e-01j), (4.735859384616995793e-02-1.028230119232194373e-02j), (1.081173547387398698e-04-1.749774469737380329e-05j)
 (6.626743491090856392e-05+1.088007062260590574e-01j), (-6.257816690781736746e-04-2.451834427877461753e-01j), (7.714014592391049696e-02-3.677404022828270613e-01j), (-2.922827102008347389e-01+3.356551276975857645e-01j), (2.838640227064681554e-01+4.544442756944291895e-02j), (-2.104963663489075598e-01+4.359662189847367947e-02j), (-2.782208518810225933e-02-4.553597431202732748e-03j), (9.935861261200937223e-05-5.022169469158267323e-05j)
 (-1.255331326394880098e-01-1.164186801482519455e-02j), (-1.028824483222040842e-01+5.690284926261002935e-02j), (4.650898065611158705e-01+1.016174506745948919e-01j), (2.768852309194600458e-01+1.036150309747264353e-01j), (-5.686952254762150938e-02-8.499548623439795447e-02j), (2.887970162387176742e-02+8.378384454029932926e-02j), (4.514079437394249300e-02-7.552316463376246986e-03j), (8.172333762146693353e-05-7.864278728343471680e-05j)
 (1.753809912580673105e-02-9.661987521985682115e-02j), (2.010704263830673591e-02+1.023895643836887637e-01j), (-2.099179343940041909e-01+4.487192705487096367e-01j), (3.844909470856286982e-01-5.351001537676640663e-01j), (-2.648239313751470925e-01+5.293888490509551098e-02j), (1.642095108145268934e-01-6.362516271449257521e-02j), (-6.021307199284560430e-02-5.581704262509736003e-02j), (5.698768714268926717e-05-1.005653815447585394e-04j)
 (7.617330504319227980e-02+2.400087568053837876e-03j), (9.700364126140444132e-02-3.262303516468106901e-02j), (-4.056265058246606436e-01-2.451400364985734937e-01j), (-3.726418092261072346e-01+5.991923738027077340e-02j), (8.689248405742469594e-02+1.394512608854654445e-01j), (-7.464715653651848859e-02+3.079365269989562878e-02j), (-4.086882286948170101e-02+9.809257863068662764e-02j), (2.741160921876595541e-05-1.144477111419613146e-04j)
 (-6.550622771364289151e-03+8.322715214145792739e-02j), (-5.963234269289723749e-02-1.122236067655900393e-02j), (2.656502344979148611e-01-2.415158283926974181e-01j), (-2.491368440344459423e-01+4.274657205156531803e-01j), (1.790812163519596711e-01-1.082436377094386781e-01j), (-8.495701141182313010e-02+4.401788522974484086e-02j), (1.207130702902002306e-01+7.359549755516249341e-03j), (-4.483756963808752151e-06-1.194874225591584840e-04j)
 (-8.119481020230837065e-02-3.569412024969699504e-02j), (-1.240152151802232511e-02-7.646105524917462537e-02j), (1.599011230764795788e-01+6.867449337452520564e-02j), (3.510624827964555217e-01-1.230815897402534470e-01j), (-1.015058519128913816e-01-1.082743259447779133e-01j), (2.447475415769028578e-02-6.962514350142104402e-02j), (-3.693901192735281336e-02-1.101399075225641538e-01j), (-3.614492968328194883e-05-1.156358388487735650e-04j)
 (4.511416990400633764e-02-6.292217961415041971e-02j), (-4.393774644025907894e-02+5.232305975485804228e-02j), (-5.044023462876404823e-02+1.475207000115597578e-01j), (-3.377958305605176931e-02-2.909030761649591401e-01j), (-5.161251128585375714e-02+1.371265213223606394e-01j), (5.684255861181236602e-02-4.004635144900723503e-02j), (-7.094973179914655648e-02+5.116043908815780250e-02j), (-6.519960544491070170e-05-1.035452100377034015e-04j)
 (6.628848268127118804e-02+2.616352269956138607e-02j), (7.639184714708571744e-02+1.065996000505458757e-01j), (-7.093489238547423525e-02+5.652246668244454569e-02j), (-1.980356107948114674e-01+1.875808321592636885e-01j), (6.547294039130475973e-02-3.513162478050033122e-02j), (2.192287228865019352e-02+7.294850793233018105e-02j), (3.327953417250342771e-02+5.180730381130484175e-02j), (-8.963644149396422420e-05-8.445936030180867813e-05j)
 (-2.449728854317138535e-02+9.284976785146223377e-02j), (3.456692005459802153e-02-1.527970666833106117e-01j), (-1.339704795909020807e-01-5.964056964553622608e-02j), (1.778691117361697049e-01+1.227730559406261246e-01j), (-3.593840030090237475e-02-4.450357669154331869e-02j), (-7.114165963101193313e-02+2.371923608266262619e-03j), (5.470775511619844350e-02-3.266754056466565637e-02j), (-1.079374779984784249e-04-6.006277684570758937e-05j)
 (-9.388408936843112285e-02-5.585388327758879223e-02j), (-7.911195636422684030e-02+1.808558701112292916e-02j), (7.972324365146081504e-02-1.489855729667929340e-01j), (1.532690921292194364e-01-1.767182084660611496e-01j), (-1.786714664489342380e-02+9.201459328342054267e-02j), (7.517852433924162442e-03-1.789572752565643521e-02j), (-4.679942025080796597e-02-3.367249340273417019e-02j), (-1.191553712407350323e-04-3.230592726440669350e-05j)
 (7.958199392514060666e-02-5.576913488574310185e-02j), (3.124985962613138768e-02+4.257123932588185999e-02j), (1.934112365909370634e-01+3.454112803725410685e-02j), (-2.702323851219645134e-01+1.294101765762029760e-02j), (1.155941875017275910e-01-1.576658874007925287e-02j), (2.599813219161900904e-02-1.836562485812065146e-02j), (-4.340616350404467860e-05+3.026117447303303468e-02j), (-1.229337227148164424e-04-3.225291608339591080e-06j)
 (2.534872588409836647e-02+7.337795709791278265e-02j), (-7.562319421301270939e-02+4.012511753031546002e-02j), (-1.411249934850512533e-01+1.661092676135020318e-01j), (-9.131993118744380356e-02+1.151967806124877397e-01j), (-7.222370528354900288e-02-1.525660734439753530e-01j), (4.766714669921293807e-03+1.998970918804697516e-02j), (-3.305931705201534988e-03-1.994342801519763397e-05j), (-1.194745495103433986e-04+2.522466480353621716e-05j)
 (-6.410667411927584158e-02+3.127397230756488733e-02j), (1.392405568829420126e-01+1.244857945316299452e-03j), (-5.326194862680154463e-02-1.014226903622460485e-01j), (1.849004219455309128e-01-1.654310669622798546e-01j), (-1.525915613384346281e-01+1.298922953459044349e-01j), (-2.915428757495039727e-02+1.619644418487369703e-02j), (2.120611331454046872e-02+1.306604741871951816e-02j), (-1.094617615796134610e-04+5.131328026512022906e-05j)
 (-4.768017485715395770e-02-6.705965208486078244e-02j), (-5.830099852805915167e-02-1.449622228911265354e-01j), (1.088348654172799218e-01+2.866787306799121332e-02j), (6.200253367701339530e-02+4.495773679364531428e-03j), (1.768655860801314483e-01+1.348058078002341564e-01j), (1.036560622271009632e-02-3.495879981179299267e-02j), (9.362007364450961044e-03-3.304280500377875657e-02j), (-9.395295056669242771e-05+7.363909265525581365e-05j)
 (6.143576798285380752e-02-5.323536620406916359e-02j), (-1.046322710790369703e-01+1.207029732436104286e-01j), (-1.871368865478139354e-01+5.012548035364494670e-02j), (-1.444062195055265119e-02+3.567049599123249259e-01j), (1.481218679765882729e-01-2.314207979791687575e-01j), (1.960749580918873594e-02-2.356103289633022443e-02j), (-4.514729113567689939e-02-9.724966102699305476e-03j), (-7.425359834081540680e-05+9.119349084150736465e-05j)
 (6.056404274447683977e-02+4.354202900816649124e-02j), (1.532277265873125682e-01+3.711914719993063966e-02j), (4.497717193506944877e-02-2.819829885419151694e-01j), (2.155282865919806723e-02-1.658470940778304925e-01j), (-3.095453029485972785e-01-4.849542616497717895e-02j), (1.674404899219136128e-02+4.813191714222010698e-02j), (-4.291815380485732370e-03+6.004453180195842843e-02j), (-5.178792939036022810e-05+1.033821474521952636e-04j)
 (-4.019464771536770259e-02+6.957295065399921041e-02j), (-5.912800017805290576e-02-5.952086399233839226e-02j), (3.793498889859321932e-01+1.787615311622133552e-01j), (-1.947209677479761758e-01-4.757922460057873448e-01j), (-1.607687051264003464e-02+2.616439116654246666e-01j), (-8.262513534926432812e-02+5.726494557242556988e-02j), (6.314387758732445399e-02+3.075606556545141396e-03j), (-2.797920246141566539e-05+1.100081640638556757e-04j)
 (-5.578352254714952219e-02-5.218008811422848725e-02j), (3.952956313539496974e-03-4.855322357207955686e-02j), (-2.763968600460998681e-01+3.424419487871994128e-01j), (-1.149568653936450524e-01+2.386957997667905895e-01j), (3.257785494516333147e-01-6.635322284783129465e-02j), (1.547298453223009199e-02-1.072262021018973721e-01j), (1.931966286489454274e-02-6.978342232990832061e-02j), (-4.149570166100826176e-06+1.112243438579871052e-04j)
 (4.653656380203795295e-02-2.402913736980155993e-02j), (-5.607082914668582579e-02+6.753145557729303694e-02j), (-3.662227704478920876e-01-3.503144998176505043e-01j), (3.267869200759509485e-01+4.708274621579722208e-01j), (-1.317244606482133595e-01-1.980690460637626882e-01j), (1.289535409798920340e-01-3.063052483167377771e-03j), (-8.853128545674107674e-02-2.537137764908230925e-02j), (1.855384567806697915e-05+1.074642645431918633e-04j)
 (1.324895653706128357e-02+2.087690646941832776e-02j), (7.257595007425488021e-02-1.426503369368090079e-02j), (4.816228504342675576e-01-2.572792370510277871e-01j), (1.150926208764866954e-01-1.669609812283590067e-01j), (-2.110072523024322244e-01+1.463480864748526733e-01j), (-9.844241534501968482e-02+7.326823334741858207e-02j), (-1.000513571634882061e-02+8.552131179754603185e-02j), (3.920382844007802320e-05+9.936271924154049990e-05j)
 (-1.305278809375282761e-02+3.066838865371022613e-02j), (-1.966716069138498002e-02+8.304596099975924267e-03j), (7.198105151944377000e-02+4.618729675242586041e-01j), (-2.223652823746987695e-01-3.407161976833995021e-01j), (1.458730241997585331e-01+9.906691396754967183e-02j), (-6.714946457887109588e-02+4.833395426326976205e-03j), (5.651593392102685631e-02+7.437616682570279136e-03j), (5.710972255886380042e-05+8.767566058527703429e-05j)
 (-4.019916803753631473e-02-3.081913700724096816e-02j), (2.953756472417559675e-02-4.930803586344020828e-02j), (-3.967547033125923273e-01-2.971433769498688093e-02j), (-1.528370995998624415e-01-4.797821311108839415e-02j), (1.591274579543550394e-01-1.728569067173028329e-01j), (1.168684503084691378e-01-5.892162936494417524e-02j), (1.667606252550187310e-02-4.119430995324936673e-02j), (7.180980261906093820e-05+7.320821368874768059e-05j)
 (3.477010655318751170e-02-3.033837297038752961e-02j), (-9.275024919990948469e-02+3.710532490749830770e-02j), (1.585398843487774712e-01-3.328556657854127021e-01j), (1.513504940423912870e-01+2.146562644192808178e-01j), (-2.013426596881586206e-01-4.984506168431565576e-02j), (-3.958070099086802296e-02+2.241747689864743293e-02j), (-3.372460911262454425e-02-2.361451237920631635e-03j), (8.304550709441324216e-05+5.675692714500337290e-05j)
 (3.145904132894475347e-02+8.864266854145114866e-03j), (9.679091243267756717e-02+7.131341692484760575e-02j), (1.685923229721273675e-01+2.299731418727654908e-01j), (7.671495669191411015e-02+2.085223271831366243e-01j), (-5.439023744669026911e-02+1.804666719775570860e-01j), (-2.128196391965752818e-02+1.349299122027603458e-02j), (1.484324580617167946e-02+3.769329258196622151e-04j), (9.072484960267009806e-05+3.906959094642101715e-05j)
 (1.404777516045110052e-02+5.034436477608938976e-02j), (-7.241652635110118474e-03-1.271919008412440155e-01j), (-2.033620834840353941e-01+7.817485078524677444e-02j), (-8.639819989414049273e-02-1.022505527270093084e-01j), (2.023840403344348005e-01+5.090561684981544099e-02j), (3.322627465821095805e-02-2.485043853118051871e-02j), (-2.890804544425424477e-02+3.313055967633453044e-03j), (9.488239214286354106e-05+2.082306977221918141e-05j)
 (-5.193608906547764886e-02+1.488246319851982240e-02j), (-1.157082170173576313e-01+3.623193638028832098e-02j), (3.796317787276197453e-02-1.993600214229867551e-01j), (-1.833397140509768902e-02-2.202079590102188900e-01j), (-3.649601951571625202e-02-2.209332954099774982e-01j), (2.052730228477253616e-03+3.792906329134685187e-03j), (2.185776175720938186e-02+1.561089563579211130e-02j), (9.564225471111551121e-05+2.617051707284083148e-06j)
 (-1.471962309975871283e-02-2.531591987968865448e-02j), (1.624425450981881736e-01+8.032121019026938757e-02j), (1.261364054429708337e-01+9.423935061181548667e-02j), (1.131380570367817445e-01+3.104652495771346998e-02j), (-1.347088853694088373e-01+4.542727868118804496e-02j), (-4.911628363875414349e-02+1.722302788111303856e-02j), (-1.196065532146109792e-03-3.546006600506123110e-03j), (9.318896702325298032e-05-1.502030696790586062e-05j)
 (5.304035407161959009e-03-2.099129930691706961e-02j), (-1.099819776055317999e-01-1.090258501723791740e-01j), (-1.990471549401723605e-01+6.507346214930587180e-02j), (-6.137239659019885774e-02+7.887994916317786487e-02j), (8.228721555466621262e-02+9.147735670888550163e-02j), (2.755906078981432833e-02-1.594859692603568802e-03j), (1.152977562300132666e-02-1.256757271060088103e-02j), (8.774884195643500580e-05-3.161996100101246065e-05j)
 (1.045689607444481514e-02+8.609724913901724286e-03j), (4.044711178440084376e-02+9.113953675158491252e-02j), (7.337512976076940308e-02-2.143263613010920610e-01j), (-1.867835931579708841e-01-3.649779067938632715e-03j), (-1.287646665502256704e-02+4.255941813189965950e-03j), (3.556571788184505895e-02+5.999256534845761116e-03j), (-1.816393676597681528e-02+3.145335579881865587e-03j), (7.958230159240400274e-05-4.675811497107343502e-05j)
 (-9.935911287557025462e-03-1.462793432274469944e-02j), (7.338807954930207100e-03-5.936516696434962492e-02j), (1.814869963824541910e-01+1.326837743061397845e-01j), (2.028382285827705911e-01+9.571724173862154739e-02j), (-2.185181263885234426e-03+1.474038357579270098e-02j), (-2.797942604545741729e-02-5.085328769403738014e-02j), (7.800310609590823535e-03+2.916746073992693492e-04j), (6.898553829197398763e-05-6.004564349418407073e-05j)
 (1.659246521767826152e-02-1.764456034379115190e-04j), (-6.522296697818380506e-02-3.652575786628088975e-03j), (-1.922699606911176251e-01+1.601091289112900329e-01j), (1.795829692029450586e-01-8.338642904666002109e-03j), (9.566119634772214664e-02-1.337555632293446484e-01j), (-4.145253357021010110e-02+4.543732884260383298e-02j), (-3.019743292832048620e-04+3.657167476734113354e-03j), (5.629831493026924967e-05-7.112423401406782692e-05j)
 (4.525004912921140598e-03-1.050597629233589528e-02j), (1.211951529305410058e-01+6.054221542664195432e-02j), (-9.742393614506196509e-02-1.707692915723345028e-01j), (-2.843982976385942552e-01-1.214213692233714614e-01j), (-1.422636245858293624e-01-2.784963204952161514e-02j), (6.199518830309385525e-02+3.504337053669184104e-02j), (-8.395199062754281696e-03-9.904832388577176211e-03j), (4.191378558364198490e-05-7.967098559501754754e-05j)
 (2.641504621606104858e-02+2.250352681305780797e-02j), (-9.054891227053421532e-02-7.276867201595801915e-02j), (2.160766466360581062e-01-5.137870236893216092e-02j), (-7.455492556736811882e-02-2.701409006052005179e-02j), (1.506502930998498968e-02+2.133718894290500545e-01j), (-3.008503721958412369e-03-8.011883160154491257e-02j), (1.242268725796582055e-02+2.528553558268133508e-02j), (2.628603275150454056e-05-8.541134244709672045e-05j)
 (-1.594900163635615958e-02+1.755768143658006930e-02j), (-3.562113454122978889e-02+6.260561163712491384e-02j), (-4.693845208581336886e-02+1.079370567676852799e-01j), (1.748497207666696029e-01+4.121738717435752264e-02j), (1.471363332915525679e-01-3.838652338874626313e-02j), (-8.412715354631880582e-02+3.605376527757900990e-02j), (1.576845920995153735e-03-4.154214270695169575e-02j), (9.931544679566078562e-06-8.813852000081408462e-05j)
 (-1.901710338172536360e-02+1.948167837683352499e-02j), (1.145006834738686169e-01-3.050837935075317170e-02j), (-8.906567287643063491e-02-5.609936419634081739e-02j), (1.912686887904704869e-02+3.410316600987520208e-02j), (-1.586576802658583030e-01-1.636077085520982188e-01j), (6.764212760748326836e-02+2.825460314005104334e-02j), (-3.149062902115579154e-02+3.066290037755226017e-02j), (-6.578025234389539664e-06-8.773623788567894394e-05j)
 (-3.647037590720238198e-02-4.130083524754104424e-02j), (-5.359642537204210855e-02-3.425900182772503855e-02j), (9.203733748705092421e-02+2.606849087663759557e-03j), (4.618203794201913848e-04+7.834024748598490684e-02j), (-3.220083828191845632e-02+1.203337232913140459e-01j), (5.637257823228322695e-02-5.172324645893591061e-02j), (2.641741393005419061e-02+1.633344764157505791e-02j), (-2.263296181321686272e-05-8.420078443206872626e-05j)
 (4.354301675604062977e-02-1.562085474303285051e-02j), (-4.137015830871779848e-02+6.142673047037370410e-02j), (-2.320955949767680715e-03+8.511405816274479619e-02j), (-1.738123831277305076e-02-2.160819332067689946e-02j), (2.085622640690431295e-01+2.011384788518956468e-02j), (-6.355997324688528183e-02+3.900755578929310241e-02j), (3.422448690542741201e-02-2.093324181732113265e-02j), (-3.761193094272840561e-05-7.765829051024106082e-05j)
 (-2.560495360076676247e-03+8.633312141699878151e-03j), (5.474368913789942614e-02-1.185764020242531872e-02j), (-1.156769758145249488e-01-6.719880424519220075e-02j), (-1.038799237027506484e-01-1.324587579919738467e-01j), (-1.179866555750025831e-01-1.345340220563771561e-01j), (-4.598253859470230465e-02-2.350080642865938485e-03j), (-4.492472189572215002e-02-4.525710488113013352e-02j), (-5.091566380181381879e-05-6.837358175881723063e-05j)
 (2.093910317405163826e-02+6.651507632532947106e-03j), (-2.034691859682607323e-02-5.707603582951348981e-02j), (7.951261761677055895e-02-1.010774444942884043e-01j), (-1.843249394724725404e-02-3.237925388418286254e-02j), (-1.123335214943781690e-01+9.701995842316257779e-02j), (3.831716499393635067e-02-4.529940037622320198e-02j), (-2.304192530876161132e-02+5.591269873907950272e-02j), (-6.200452606045757647e-05-5.674801444451275793e-05j)
 (-1.053360717513071934e-02+1.464632811738618770e-02j), (-1.894820367452198367e-02+8.011336975526632542e-02j), (1.076007481786989961e-01+1.227083405291842372e-01j), (1.334789669155205805e-01+2.066086218638024385e-01j), (1.542256255310650304e-01+5.133014084236957320e-02j), (4.790107041380598646e-02+5.318084784921531250e-02j), (3.356032929886677840e-02+9.156563227882448530e-03j), (-7.043584259259745919e-05-4.330511732801531094e-05j)
 (1.064930388071554448e-03+1.464622864347026737e-02j), (6.530612422886658552e-02-3.062907210281408388e-02j), (-1.262515701552469061e-01+8.913450445825649160e-02j), (6.287417232735971473e-02-4.597710522120991572e-02j), (-1.344244205888807039e-02-7.983203412180865655e-02j), (-3.783978824626590964e-02-8.127296173957323372e-03j), (1.830977137436760188e-02-1.799267206536450669e-02j), (-7.589665519993737518e-05-2.866445088124031486e-05j)
 (-3.910022125795299675e-02+1.721714509528085579e-03j), (-8.464258335534867450e-02-5.982595147098535016e-02j), (-5.635131267804535660e-02-1.429412422035467034e-01j), (-1.131042847894953296e-01-1.655887538691274696e-01j), (-5.874304149676965597e-02+2.319501103134093134e-02j), (-1.732865377222311820e-02-1.947513091558863985e-02j), (-1.775677071281514530e-02-1.716082644850686068e-02j), (-7.822798919109709783e-05-1.350563227488605988e-05j)
 (-7.233616996163221360e-03-3.688885346340583377e-02j), (1.103423455447918866e-02+1.136615288485949143e-01j), (7.378505728932546748e-02-1.761221759419476229e-02j), (-4.222808532882406374e-02+1.446620584140104193e-01j), (6.995390969679980697e-02-1.617956022940698901e-02j), (3.413128200462826889e-02-1.259475840528164262e-02j), (-9.466241799656542610e-03+6.256771975113178952e-03j), (-7.743762508415500735e-05+1.474247781491040888e-06j)
 (2.880176285782268600e-02-3.118885715342230650e-02j), (1.007349772759570661e-01-8.281529374590688997e-02j), (3.091160434186359524e-02+5.349180478385874571e-02j), (7.429259742584476411e-02+3.918886980106836559e-02j), (-7.460557830211481112e-02-2.221131200091416846e-03j), (-3.130066436815284042e-02+2.114888531322850485e-02j), (-1.454107093075723833e-03+1.985591387780737821e-02j), (-7.369967731279492094e-05+1.560573619709950546e-05j)
 (4.704286331870906335e-02+3.357702578092650048e-02j), (-8.450237616993855339e-02-5.044829943372096392e-03j), (1.734328504767747997e-02-3.280503423908159855e-02j), (-5.928251248543622148e-02-1.681092857896555326e-01j), (-2.508121711198577769e-02+4.897157044037859369e-02j), (1.228586663582266481e-02+2.119393437778562678e-02j), (2.494864905491559620e-02-1.632061708066143146e-02j), (-6.734078970591706240e-05+2.829024693558526281e-05j)
 (-3.341565030468519881e-02+3.978036047548269560e-02j), (-2.750989444090994052e-02+5.523277077993220263e-02j), (-8.263320960918627001e-03+6.839130814997984587e-02j), (-2.368553953004884360e-02+9.858535509572194377e-02j), (1.232272846195286015e-01-3.706558142463239891e-02j), (4.275892277443280043e-03-5.177401383642601940e-04j), (-2.725128485600424033e-02-4.903415158420354469e-03j), (-5.881426535357312229e-05+3.903722104956494301e-05j)
 (-3.514597205563860932e-02-2.075269135077547136e-02j), (4.764522650340943105e-02-2.141945535006958140e-02j), (-9.857791577150386286e-02+3.195341089600105267e-02j), (1.454784813018987211e-01+8.154367994011399445e-02j), (-6.644217056351806039e-02-1.876052463133322246e-02j), (8.903114910831858020e-03-4.612746543208852412e-02j), (3.773504312235571173e-03+1.052272182253337351e-02j), (-4.866476241151655588e-05+4.749175647862919871e-05j)
 (2.182573085887778291e-02-4.550989514105761163e-02j), (2.918029252912250626e-02+6.101216145245558220e-03j), (-2.673500387626856489e-02-1.286032166209696015e-01j), (-3.451002969686395305e-03-1.730116442473306204e-01j), (-3.669238524680938640e-02+6.941759240840410239e-02j), (-5.331681367508448594e-03+1.197095064383792151e-03j), (2.751656930022054054e-03+1.679897172141406325e-02j), (-3.748714740797306415e-05+5.345036744038569258e-05j)
 (4.407236037420848851e-02+4.172925433599865980e-02j), (-3.441030701712853579e-02-3.669220279915239719e-02j), (1.620424987161263597e-01-1.024031817337545114e-02j), (-1.530094289094296456e-01+5.126368332985845044e-02j), (7.905125048004831012e-02-7.967191811047612260e-02j), (-1.580381330257678296e-02+6.300799377549093361e-02j), (2.837541439293857562e-02-1.862601575364698780e-02j), (-2.588359709284913853e-05+5.686389039791239775e-05j)
 (-4.484914011902684655e-02+2.328353407831060262e-02j), (-5.681061171818466843e-02+1.883094872971396994e-02j), (4.300849486201248351e-03+9.732046033806263097e-02j), (1.172298326702647664e-02+1.701364500474532027e-01j), (-8.732285990051220914e-02-1.764448948651337057e-02j), (-6.594371462482283286e-03-4.232431126820570405e-02j), (-2.252672850045479847e-02-1.775867109320688683e-02j), (-1.442303709624598060e-05+5.782796666540807994e-05j)
 (-1.757593012524510945e-02-2.164070862686716737e-02j), (7.363432492437568810e-02+3.332462094563850424e-02j), (-1.161868377956460086e-01+3.883313391464138231e-02j), (7.522930147904793863e-02-1.266577389229607276e-01j), (1.060838074847325618e-02+1.267494316894320350e-01j), (3.117755427740362406e-02-2.277103715698375330e-02j), (-1.619608329623702450e-02+7.456049886501243257e-03j), (-3.606526044460618355e-06+5.656282197095120171e-05j)
 (1.325658452728628589e-02-3.561638314463491661e-02j), (2.050672293548612413e-03-4.177087640573017013e-02j), (-2.340169686297151330e-02-7.091987046923110827e-02j), (6.521104820430334570e-03-1.705996159910338761e-01j), (1.276842038297472670e-01-5.200785558072162224e-02j), (-9.102210801265671336e-03+4.316036318670147393e-02j), (3.705278128487294806e-03+2.509847491229720215e-02j), (6.158677010682992565e-06+5.338507732802393269e-05j)
 (3.438397227564700398e-02+3.657287453783958364e-02j), (-2.274755336822844448e-02+8.681200631700270245e-03j), (5.402457887566065875e-02-7.130540948520038003e-02j), (-2.879931988708359092e-02+1.732652133975413067e-01j), (-9.583526281850486550e-02-1.144612359868187046e-01j), (-1.425772744312113829e-02-1.730311455141037708e-03j), (1.748744108112855813e-02-9.409170414421158535e-03j), (1.457475457752122137e-05+4.867495422933611340e-05j)
 (-4.968292984314198746e-02-2.856391871701608257e-03j), (5.371780625394867448e-03-1.523168506799472272e-03j), (7.147024728808550054e-02+5.586374575939676013e-02j), (4.454696029173124683e-02+1.485973730187443720e-01j), (-1.049311960435774238e-01+1.079214412865589084e-01j), (2.432816041000625262e-02-4.778890702082755348e-02j), (-3.859825889725963799e-04-9.782290373715968670e-04j), (2.145830804944335218e-05+4.284242756672721614e-05j)
 (2.844107497958582934e-02-2.922193060424379402e-02j), (-2.831243803550125351e-02-7.728279431775522679e-03j), (-3.071229979818276140e-02+6.951737794157004935e-02j), (-4.404973337295979563e-02-1.940075736126022909e-01j), (1.349811489878970372e-01+2.424935073918168399e-02j), (-3.482446010559841348e-02+3.464984340554716491e-02j), (-1.241339241406253652e-04-1.397164563586186618e-02j), (2.673547142922953713e-05+3.629563894301598580e-05j)
 (1.491152089080486839e-02+1.100706462348418138e-02j), (3.799597846905258813e-02+6.789745451823625544e-02j), (-1.040984761545079296e-01-2.097879681293418619e-02j), (-2.797557060813882224e-02-6.050313319119915434e-02j), (3.861642665887642101e-02-6.372610544405644950e-02j), (1.223691339574144166e-02+3.269305616123972108e-02j), (-1.330750844145130521e-02+7.255462934269920824e-03j), (3.042893698893036413e-05+2.941427387642242915e-05j)
 (1.091555675352361490e-02+3.384559378125021750e-02j), (2.013013099159306762e-02-8.490818681587505856e-02j), (8.279447888474919526e-02-8.201572660443279261e-02j), (4.908812367876237703e-02+1.185451986682308917e-01j), (-6.158329009039677227e-02+2.851088300740366871e-02j), (3.793070627721867316e-02-4.232331656472358011e-02j), (7.640742927370556062e-03+6.490941320983765681e-03j), (3.263933561798409825e-05+2.252973532684750821e-05j)
 (-4.701843933433554751e-02+6.908770931603521598e-04j), (-8.921100935157026679e-02+2.550119789367231993e-02j), (3.014624647168211158e-02+7.383920871562255073e-02j), (-6.550114282819113898e-02+3.241549460693932128e-02j), (-3.773823650296172227e-02-3.855421956420354568e-02j), (-4.700126392056258595e-02-1.361533354624067625e-02j), (3.982431085677294938e-03-1.030338826451888436e-02j), (3.352371601833160496e-05+1.591294632359763526e-05j)
 (1.586732776396654332e-02-2.086943185584975990e-02j), (8.026046312729509524e-02+2.804801427506029704e-02j), (-1.143102641723882096e-01-1.262257297307337739e-02j), (5.098862015891214572e-06-9.315107110705092563e-02j), (-4.184525372820109557e-02+2.791682541121436045e-02j), (-5.453784910520492052e-03+2.183934063065733067e-02j), (-1.955643538855566382e-02+4.115354202085990190e-03j), (3.327379682104159443e-05+9.769626687907674107e-06j)
 (-1.096290943406534775e-02+1.108705175996365852e-02j), (-3.067283144562898967e-02-6.993862017770091644e-02j), (1.196871377141860149e-01-7.055930908512644817e-02j), (1.649163400322067596e-01+3.182194077760061579e-02j), (1.123634040210428620e-01+9.047703811756455106e-02j), (4.759215261424973309e-02+4.617406219595268299e-03j), (1.935165019275271112e-02+2.192804404693909220e-02j), (3.209626863371103895e-05+4.242040945661304860e-06j)
 (-1.278586370170928938e-02-1.085362944576007821e-02j), (-1.534461668543939811e-02+1.091551141794670082e-01j), (1.447261305376967844e-02+1.276226018742676882e-01j), (-2.549999243048328701e-05+6.488378958717865019e-02j), (8.111500492689609210e-02-1.248463285015372071e-01j), (-5.018162294475016910e-03+3.692813611268511154e-03j), (1.438678988483268334e-02-2.884134426044484417e-02j), (3.019678425425637838e-05-5.843945655553007678e-07j)
 (2.747629345422594738e-03-4.504260668321488637e-02j), (9.421612366715084730e-02-7.032123661311343032e-02j), (-1.688123852540162895e-01-2.971580621958856694e-02j), (-2.187009667140860925e-01-8.036009126975034167e-02j), (-2.077901373352359637e-01-4.776190481133657517e-02j), (-4.710343752784464100e-02-2.285532455781242797e-02j), (-3.055255860249372554e-02-5.001017275160973830e-03j), (2.776850632864405363e-05-4.671569552470815605e-06j)
 (7.026027483983190991e-02+1.815414659868271399e-02j), (-1.290487820148601417e-01-4.984048622341884227e-02j), (9.392801596470908010e-02-1.544262114349544412e-01j), (-6.036245142457685731e-02-4.412330588433149847e-02j), (-1.010185557244033805e-02+1.654422016327662948e-01j), (2.330867272498399201e-03+2.882787637367513478e-02j), (7.005437107872797275e-03+2.829578461442464055e-02j), (2.498530304750948272e-05-8.018129973118425934e-06j)
 (-3.253289730457748635e-02+5.069271363498002725e-02j), (5.292828130224954547e-02+1.159758845515154735e-01j), (1.324454593704406102e-01+1.415075876021136270e-01j), (1.914788456632058877e-01+8.590627601514855272e-02j), (2.221676362455306530e-01-5.793376416113509703e-02j), (4.365229448485344332e-02+2.060651197202181817e-04j), (1.773336219499692390e-02-1.992542928160079274e-02j), (2.199900591015318616e-05-1.064957495420096117e-05j)
 (-1.660931236286945431e-02-1.557438911985286126e-02j), (1.276303761463045555e-02-7.519893628584917167e-02j), (-1.861422464814566080e-01+7.157971856233369401e-02j), (1.194678347663544749e-01+5.780164951083910374e-03j), (-8.615115398461332952e-02-1.220630379303373481e-01j), (8.281266755787310141e-03-5.347203612654169436e-02j), (-2.217774168145927177e-02-3.982627789440060934e-03j), (1.893965703702490109e-05-1.261017516689603285e-05j)
 (-5.279103662842881545e-03-1.319573508898772007e-02j), (-1.282026087018630842e-02+1.448167530973912265e-02j), (2.895033252817946767e-02-1.690219830390769507e-01j), (-7.770985380081438243e-02+2.837447361481307273e-02j), (-1.695839313066269394e-01+1.614408101033951159e-01j), (-4.744277177961274405e-02+2.987550657343271410e-02j), (-2.926558067440982597e-03+1.752803374384336380e-02j), (1.591742991365625978e-05-1.395729540547315634e-05j)
 (2.647302459674747560e-02+7.082210535766936266e-03j), (3.962771101589215861e-02+6.512910952430957245e-03j), (1.437923497514021487e-01+5.503237329850010906e-02j), (-1.498102873243310207e-01-6.903224521497436372e-02j), (1.589309578070440265e-01+2.563649101703249777e-02j), (-1.130477511819821118e-02+6.083363662198847804e-02j), (2.270545761779566712e-02+9.618533012653040365e-03j), (1.302491935506220147e-05-1.475810312622499048e-05j)
 (-3.214614623290799889e-02+2.178165666082518270e-02j), (-8.144341352718126315e-02-1.598384353881156239e-02j), (-1.442222491337333823e-01+1.052530702142125962e-01j), (-3.793541809317589608e-02-9.166699032731175090e-02j), (5.708582660766672867e-02-1.831583912161635352e-01j), (5.979992711473203909e-02-6.588211537016643027e-02j), (4.792437525824698105e-03-3.113542645330000247e-02j), (1.033873679156332938e-05-1.508813158059079215e-05j)
 (-1.187949263519100934e-02-3.239572201024677051e-02j), (4.361295906006703443e-02+3.742273302409433039e-02j), (-4.002594608459028591e-02-1.485937876124193147e-01j), (1.524316026044704453e-01+1.180983229017891212e-01j), (-1.090287301712609125e-01+3.541474773715941327e-02j), (-1.601998260914227687e-02-2.513989687685158972e-02j), (-2.256631764981171379e-02+4.292933362797966661e-03j), (7.919755389367867920e-06-1.503081721797041540e-05j)
 (2.026720702048055017e-02-2.536900112914038455e-02j), (4.246002752973063871e-02-6.410376551939947487e-03j), (1.451015705963671909e-01+1.469674690195926087e-02j), (4.618726682637325914e-02+1.136757440831554916e-01j), (-2.805180462910991657e-02+1.152968037961072806e-01j), (-4.105376429379636871e-02+6.424506979834200548e-02j), (-3.921642431414774921e-03+6.518218837347560315e-03j), (5.811843491895669889e-06-1.467699174578765536e-05j)
 (4.604964130958931479e-02+2.550228559781685111e-02j), (-5.507639513769900519e-02-6.695599602509107184e-02j), (-6.497793658273014195e-02+1.235469440734846269e-01j), (-1.311569642804324420e-01-1.408381161118018310e-01j), (4.139018358320439850e-02+1.557805637150594391e-02j), (2.406686404504756668e-02-5.670907165336320360e-04j), (7.316663780772891812e-03+1.935132833224887175e-02j), (4.039413329260283262e-06-1.412338911595345476e-05j)
 (-3.391700003028482596e-02+4.398678737151767715e-02j), (-2.351665404693971395e-02+5.648256399000371741e-02j), (-3.836186932853652420e-02-1.115906250966190449e-01j), (8.052299560024034353e-02-6.519591297591030565e-02j), (4.328439826927980849e-02-8.458196968191805665e-02j), (3.908289983993233629e-02-5.649338532896262810e-02j), (1.667576046240970208e-02-1.643909378660403722e-02j), (2.604509612794289836e-06-1.346950062006247681e-05j)
 (-3.273988887727262431e-02-1.824222694434163641e-02j), (6.708910537085838177e-02+4.277241120709179834e-02j), (1.069387847322116197e-01+2.638561453592004960e-02j), (4.096786289583727314e-02+8.321371077390801729e-02j), (2.063464210160045886e-02-4.784808402778965158e-02j), (-4.784749867702749182e-02+1.619824244053273340e-02j), (-9.742478954664691645e-03-3.668297524689449057e-03j), (1.484402842506458433e-06-1.281252110301760107e-05j)
 (-4.065231836696298062e-03-3.812706461593874663e-02j), (-6.813940937690513011e-03-9.228863147456919935e-02j), (-1.000796481018222245e-01+7.786672414663273201e-02j), (-1.678627606792074956e-01+4.212297254291397230e-03j), (-6.958308166405519080e-02+5.136458463926724810e-02j), (-2.215538604322501645e-02+3.827026660246904410e-02j), (-3.817742698150709824e-03-5.037946822244961098e-03j), (6.306963626873205320e-07-1.224059985251569658e-05j)
 (4.265052031888874606e-02-2.346134438923203058e-03j), (-6.968468262181412576e-02+4.407929962838895432e-02j), (-4.386397616375450892e-02-1.221341897858419095e-01j), (3.081273652842610178e-02-6.687257411806951657e-03j), (-3.246591668226429112e-02+5.673957184143973292e-02j), (6.246350142892548307e-02-8.309276925762006105e-03j), (-6.180711673866294553e-03+1.058702734747105426e-02j), (-2.920109794236452590e-08-1.182505724935720810e-05j)
 (-8.258996951105997131e-03+1.830185590125261649e-02j), (6.837771701650294243e-02+9.029167887616776356e-03j), (1.680557881798713238e-01+1.384753964390605246e-02j), (1.461515382361916471e-01+5.345509479534993336e-02j), (3.479833841800110406e-02-3.196109112445860712e-02j), (-7.542688657427999710e-03-4.374998487338288555e-02j), (5.333168872716162467e-03+1.006610818925949419e-03j), (-5.877171510025431763e-07-1.161257469743198724e-05j)
 (1.477285776723406656e-02+4.125025536102382151e-03j), (-3.093913652998998842e-03-3.918238702536883111e-02j), (-7.712906204511627006e-02+1.043180389231649768e-01j), (-3.376436293940245775e-02-2.649124353196785631e-02j), (4.130520678641494414e-02-1.819542298786666623e-02j), (-5.475235448548171346e-02+3.821974170619817784e-02j), (7.006187664113663893e-03+3.567016387196173671e-03j), (-1.149802172278192966e-06-1.161855021040992375e-05j)
 (-2.732798597667594059e-02+1.882313567711930632e-02j), (-3.093232843712976493e-02+4.793298597417378765e-02j), (-1.160206821008280959e-01-6.256968327618082915e-02j), (-7.849704586143452234e-02-1.230496564118919584e-01j), (1.485417867450009033e-02-2.500355002250827241e-02j), (4.144408664525329328e-02+7.716788845068236341e-03j), (8.805041607799386771e-04-1.645407937345062799e-02j), (-1.823087245241619285e-06-1.182280133817074924e-05j)
 (-2.269283313724132153e-03-2.797925964828317652e-02j), (4.773724289516174946e-03-1.462619145382829111e-02j), (1.330266706139363042e-01-6.841299515743831661e-02j), (3.472492653159658937e-03+5.502859115115021904e-02j), (-6.081340433283305424e-02-2.129946482493094706e-04j), (2.055413290251502378e-03-4.667609370539818614e-02j), (-1.795828118603421536e-02+4.624166799935107604e-03j), (-2.706402216280110864e-06-1.216858807825132061e-05j)
 (1.082171242947442547e-02+3.926898239060188159e-04j), (1.999019531650121639e-02+1.339670001719974954e-02j), (9.185586325579864209e-03+8.043981804991975904e-02j), (4.811253928349512599e-02+1.281542174529180234e-01j), (-1.414714040481044460e-02+7.138245103139112535e-02j), (-7.235018270040978472e-03+3.305909838810613954e-02j), (4.307847973355267979e-03+2.233736267525338048e-02j), (-3.877894886307534840e-06-1.256554930539040493e-05j)
 (1.067975551499325201e-02+3.398875695281411424e-03j), (-2.674974160525658493e-02-4.695743161094464296e-02j), (-7.955766309880962783e-02+2.797077597751732037e-02j), (-1.365921582337989437e-02-6.955296563644974839e-02j), (6.388106919368181924e-02-2.043113985365090784e-02j), (1.066148543968170603e-02+3.009229177466773639e-02j), (3.494886849587712507e-02-1.158403642871727243e-02j), (-5.384177608846037823e-06-1.289665162067138199e-05j)
 (-3.852664059632172899e-03+1.073772748700253972e-02j), (5.457235079963790314e-03+3.670546048051388094e-02j), (4.456362287242454645e-02-7.236321413616163267e-02j), (-3.574062021535068245e-03-1.985161511683036090e-02j), (-4.958051688321744865e-02-5.160913539375614617e-02j), (-3.335484052531698107e-02-4.137905704727151690e-02j), (-3.108173518655202999e-02-3.722385598343781743e-02j), (-7.231913160787774991e-06-1.302871161403607373e-05j)
 (-3.290808782454354015e-05+6.487563401524676365e-03j), (5.155838076362005695e-02+2.775263649086034956e-04j), (3.702587266875490002e-02+4.665336521881741083e-02j), (1.795587004010559817e-02-5.551237609683207230e-03j), (2.068663878942075818e-02+4.504733114992728882e-02j), (9.395496373150638569e-03-2.001694662495127203e-02j), (-2.153933774710254517e-02+4.256325455730103346e-02j), (-9.383035177579648162e-06-1.282555022797984395e-05j)
 (-1.881031294222100525e-02+4.823601296528111371e-03j), (-8.312430711554755214e-02-3.231151670550732463e-02j), (-1.008446406448094135e-01+1.265702980673519273e-02j), (-4.875799091101731125e-02-5.812220562353852260e-02j), (3.482746903476706402e-02-2.105946103149343440e-02j), (2.065664946586199396e-02+3.115529540739667147e-02j), (3.741382062723731805e-02+6.970075901100658555e-03j), (-1.175440713962891881e-05-1.216244489954815752e-05j)
 (-9.865946496354027762e-03-1.229509308521981384e-02j), (3.526484150597560679e-02+6.478263379613914685e-02j), (2.098785200676488855e-02-9.927135114141767691e-02j), (-1.431145988111567902e-02+6.072975912384759312e-02j), (-6.612525123587628673e-02-9.202591673083460044e-03j), (1.166062889700653776e-02+1.271802816789262790e-02j), (2.715754469295576269e-03-3.243015175788854787e-02j), (-1.422221085323356198e-05-1.094031912623655875e-05j)
 (-3.999268864712256927e-03-2.897355369291232385e-02j), (6.502776500976790996e-02-7.908506584780700122e-02j), (1.125672384032068429e-01+7.875157486993991651e-02j), (8.038670781828868850e-02+7.797374928947323203e-02j), (-6.437029931227362944e-04+4.157057850978780611e-02j), (-2.125337498183224247e-02-8.889879710392512013e-03j), (-3.404206081737309181e-02+4.520451836763947177e-03j), (-1.663079104115902375e-05-9.098083462149714467e-06j)
 (4.762757359665938106e-02-7.676056125182288692e-03j), (-1.075578344014616189e-01+2.906582939085061712e-02j), (-7.786819737374633954e-02+5.062239502817626746e-02j), (1.090504393553232143e-02-4.053155962397923806e-02j), (7.865095671398159016e-02-2.521567380258404184e-02j), (-2.268633550744940386e-02-2.153341287234130513e-02j), (1.764363816681677882e-02+2.892354674764191502e-02j), (-1.880514446202089153e-05-6.621721305323639590e-06j)
 (4.166046711602544757e-03+4.300778532316352348e-02j), (4.171531014763280032e-02+4.348122272509160474e-02j), (-5.970518125177572133e-02-7.908900062555418442e-02j), (-6.646020442301150966e-02-8.152229699666205254e-02j), (-4.578221909168106452e-02-3.738737523446444833e-02j), (1.945972906170605199e-02+2.161598522606540673e-02j), (1.520833189358389292e-02-2.325842255884527296e-02j), (-2.056580298031720442e-05-3.549072738712510174e-06j)
 (-2.389260141086498729e-02+1.222968052342353167e-02j), (4.552027531332292209e-02-3.393728785496329114e-02j), (9.678539717147800758e-02-2.346877698374594950e-02j), (-1.850932494606122303e-02+1.445782007248933715e-02j), (-2.402767048977061393e-02+5.776896158237199153e-02j), (2.617191126297174764e-02-2.027644893842093371e-02j), (-1.950132899740085468e-02-5.348978323505997057e-03j), (-2.174457847465362969e-05+3.023935239411740597e-08j)
 (-2.603647326768825099e-02-1.371506881297685290e-02j), (-6.029101788081032975e-02-3.094595788869426017e-02j), (-2.333568476880738818e-02+7.911488817464798484e-02j), (3.517507363522012764e-02+4.802119564019208253e-02j), (3.760097512040121159e-02-7.030151577648136030e-03j), (-3.504601135645767085e-02+1.935906811921286885e-02j), (-1.675735828550021372e-03+1.549769718360177392e-02j), (-2.219954878493246697e-05+3.979741606383023782e-06j)
 (1.153922103356616255e-02-2.804575328149668673e-02j), (9.989128386705015128e-03+5.181210242855652237e-02j), (-5.058634679351511204e-02-4.834716194916720278e-02j), (-5.514679745821648993e-03-1.330767834238355540e-03j), (-2.332614223226653349e-02-1.439470334319025574e-02j), (1.491591488584802401e-02+1.408493314635066163e-02j), (1.206465170889749888e-02-4.329203191654196203e-04j), (-2.182777598994200787e-05+8.125357012958259889e-06j)
 (2.207411526988350969e-02+3.499493735942146855e-03j), (2.201896161397155077e-02-2.173563208843140582e-03j), (7.895836761982005791e-02-3.960865676325452805e-02j), (1.722254039506906920e-02+4.286986827650530324e-02j), (-1.493497817441961917e-02-1.295843091503748323e-02j), (9.273310707983286466e-03-4.001166386196268465e-02j), (9.194920694909763936e-04-8.642674211869438156e-03j), (-2.057454116832065571e-05+1.226795925334191629e-05j)
 (6.441624806844119255e-03+2.092311217091217049e-02j), (-2.949542917739411685e-03-4.872828235447336509e-02j), (-1.425368874659449503e-02+1.374102844466590367e-01j), (4.944559016396959938e-02-6.515717479071160556e-02j), (3.331284713882937121e-02+3.922670268558747786e-03j), (-2.415050493139406229e-02-1.685200966367456088e-04j), (-1.054204437709358594e-02-3.684559594896691381e-03j), (-1.843830907163000586e-05+1.619790400950954791e-05j)
 (-2.008082313355158410e-02+8.886874740218639324e-03j), (-2.850083584916275614e-02+3.079641603740489869e-02j), (-1.270738722559935918e-01-7.955366129390153973e-02j), (-5.604622725278783635e-02-7.378926661666795894e-02j), (1.932456421504136213e-02+2.438577877367754249e-02j), (2.838232741737778397e-03+4.292521367395227272e-02j), (-5.284879412598003645e-04+1.427483770843301566e-02j), (-1.547114015401603916e-05+1.971005930716533179e-05j)
 (-1.167938135184578424e-02-1.296487134245978209e-02j), (2.814241532737053048e-02+1.521722293486376526e-02j), (1.308289301869846599e-01-1.126084686227199344e-01j), (-7.029713255180880527e-02+5.972167848066209372e-02j), (-4.999335197819920751e-02-4.658300257891739848e-03j), (2.196482043393871431e-02-1.130079740603306959e-04j), (1.127913199060377736e-02-3.612648616749800090e-03j), (-1.177477652958093860e-05+2.261789662122617583e-05j)
 (1.051308319805104724e-02-2.140192296081239870e-02j), (3.362408715144445288e-03-1.250423633466779538e-02j), (5.707055500508716184e-02+1.661210521807380824e-01j), (2.263188267427169997e-02+1.019775698306880085e-01j), (-3.845929294454528136e-03-3.236037268976588166e-02j), (1.923897034351793045e-04-4.418893246236841460e-02j), (-3.012908710928012546e-04-7.622271058398882859e-03j), (-7.493075340298145648e-06+2.476541563210204634e-05j)
 (2.489083027259250680e-02+1.823189932270553870e-02j), (-7.814847305237321295e-03-2.888703044597834557e-02j), (-1.749151823896766822e-01+5.425023292444014489e-03j), (7.800560260342269403e-02-2.608796529484135041e-02j), (3.596879098233057848e-02+9.232797206387040323e-03j), (-1.994458946947142916e-02-4.153435132564196192e-03j), (-1.085253528357381717e-02-2.153952542586580476e-03j), (-2.801792309171303899e-06+2.603601937970287253e-05j)
 (-1.850127529832739509e-02+1.568914399535218523e-02j), (-3.128705796576940201e-02+3.406951852636136424e-02j), (5.441384922347075603e-02-1.595770285225893703e-01j), (5.956330399510509355e-02-9.710759252593853530e-02j), (7.778200461018056067e-03+5.534940718339248500e-02j), (-1.549942741622224035e-02+4.794951044441048138e-02j), (3.244162603479754103e-03+1.028828625044966166e-02j), (2.103105988843573184e-06+2.635787762535120879e-05j)
 (-1.272063186483932129e-02-2.258479122295709018e-03j), (5.123025277873222150e-02-1.363472347141944652e-03j), (1.206508529511398364e-01+7.599600864515448917e-02j), (-9.425476238836692777e-02+3.597409220283592779e-03j), (-2.240258298577796348e-03-3.311991846912643034e-02j), (4.130861777944240532e-02-1.739434304728004754e-03j), (-5.594072919039433378e-04-3.559594035455582173e-03j), (7.017412356552923063e-06+2.570575110970894710e-05j)
 (-9.325979639265985499e-03-2.626541088604208984e-02j), (2.785354949998236629e-03-8.015531853666491013e-03j), (-1.262167836175425717e-01+8.799254308650078515e-02j), (-8.710895315938960159e-02+8.056841238431705632e-02j), (-5.068240644921029325e-02-6.519864478916082007e-02j), (-3.682964855681390703e-03-5.812777101504208732e-02j), (7.662772020906736398e-03+7.178249531930663840e-03j), (1.173988547548461293e-05+2.409963649919257293e-05j)
 (3.441630404320064618e-02-1.411212352039226126e-03j), (-6.598482173340977641e-02-9.276399465150519941e-03j), (2.103951829674244323e-02-9.227476776246094914e-02j), (6.172512704229135561e-02-7.169754239716386035e-02j), (-1.988214466075116649e-02+6.060271368806341430e-02j), (-3.105733829741765678e-02+4.723392799152262289e-02j), (3.421090337042298479e-03-1.568801084487758679e-02j), (1.608190739522158039e-05+2.160088047272020124e-05j)
 (-6.473556899172366874e-03+2.075111587748038056e-02j), (4.631463849674313793e-02+2.000991813314592638e-02j), (5.470390180850797507e-02+3.103114376707816202e-02j), (6.528024576371710408e-02+6.395360516177450716e-03j), (1.005236126613506947e-01+5.462045428656159274e-02j), (1.447997945697709898e-02+1.737895736426497972e-02j), (-1.567910942973053945e-02-3.381822085811739265e-03j), (1.987513612992719081e-05+1.830656903376495629e-05j)
 (-4.643030164074838165e-03+3.428668458845790523e-03j), (3.650731491194693368e-03-7.957392970931648213e-03j), (-7.154773654154550355e-02+1.540023721889671737e-02j), (1.517284763785808899e-02+1.052261328794991402e-01j), (1.263211484417570141e-02-9.383336893033905612e-02j), (-3.865815565210761751e-03-4.784016320626403168e-02j), (-9.716545208657043076e-03+2.106354872496182806e-02j), (2.297703820844460769e-05+1.434301443878546192e-05j)
 (-1.476649208230947780e-02-5.633016646896388258e-03j), (-1.542790592714689962e-02-1.836636882454471820e-02j), (3.208294950434692483e-02-6.156792396865456984e-02j), (-7.949883250677899915e-02-4.256181111774903075e-02j), (-1.128234355659845090e-01-1.785740379156905422e-02j), (1.554227571015169909e-02-1.114259269540313069e-03j), (3.228549232634653904e-02+9.263479763081172713e-03j), (2.527448295425895725e-05+9.859049727338195306e-06j)
 (9.585105359615472831e-03-1.004049812660482571e-02j), (2.435288595515949783e-03+2.492394722242363692e-02j), (2.826903180665541609e-02+4.675035631281349024e-02j), (-3.226560284874341322e-02-1.008047553890733805e-01j), (-1.192210144862099197e-02+9.995995174727584365e-02j), (2.437129427983186769e-03+4.487844813175424080e-02j), (2.681998071726629518e-03-3.675874712782756237e-02j), (2.668578890744491088e-05+5.019632311298695345e-06j)
 (3.423885001589493937e-03+0.000000000000000000e+00j), (6.590323100399975154e-03+0.000000000000000000e+00j), (-5.368891857098470610e-02+0.000000000000000000e+00j), (1.156667367871846430e-01+0.000000000000000000e+00j), (1.283218586911893111e-01+0.000000000000000000e+00j), (-2.425115290455845396e-02+0.000000000000000000e+00j), (-3.600428925848017658e-02+0.000000000000000000e+00j), (2.716170600114343103e-05+0.000000000000000000e+00j)
