 (-1.829559273780518303e-01+0.000000000000000000e+00j), (1.298387944141406736e-01+0.000000000000000000e+00j), (8.006123508914075870e-01+0.000000000000000000e+00j), (8.855543221976925894e-01+0.000000000000000000e+00j), (-3.464183812601745460e-01+0.000000000000000000e+00j), (2.630711907679755823e-01+0.000000000000000000e+00j), (5.811091278067735955e-01+0.000000000000000000e+00j), (2.448015672205063314e-03+0.000000000000000000e+00j)
 (2.067248111774263458e-02-1.301231937530085703e-01j), (-6.760646765337735564e-02+5.020812952745432600e-01j), (-4.440085995541279140e-01-9.919707491709514602e-02j), (-5.166427487703055821e-01+8.999947950746073344e-02j), (-9.497965594639479203e-02-1.140357720710408973e+00j), (-6.846924829643608046e-01+7.167656681418261844e-01j), (-3.198208698033259134e-01-2.582366848046605545e-01j), (2.239902209878368369e-03-9.516310516377723830e-04j)
 (7.739158541451926498e-02-4.159979996932991475e-02j), (9.357633167230249016e-02-3.165515816153918749e-01j), (5.420432816821781769e-02+1.871104745090435700e-03j), (1.421976702704385587e-01+5.790463643774104024e-02j), (1.068935472577776435e+00+4.228530785204247522e-01j), (5.415850825951793457e-01+4.378709238403536430e-01j), (9.686991920679109691e-02+7.941548170312304200e-02j), (1.656999711349364975e-03-1.724119036049177617e-03j)
 (7.557837294792700555e-02+1.371300839894288304e-01j), (-1.076385103608120120e-01+9.966858439304250583e-02j), (7.043352237075700684e-02+1.057634581179237449e-01j), (-1.087802284997285290e-01-2.353726313123061242e-01j), (-7.317676654937983471e-01+1.302112053209764309e+00j), (9.596972426771481768e-01-6.649561016072512709e-01j), (-1.354863883925603307e-01+1.788863241731317166e-02j), (8.149328438467528732e-04-2.175099051112038863e-03j)
 (-1.985737772867081641e-01-2.801904852015521877e-02j), (2.980920466420843018e-02-1.877519379801452781e-01j), (-6.795267687722991723e-02-1.133342267287580640e-02j), (-6.080130716513938716e-02+1.219372067210993810e-01j), (-9.230820417610016149e-01-9.560797863769472382e-01j), (-9.897195836275869407e-01-1.080464055170374582e+00j), (8.832092452564173357e-02-1.621869395720499860e-02j), (-1.206882743184003591e-04-2.227946982964553683e-03j)
 (1.498189928209964217e-01-1.133977615180465359e-01j), (-8.933750182720642807e-02+1.705838526752093687e-01j), (-2.454841721647609346e-02-8.403187026127750814e-02j), (1.807384355036671386e-01-1.022492998495618532e-01j), (5.139721972925833660e-01-1.142309786290431228e+00j), (-1.138545061391374347e+00+1.323950089437238020e+00j), (-6.110970170504299859e-02+9.069622040497002380e-02j), (-9.687903140784524542e-04-1.886800845209896105e-03j)
 (-3.289548418481568620e-02+1.336396695462003237e-01j), (1.499283453377537045e-01+1.069309931509402484e-02j), (5.200799310909456907e-03+6.171009978096733684e-02j), (-3.810081693267790282e-03+1.173201118537505888e-01j), (1.172447730353134210e+00+9.368838553140870218e-01j), (1.641638420857556735e+00+7.227317577068311794e-01j), (1.311402002730970850e-01-1.042956700413010113e-01j), (-1.570290778370939545e-03-1.234526041841034222e-03j)
 (-7.572602588321181161e-02-6.660930280865685893e-02j), (-2.890641629532217372e-01-6.360926856321266754e-02j), (-4.236015599258362296e-02+6.692195579565962671e-04j), (2.496513409778544634e-02+1.693896399151492982e-01j), (-2.584668629990867217e-01+8.061908219033788736e-01j), (3.313389470827245997e-01-1.638952836109123457e+00j), (-1.636872310862534374e-01+8.748626876734853786e-03j), (-1.820500910064443579e-03-4.141852636229589315e-04j)
 (3.317356251176072079e-02-1.750053520537002694e-01j), (5.877021159925789329e-01+1.619847693143685874e-01j), (5.620673267823814850e-02+9.397492757238090633e-02j), (-3.248086571714230986e-01-1.920158269484554259e-01j), (-1.156498246576011857e+00-5.023997914552905675e-01j), (-1.411612779899710679e+00+2.361532162187207073e-01j), (1.050889800198617496e-01+6.863234190206045360e-02j), (-1.689629743467659616e-03+4.018869989201665893e-04j)
 (3.814657730864879914e-01+1.063418060527195480e-01j), (-3.601673251339954085e-01-5.128701565413479324e-01j), (4.184043536401963609e-02-1.256324514481483579e-01j), (2.053648553967656332e-01-9.503904377745946153e-03j), (1.494849473759006786e-01-3.849749322251175832e-01j), (4.533224820225113527e-01+8.725220436381888600e-01j), (-4.659856240273385630e-02-8.447994408163078672e-02j), (-1.227153228224196844e-03+1.048671892743837557e-03j)
 (-2.601240303317139402e-01+4.589087667129123083e-01j), (-4.865630404711753787e-01+5.277648141572148788e-01j), (-8.982094579634672393e-02-3.746724280602801993e-02j), (7.602845238953417906e-02-1.509230343623079729e-01j), (7.599173050213395841e-01+4.546996747370879444e-02j), (4.795188651344818309e-01-3.205855514335923528e-01j), (-1.294026298244864599e-02+5.880101850534306951e-02j), (-5.493257369610551454e-04+1.402824384421002624e-03j)
 (-3.607949619045326961e-01-3.027792738434156861e-01j), (6.822165914952305066e-01+9.622245543431734438e-02j), (-1.497708005429868039e-02+8.568205424104351209e-02j), (-1.746334501592009675e-02+2.982642593785179708e-01j), (-1.199448140415173419e-01+1.744932254746659195e-01j), (-2.815048559982932797e-01-2.909033792571307231e-01j), (-6.941473070947229082e-03+5.143006599071526380e-02j), (1.872440042051602390e-04+1.407474273689706670e-03j)
 (2.199112816309435892e-01-2.759423283809356309e-01j), (-3.292705433794401032e-02-4.278020417659643693e-01j), (3.371833255211541952e-02-4.275583378904364296e-02j), (3.311319357978190214e-02-1.884673695441723973e-01j), (-3.819937324119255795e-01+3.003750000245716811e-01j), (-2.617955710353034871e-01-1.327736170069482302e-01j), (1.621318708923222829e-01-4.472142953598198800e-02j), (8.200510754472541564e-04+1.082293981996694261e-03j)
 (2.942439587681813240e-01+2.080969552215632956e-01j), (-1.431195677012641887e-01+2.339844316655305956e-01j), (1.084660290183878661e-01+7.549794597903121407e-02j), (-3.349491606375089303e-02+1.538461922913593460e-01j), (8.321276034589206172e-02-3.809622341557767355e-01j), (2.132629985433227293e-01+6.723854465359391241e-01j), (-1.510789179829565287e-01-1.155672270131747059e-01j), (1.215618577626813475e-03+5.169168798259609699e-04j)
 (-3.315145956234807345e-01+2.947274049356208292e-01j), (-3.662076526616828698e-01-4.111320859699685859e-01j), (2.582184634593404429e-02-9.658590711223158376e-02j), (-1.514865956511499689e-01-5.809568964219118115e-02j), (-5.803395098641404154e-02-3.315638049439575963e-01j), (3.653453125935173795e-01-3.645564865745927197e-01j), (-3.615985411958093018e-03+8.276560495058543632e-02j), (1.297322438918566048e-03-1.505644353828697074e-04j)
 (-2.172567029310591147e-01-4.096434672045612402e-01j), (2.614278639391542924e-01+6.564747199533611521e-01j), (-2.903005041647073736e-01-1.313619628873245460e-01j), (-4.289707382769356037e-02-3.279935178955965813e-02j), (2.639344744528199227e-01+4.375505943294422107e-01j), (-6.413322188740071539e-01-3.933725540456171066e-01j), (-4.251603823197208643e-02+4.010388558310196139e-02j), (1.060209890154593156e-03-7.650627342334648815e-04j)
 (3.293014388581297913e-01-1.831908835399285729e-01j), (6.908757064729518227e-01-1.967479597977142003e-01j), (6.984423215504820259e-02+2.200819183127519230e-01j), (2.984666421436693029e-01-7.195914731963702626e-02j), (1.813034566783355839e-01+4.433381560562862922e-02j), (2.433531442355668095e-01+6.866048468694010420e-01j), (1.204398174060407473e-01+5.428420009057219331e-02j), (5.698405011943510554e-04-1.188863838174230615e-03j)
 (2.429351187813417190e-01+2.255804757848551279e-01j), (-9.611324460177446127e-01-3.625621343929485429e-01j), (3.219395332724597214e-01+5.160990092038669069e-02j), (-6.340767173400747858e-02-2.982173828496834794e-03j), (-2.171504906550714986e-01-1.603055644343153591e-02j), (4.662249561770344108e-01-3.793708424870063656e-01j), (2.305673809453470668e-02-1.521179329410014547e-01j), (-5.426744620026075459e-05-1.331314423735444410e-03j)
 (-2.323401841614868291e-01+2.415640118019446170e-01j), (2.103943381086094133e-01+4.244303996608521645e-01j), (-1.661865805498520809e-01-1.617355786225607439e-01j), (-1.421408242909883990e-01+1.529681950547469027e-01j), (-2.880105168780803249e-01+1.657611185485936278e-01j), (-7.846577391434732540e-01-1.462930944987333171e-01j), (-1.553690896534233312e-01+4.666358160721959664e-02j), (-6.666228269355952644e-04-1.167404312205763553e-03j)
 (-8.088568156763034644e-02-2.704973100222627380e-01j), (2.076579874569257078e-01-4.385561064384490004e-01j), (-1.606446458224051743e-01-6.158839038997228343e-03j), (3.408907684208128952e-02-3.689413517709220353e-02j), (-2.944807242960875704e-02-2.599591089828977020e-01j), (2.856907206279721834e-01+5.674864077271575269e-01j), (1.178081421153622105e-01+4.799161479204943487e-02j), (-1.128760297187597801e-03-7.413820496542688262e-04j)
 (2.349411160170326029e-01+8.632641348847459872e-02j), (-1.407515500642748385e-01+6.345923336678754856e-01j), (6.780581201076643638e-02+1.061370362151235203e-01j), (2.722723016573003196e-02-9.074653040876892729e-02j), (2.638097531689820308e-01-2.431506055592485283e-01j), (4.451454444616467221e-01-3.827465349226612523e-01j), (-8.413828519275431961e-02-3.779069455666893979e-02j), (-1.339835022516973903e-03-1.549287836911604737e-04j)
 (-9.325321354026305798e-02+1.987137898765145572e-01j), (3.731282135375534326e-01-4.758760095970223092e-01j), (1.032467068056458770e-01-1.552074363659091544e-02j), (4.662115906607638971e-02+4.133273977604708799e-02j), (1.825671571156514128e-01+1.446289151961981934e-01j), (-5.149738957637577386e-01-2.631836143453820664e-01j), (8.616182953472149852e-02+5.367110304050057290e-02j), (-1.258066331306546392e-03+4.571413987619866396e-04j)
 (-2.485056827769185350e-01-2.151087592302400320e-02j), (-5.868109423547365200e-01-1.958343778193129547e-01j), (-6.166736593852184534e-02+5.045885204823789827e-02j), (-6.692673702303564287e-02-5.923406259007209934e-02j), (-5.265853761996693028e-02+4.071084552380430654e-01j), (-1.313631195513546290e-01+4.593931458172375581e-01j), (-2.833863067596010740e-02-8.225222726093485426e-02j), (-9.084504527601736362e-04+9.579579313364021539e-04j)
 (4.074184855901953617e-02-2.755156204270643450e-01j), (3.697245359620952021e-01+6.302171572461203741e-01j), (5.368750843522442084e-02-2.041881074552506226e-01j), (5.712001549257024469e-02+1.348774002268825767e-01j), (-3.323376043057408302e-01-1.499902514363228301e-01j), (4.525338024294662809e-01+1.500683280465792135e-02j), (-4.797185626642361256e-02+3.522882142537438893e-02j), (-3.753233138223342194e-04+1.239340599559920391e-03j)
 (1.384706802086146937e-01+1.269308620264976151e-01j), (-5.320934522844729397e-02-4.357147460111769899e-01j), (-7.934841727291451485e-02+8.612758042518493806e-02j), (-1.198565428357861451e-01-8.681658903773649752e-03j), (-2.908633465059258516e-02-4.344264052583792779e-01j), (9.935953232480312924e-02-3.073853112439161039e-01j), (3.438582438689250648e-02+3.906634467881864303e-02j), (2.182154759065965579e-04+1.245320877318471407e-03j)
 (-1.480439706989056803e-01-7.749211721334350877e-02j), (-3.228390126600110266e-01+1.840840847196473784e-01j), (-4.359836902892938459e-02+1.449924177929793889e-01j), (1.248704145391869441e-01-5.614028402139130403e-02j), (4.209844464190797275e-01+2.217832969364510742e-01j), (-4.420491821237522156e-01-9.360364678700465457e-02j), (2.044254655177870500e-02-1.462380461532811378e-02j), (7.390852104176792682e-04+9.833045263633361129e-04j)
 (1.783376376757350446e-01-1.253351186479877699e-01j), (6.560623771058157194e-01-2.826417000208157615e-02j), (1.005476922024548109e-01-6.132754591407046929e-02j), (-5.993391093071640668e-02-5.163381379413203159e-02j), (-5.802885289002579494e-03+2.360286895596128698e-01j), (-9.866139695432483980e-02+3.921980486034269409e-01j), (1.643043320751953057e-02-4.931521610464086047e-02j), (1.074524156313460752e-03+5.206370325518440423e-04j)
 (1.842184436401325398e-01+1.624586808412783190e-01j), (-3.497516933304619102e-01-2.934174775363870280e-01j), (4.695435668829732456e-02-1.016100520339744406e-01j), (-2.328411953875331522e-02+3.993939296676594225e-02j), (-4.678873306707447832e-01+6.054914436213280904e-02j), (5.305735043575221521e-01+5.703663258244229262e-03j), (-7.559668645749120786e-02+1.699894403536328022e-02j), (1.157008828306780104e-03-3.231291438136891906e-05j)
 (-1.916736454445442939e-01+3.013999151453400915e-01j), (-3.404930467582413800e-01+3.455941622150550674e-01j), (-1.124295954449104629e-01+3.062362366686912848e-02j), (9.842876044593883156e-02-1.025660152325724578e-01j), (9.597755212547356973e-02-2.628216341886732144e-01j), (-5.456756583535489480e-02-4.419791161740504459e-01j), (2.295784422606221217e-02+3.624598302940659766e-02j), (9.782584781666159735e-04-5.483951521371831922e-04j)
 (-3.242948365499271901e-01-3.036583638440664146e-01j), (2.959397964424552718e-01+1.933168624735852326e-03j), (-8.632534847160763802e-02+1.122853411385104326e-02j), (-7.526041862293249285e-02+2.254152623051646764e-01j), (2.742534887557568912e-01-3.035812021579096798e-01j), (-5.527373765002263628e-01+2.029380864674499574e-01j), (5.493251010679729707e-02+2.928654434563870979e-02j), (5.893936684469428845e-04-9.130495159838439550e-04j)
 (3.673864683957986932e-01-2.319675005969168979e-01j), (3.132240598811344978e-01+1.342544057715812367e-03j), (1.604381509719148835e-01+3.027944051102957057e-02j), (8.896688234073896195e-02-7.300656589552240172e-02j), (1.274053340225011488e-01+4.038664168602638105e-01j), (2.505761547533883471e-01+3.568434576207185627e-01j), (-1.457573615638713821e-03-1.175542487195012087e-01j), (8.754380004618377378e-05-1.050027824785782458e-03j)
 (1.728776299614514511e-01+3.243662331497269014e-01j), (-1.833905445923944277e-01-3.366412630594283195e-01j), (4.596796529267847820e-02-7.119263902072420908e-03j), (-1.171930628571481170e-01-9.383014936856796939e-02j), (-2.576170393569020001e-01+2.718098007557779860e-01j), (4.316047646822845363e-01-3.113318093365003425e-01j), (-8.248499927318368730e-02+6.331089373050763358e-02j), (-4.077037568856873000e-04-9.376697319177747843e-04j)
 (-2.751561813244435273e-01+2.210752533186539082e-01j), (-5.001937373073002124e-01+1.520988420301412347e-01j), (-8.435794883032221581e-02-2.347593618333597421e-02j), (4.946278779536988912e-02+7.143854169213731398e-02j), (-2.810073894351503010e-01-3.858670733985730683e-01j), (-2.712819598888980277e-01-2.484951989117994697e-01j), (3.797575088130104859e-02+2.583074367813626565e-02j), (-7.823626402414413398e-04-6.122327134129642179e-04j)
 (-2.744141899399621387e-01-2.906469368372993078e-01j), (4.500261795990770919e-01+4.038578498050527932e-01j), (-4.038063961973104715e-02-1.275724987099703320e-02j), (-4.560706974525044477e-02-4.763056952013543233e-02j), (3.234343627022897572e-01-2.312075476890100845e-01j), (-3.777944794521909122e-01+2.210250874050945225e-01j), (2.840193311024546280e-02-9.668358504967189751e-03j), (-9.540543356964303673e-04-1.578347263012157644e-04j)
 (3.070623811231698030e-01-2.384866272943464982e-01j), (1.974282451848819453e-01-4.178127658005787448e-01j), (7.185955768531585020e-02+4.246274505554954726e-02j), (6.946937576070549847e-02+5.872349569066875191e-02j), (3.158502351970037259e-01+3.535652942012889044e-01j), (2.538025517544249543e-01+3.412601154498685618e-01j), (-1.466536305816478272e-02-1.764841119158706839e-02j), (-8.900275352153382436e-04+3.143342543154621247e-04j)
 (1.573772316478960764e-01+2.628040073892683459e-01j), (-3.023369029020439025e-01-2.303882830728564562e-02j), (6.403919590602165368e-03-2.214934369770358430e-02j), (2.931815241823465187e-02-8.359104873955945647e-02j), (-3.607124020553992283e-01+2.212274282263564096e-01j), (4.093045517200407102e-01-2.352813831209741302e-01j), (6.395890183992277572e-04+3.458090152782778218e-03j), (-6.132412827756024594e-04+6.924587258004563737e-04j)
 (-1.998343123157211298e-01+1.046087203592852150e-01j), (-3.556784120824937889e-02+1.147715995058855021e-01j), (-5.484940584502038391e-02+2.982313691921815654e-02j), (-9.313851744861356696e-02+1.196594784434592967e-01j), (-3.586177372849832512e-01-3.131634471371393946e-01j), (-3.421912338272970477e-01-4.216402459342145637e-01j), (5.715718594817583917e-03-5.570126566299373611e-03j), (-1.954230869625949102e-04+8.899427872559550990e-04j)
 (-7.186404441343607896e-02-1.682797064566084189e-01j), (1.974379616453805775e-02+9.938844480418786154e-02j), (-1.731035537075785447e-03-7.743789625035264051e-03j), (-1.397525475493936395e-02-5.758712915632811791e-02j), (3.741982073518100305e-01-2.260389238814514146e-01j), (-3.392884925978707500e-01+3.584074059521185074e-01j), (-2.891247591647702619e-02-7.458168169784819279e-03j), (2.609383615662790338e-04+8.646913252213503983e-04j)
 (1.438914545631400643e-01-2.705893001695393318e-02j), (1.778992645492808167e-01-8.678392550490859891e-02j), (4.174124219756135401e-02-2.856736030612720689e-02j), (6.585038436356904779e-02-8.564803249065203183e-02j), (3.395024149056375951e-01+2.859558906229245356e-01j), (4.193284116448227627e-01+3.025976234202064075e-01j), (1.295511662717697791e-02+2.639248178235112374e-02j), (6.471862546100791208e-04+6.275445310692038658e-04j)
 (-2.038246166802283599e-02+9.837014978386499076e-02j), (-1.570998165131241020e-01-7.701325155647045784e-02j), (-3.383630594271000436e-02+1.722718246133746189e-02j), (4.728539671163099062e-02+1.076361939296902048e-01j), (-3.561590517100066133e-01+9.122567776250570248e-02j), (5.228279963860893442e-02-3.815765084269212570e-01j), (4.035476795955818263e-05+1.197902983514844907e-03j), (8.737828840979124231e-04+2.382222398039731575e-04j)
 (-5.750987658806500091e-02-6.708970478882064770e-02j), (1.200818205674596961e-01+1.538084848592279341e-01j), (-7.093807756214744187e-03-8.588620229349471641e-03j), (-5.015599751675417495e-02-7.689923830130694637e-03j), (-1.565733393873105228e-01-1.717631993674911817e-01j), (-1.364682131979830237e-01+5.831838700452354751e-03j), (1.900414022840582473e-02-6.425397035794668671e-03j), (8.904022077958068104e-04-2.099087006542272064e-04j)
 (1.402212904886370182e-01-3.942355969008135702e-02j), (-8.939153468621029164e-02-2.843327072905116326e-01j), (2.388261134669348792e-02+1.061694531852836257e-03j), (-7.022621379429987154e-02-1.447347317658798441e-03j), (3.159689292488463419e-01+3.235111093756944806e-02j), (1.609270808015472731e-02+2.185180823437635894e-02j), (3.819869542259947057e-03-6.051284578561686063e-03j), (6.963226253932784833e-04-6.123605210086898029e-04j)
 (1.803898140816444923e-02+2.277322325368757172e-01j), (-1.845472095572817106e-01+3.257717423171640481e-01j), (-1.653707345970305276e-02-7.482718969981995080e-03j), (5.089747067362142274e-02-3.892753201338267771e-02j), (-6.925692860541601825e-02+1.436339828382512951e-01j), (-1.859550182196621493e-01+3.105259678922897559e-02j), (-2.728233513135627786e-02-2.557070773273553005e-02j), (3.390186313502837516e-04-8.778739848121682723e-04j)
 (-2.644319137451880408e-01-1.111882981098322870e-02j), (3.723206450516803323e-01+5.994504097989824393e-02j), (4.492729756024495258e-02+4.928953445010467865e-02j), (2.605765305260018816e-02-3.663701217320450287e-02j), (-2.932728032354436909e-01-1.587105761495063161e-01j), (1.694038438863574303e-01+1.926608207435149267e-01j), (5.283056434502783963e-03+4.049357354651011293e-02j), (-9.832120780077789656e-05-9.488682900792788037e-04j)
 (9.762267951903491614e-03-2.283273295160836713e-01j), (-9.789827316038263172e-02-4.278295172035329053e-01j), (-3.734160992054989109e-02-3.645520551458596853e-02j), (4.456702340425985898e-02+3.935453718757912778e-02j), (2.080905520903315598e-01-3.779962531128118475e-02j), (1.632681163336645036e-01-2.258349491183560820e-01j), (3.993153196134299060e-03-7.573625508632225375e-03j), (-5.170512289848715713e-04-8.133733882237700191e-04j)
 (1.759567589712823232e-01-2.070750149138680940e-02j), (-2.323025055772867109e-01+2.720069708093615368e-01j), (-2.403034708559599261e-02-5.580581669121106869e-03j), (-1.168816680929988805e-01+1.225892780288711792e-01j), (1.828993010753695025e-01+1.098441887607680134e-01j), (-2.108259401067552608e-01-2.368227694166544217e-02j), (2.934716883800682699e-02-2.801687595931760116e-02j), (-8.260922540923172326e-04-5.059881357275877733e-04j)
 (1.550578238644595430e-02+1.480583000541637606e-01j), (1.945685597386456189e-01+2.778084255259483104e-02j), (6.057361852978412203e-02-5.375325210735217019e-02j), (4.466232523094401663e-02-1.067285719498047292e-01j), (-2.130069888332998818e-01-9.718895417340200904e-02j), (7.965189995179178251e-02+1.387413321157913437e-01j), (-8.159047967345316177e-02+1.657304418866209494e-02j), (-9.622475330930527248e-04-9.807911110140901819e-05j)
 (-1.175936323132510952e-01-5.433585630209540607e-02j), (-9.832115567376892296e-02-1.347302815633667217e-01j), (-5.061984551508912078e-02+5.908316379263445911e-02j), (-1.498120743866894304e-02-7.639130080629209785e-02j), (1.334184514939135147e-02+2.001175242592925785e-03j), (-1.116376347691665771e-01-1.479004888767978532e-01j), (7.689656943120472266e-02+4.143100953078712734e-02j), (-9.031874935666194979e-04+3.200380996611338117e-04j)
 (1.325575871335167299e-01-6.665169533788721512e-02j), (1.495570824635449325e-01+2.335576634647812955e-01j), (1.198220442177624565e-02+2.947052556734203882e-02j), (6.063055017905571997e-02+7.645162852090461869e-02j), (1.861960888546350112e-01+1.602276978652381334e-01j), (-2.635436060971904637e-02+1.619510109893804728e-01j), (-5.664724537480032157e-03-4.800682286622796890e-02j), (-6.704004572646200810e-04+6.604119926704828851e-04j)
 (3.573589785925763984e-02+1.664644888651901633e-01j), (1.484042651675321345e-02-2.788940653666383551e-01j), (3.046932327079407421e-02-1.552770980216047064e-02j), (-2.475839471842256057e-02+2.329994428513280577e-02j), (-2.425593863301055697e-01-4.349163555013677018e-03j), (2.441972483307875974e-01+9.106091583377010079e-03j), (-2.137314455965389631e-02-3.938043995239434714e-03j), (-3.218991677365303427e-04+8.571069430759619984e-04j)
 (-1.750553838409866780e-01+5.167840799944898450e-02j), (-2.774400372887161903e-01+2.761564912666222837e-02j), (-1.752595347435866383e-02-1.816422613886818638e-02j), (-4.843603319152710307e-02-4.552269292349746255e-02j), (3.147340745364690662e-02-2.189733385043391434e-01j), (-1.034121885104597738e-01-1.513516792600742566e-01j), (9.638935027249771401e-03+1.214049501992385711e-02j), (6.308397373861978469e-05+8.796665690937815162e-04j)
 (-7.475132517798786791e-02-1.890890655924850616e-01j), (1.460419555915386525e-01+2.527465021162734748e-01j), (-2.490158841924248329e-02+5.342821038652158933e-03j), (5.637031143286674179e-02+2.582511932087204476e-02j), (1.817769848485056849e-01+8.043174256511551046e-02j), (-3.291249026917214549e-02-1.181144163955120258e-02j), (-3.604858770418162273e-02-7.589049264689461810e-03j), (4.033764358021521730e-04+7.375527447902274726e-04j)
 (1.904011033512960083e-01-6.320785754557700642e-02j), (1.529504362742964696e-01-1.294191835080655273e-01j), (1.142685489783995881e-02-4.629828137968589052e-02j), (7.867654941289218412e-03+2.798667020556763058e-02j), (-1.852459896822532259e-01+2.140534739856370106e-01j), (-7.146216199893935805e-02-1.470747620400017497e-02j), (4.216466529753111481e-02+3.962698318289901295e-02j), (6.343332940945743768e-04+4.750267969194641501e-04j)
 (3.323812491366352762e-02+1.553750666408525438e-01j), (-1.459616393216862651e-01-1.304563686541038992e-01j), (1.764411254344179503e-02+7.692564470989388115e-02j), (-4.263778881766730477e-02-6.869868871341221206e-02j), (-1.290882346998592500e-01-2.652591534816740593e-01j), (-8.438372897557451513e-02+2.762409730301046418e-01j), (-7.741081018411762049e-03-3.107465325282612878e-02j), (7.211519171665076253e-04+1.582670635699432219e-04j)
 (-1.029978025802862351e-01+1.435813755272367931e-02j), (-3.873872298677072390e-02+7.726571047030522665e-02j), (1.520266113755121967e-02-4.934498824148588619e-03j), (4.496202712304289695e-03+2.189157554811792250e-02j), (3.160531774749103517e-01-9.536072539473497423e-02j), (3.494207934646866853e-01-5.954699090251355797e-02j), (2.358078595292568622e-02-8.463036739939061581e-03j), (6.641753673785578353e-04-1.417019283146724105e-04j)
 (3.214057794093522907e-03-5.838416632981964505e-02j), (1.181299147129277610e-01+7.402012070585935188e-02j), (-2.959042255489997136e-02-5.965337492456276869e-02j), (3.769168212930278095e-02+4.157751297825358627e-02j), (1.016673312258267459e-01+2.699557108154613250e-01j), (-7.697409892002997356e-02-3.911202559971111437e-01j), (-5.425570384595140155e-02-1.879195553661292331e-02j), (4.954384884687427311e-04-3.658749598355480383e-04j)
 (1.463451058049566877e-02+4.001108896181578001e-02j), (-9.158999193588278354e-02-9.363561675953083197e-02j), (-5.089002474691649291e-03+2.132239461381737339e-02j), (-4.835701703533810264e-02-7.112234103048654943e-03j), (-3.313969270816934376e-01+8.606522384642244228e-02j), (-3.112080347032185612e-01+2.428228921997982459e-01j), (4.300891849961827745e-03+5.146218640088827401e-02j), (2.679021981907981752e-04-4.798384449231924277e-04j)
 (-9.062426323159192276e-02-3.645524611142524074e-02j), (-5.951471007761937465e-02+1.040201135810745192e-01j), (-5.241348885029539079e-03+1.360897657903721233e-02j), (2.619979776977587882e-03-3.040470910767650164e-02j), (-9.117196165981858447e-02-2.234455776167768581e-01j), (1.177716831796574298e-01+2.036483964278083536e-01j), (3.958951507042010598e-02-4.697120825888669027e-04j), (4.054332400597171872e-05-4.792669743635808149e-04j)
 (7.823291670511825502e-02-1.436276938951907001e-01j), (3.238166337485817170e-01+1.690794961483901848e-03j), (-2.077978786359220911e-02+2.742065021334821190e-02j), (3.526120673039793985e-02-3.285240294483254830e-02j), (3.278138354949168276e-01-7.671848496228664271e-02j), (1.983926749496636721e-01-1.455544156280487722e-01j), (-1.101995120498924785e-03-3.047299853933765901e-02j), (-1.366910364144711932e-04-3.874953105529306096e-04j)
 (1.966851999044189336e-01+9.864138290244121865e-02j), (-2.681141318622170533e-01-2.779464470318075975e-01j), (8.668128919322014292e-02-4.699722818687116638e-02j), (-9.168757480660906511e-03+1.797207002148646857e-02j), (-1.262335863991356777e-02+1.503665719220737551e-01j), (-1.230866669583052797e-02-1.649032875400446851e-01j), (-5.865688341119218788e-03-1.099864605773211851e-02j), (-2.342671062967811358e-04-2.463645513516868552e-04j)
 (-1.063188559426847396e-01+2.334319073920084475e-01j), (-2.218633283822201152e-01+3.269797737641527702e-01j), (-3.308503946359957898e-02-1.728400408148692349e-02j), (9.666410161348004682e-03+8.527863231028198765e-02j), (-2.103122971763120574e-01+1.398673223253319164e-01j), (-2.886987898337621816e-01+9.440213327523103159e-02j), (-4.074197834269209506e-02+6.153356590728301795e-03j), (-2.481525714516234532e-04-1.031784272187515256e-04j)
 (-2.295623010572322709e-01-1.036727095036351076e-01j), (4.030215219436785179e-01+2.434093161750795070e-02j), (-5.438681212800140774e-02+7.901665842936438089e-02j), (-1.529927353090997436e-02-2.257543804075004198e-02j), (1.523324483936358553e-02-1.296534812942828907e-01j), (1.468720428176007453e-01+2.056988942574216883e-01j), (2.703776131219530823e-02+3.441793447525506866e-02j), (-1.977536008372743044e-04+2.566562420304300575e-06j)
 (8.727611977215898875e-02-1.949954191144649962e-01j), (-6.927402497700992090e-02-2.665743049411640753e-01j), (4.835624026306930417e-02-5.044287658138389696e-02j), (-4.977656855831488758e-02-6.687647252559500433e-02j), (5.449129953161468976e-02-1.950037017658150240e-01j), (2.305338708029723571e-01-2.596487878754526468e-01j), (4.675986904677260220e-03-1.038426541709870643e-02j), (-1.177533795082409229e-04+4.917206534302785963e-05j)
 (1.643909377503786629e-01+8.012325387312860259e-02j), (-1.105894186084801500e-01+1.017915667860053164e-01j), (-2.484034503878541564e-02-1.875564674584063313e-02j), (4.362735108226163672e-02-2.680952422292688653e-02j), (2.731321133201201207e-02+6.593002496652186628e-02j), (-3.485555530108632727e-01-3.238756884114540879e-03j), (2.677852950019854461e-02-1.260704875069867947e-02j), (-4.644541555965761462e-05+3.700617046101926000e-05j)
 (-1.110931971079461844e-01+1.407011138110735859e-01j), (3.796659914338001984e-03-2.238355002379513459e-02j), (1.843530118430569686e-02+4.550008098784152910e-02j), (6.264343046893441902e-02+6.167900376700721776e-02j), (1.016153408699780047e-01+1.955775365081699746e-01j), (1.048651063173066944e-01+2.747348393130865096e-01j), (-4.257040395775690822e-02-2.486037459471557298e-02j), (-1.394323114386206500e-05-1.374399810918534252e-05j)
 (-1.004723906384955151e-01-1.585775495304063976e-01j), (-5.348647571148145569e-02+1.788146567030999834e-01j), (9.084369185569384636e-03-1.451219236287578512e-02j), (-4.011159384047070786e-02+5.921530312360577530e-02j), (-3.899500324019485736e-02-1.554403774840366209e-02j), (1.637861053844237580e-01-2.601384802185121581e-01j), (1.139577071391950636e-03+3.774050860680000508e-02j), (-3.350891946464227352e-05-7.084384103333622143e-05j)
 (1.726540980799257108e-01-5.481236050922506930e-02j), (2.041044836326638134e-01-9.163988108946743982e-02j), (-1.332923208677897625e-02-6.490094082429852945e-03j), (-9.149787731903291643e-02-7.303150447753423147e-02j), (-1.148515153474043426e-01-1.332951777463821375e-01j), (-1.872373195709800819e-01+3.134720820441286304e-02j), (1.075515895008720760e-02+3.233045103742684945e-03j), (-9.824937905196002739e-05-1.008706382240558272e-04j)
 (4.091223340576125023e-02+1.554189917552838418e-01j), (-7.682896101536468292e-02-1.477576042179343796e-01j), (-2.049684176361706023e-02-1.735140441022388347e-02j), (5.287422280115826323e-02-3.217152377644516559e-02j), (-3.094874089805790818e-02+7.114295899026068515e-02j), (9.976090970442835770e-02+1.344257584442565545e-01j), (2.563867580357205925e-02-1.020091839126225849e-02j), (-1.838750128380762074e-04-7.998777482772629049e-05j)
 (-1.538146132122731879e-01+4.969760585139829101e-02j), (-1.110828924377190718e-01+8.738733470636703138e-02j), (1.085552807416052638e-02-4.063351189183985086e-03j), (8.474817490145652998e-02+3.660247567021283205e-02j), (8.618948302932560868e-02+3.848049813914364292e-02j), (-5.707061752568690083e-02-1.646930806634248345e-01j), (-2.152332288740468197e-02-2.547278596236015810e-02j), (-2.565329513712243299e-04-1.602555260664388539e-06j)
 (-3.269276880165686294e-02-1.701183186575608852e-01j), (-1.896499321728506438e-02+9.897728211744873106e-02j), (2.620311986513380875e-02+5.761470122005796918e-02j), (-4.811068058666264496e-02+1.867827126939316032e-02j), (-7.401619310355517234e-03-1.073398950322206752e-01j), (-1.771062544051382748e-02+1.225933994816806871e-01j), (-2.139931424257351250e-02+1.692697167102114042e-02j), (-2.833671404580574292e-04+1.211709639909101072e-04j)
 (1.548334025025585314e-01+1.112127672424968738e-02j), (1.732958647483094361e-01-2.713512101629611539e-02j), (-1.148142153810870550e-02-4.078228295968350930e-02j), (-3.636154717994864727e-02-1.794654264673107083e-02j), (-3.225933590951737817e-02+2.426540862447859603e-02j), (1.354238499827686293e-01-6.769844522449669499e-02j), (1.946725142385558049e-02+2.507260794755422628e-02j), (-2.427732716616994306e-04+2.588384864112769292e-04j)
 (-3.016501526983180956e-02+9.878228996819442276e-02j), (-6.908106831119605051e-02-1.248066885030750806e-01j), (-4.142416032812418214e-02+6.550411647987417103e-03j), (-2.883374863686852252e-03+2.834522761739673852e-02j), (3.121254549233279385e-02+1.123302930694906887e-02j), (-1.905359907046769163e-01+1.323603660652135361e-02j), (1.107663751316979861e-02-2.052741981050412376e-02j), (-1.314704187853465837e-04+3.736322359912907891e-04j)
 (-5.312638506791081405e-02-1.439851293534736079e-02j), (-6.523000437225852377e-02+7.719896824435359961e-02j), (6.665164439596768520e-02-1.639627314083848958e-02j), (3.174409342336446255e-02-2.831649344506311644e-02j), (6.402002764126982215e-02-4.640606671899104307e-02j), (1.330689861790201878e-01+1.017902706908904165e-01j), (4.026579827260536731e-03-7.430769183126691158e-03j), (3.356099662806967380e-05+4.300984137141530112e-04j)
 (1.609613084681100689e-02-3.933516942272084760e-02j), (1.012168406153883676e-01-1.430139599475831191e-02j), (-2.156713462900949202e-02-6.498497500372568680e-03j), (-6.436240584345956361e-03-3.694615766446907035e-02j), (-2.655986131606571238e-02+6.459065958073814673e-02j), (4.067001118580544639e-02-2.308959702082571952e-01j), (-2.954210440993854797e-02-7.916462285969576990e-03j), (2.187921205068526402e-04+4.052256305548402725e-04j)
 (1.783036187102412379e-02+5.682061876713469240e-02j), (-9.443587675532150172e-02+1.998797286684433905e-02j), (-5.133631850094125953e-02+4.563080870509687859e-02j), (2.880469070930855024e-02+3.312726508695411354e-02j), (-8.324234383130652004e-03+1.210249833181993584e-01j), (-2.341372416156068947e-01+1.795933217631660306e-01j), (1.183476387080585265e-02+1.884400321358230615e-02j), (3.824841222162965373e-04+2.953400839401309976e-04j)
 (-9.175252901468795852e-02-2.948044257720909556e-02j), (1.311081481613675381e-02+7.185876089221962526e-02j), (3.718259821651041797e-02-3.341016741614444979e-02j), (-6.683037284566978320e-02+3.293048215073134111e-02j), (-1.019619911412023294e-01-6.746507558668676796e-02j), (2.300061709813218114e-01+8.285131378933571766e-02j), (-8.234734956066986494e-03+6.902286631984673460e-03j), (4.853901015302254564e-04+1.179012344793452910e-04j)
 (6.274829380101974718e-02-9.234727907794296198e-02j), (1.194006262318664524e-01-9.980633755305901023e-02j), (4.597591808383716394e-02-9.084764382250851145e-03j), (2.353083189031890746e-02+4.247905141847078958e-03j), (1.376465057083944843e-02-1.623668235911372992e-01j), (1.058284579172601159e-02-2.376022240085033099e-01j), (2.886656104975933446e-02-6.882631396837340931e-03j), (5.009509465339131041e-04-9.227717445442135190e-05j)
 (8.827462978800947047e-02+6.013213508776144023e-02j), (-1.063308806214874891e-01-6.720161410178303318e-02j), (-3.455682101708471010e-02+3.890392788110746958e-02j), (5.226935940742929304e-02-7.759529573195771135e-02j), (1.143205060542577534e-01+3.469038021709106023e-02j), (-1.370670721048053986e-01+8.134848434728211841e-02j), (-1.188629978153899966e-02-1.139724553148427008e-02j), (4.222857037623460336e-04-2.913635818848401117e-04j)
 (-5.726726319554221317e-02+9.689772644274421975e-02j), (-6.214801117552103127e-02+1.255499039900848934e-01j), (-3.281861830369718624e-02-6.501322950940080503e-03j), (-3.402906437047185928e-02+4.521032754282088006e-02j), (-3.587717248367672251e-02+1.800438184885443937e-01j), (5.802270011151439144e-03+6.082603959672133742e-02j), (-2.018839586095552696e-02-1.483368669392367938e-02j), (2.641621557274131385e-04-4.371915459783242059e-04j)
 (-8.498355052854235370e-02-7.837566303412908664e-02j), (1.087056340934866305e-01+3.864013727848891744e-03j), (1.001072833268695783e-02-3.422734768778997599e-02j), (-5.318492792716639217e-02+2.801206239166012871e-02j), (-1.341123496044660246e-01-1.029054399792207058e-01j), (-3.264593028683661358e-02+3.893296608962253103e-02j), (-2.757279758139018211e-03+5.083410117838244729e-02j), (5.948229128527568227e-05-4.994936035174685814e-04j)
 (9.643015631423627887e-02-3.593242449617965739e-02j), (-2.143710021795308673e-02-4.646545021170950251e-02j), (1.518321741366194730e-02+1.032252415981108756e-02j), (8.479122551540008157e-02-3.751895251945894239e-02j), (1.414553084478957778e-01-1.621914996952574517e-01j), (2.644599742931260655e-01-5.974620923860432531e-03j), (3.334443661745259413e-02-1.979853273985434162e-02j), (-1.487383854509984689e-04-4.670566092773404754e-04j)
 (-1.240145884992905484e-02+9.436592465145131337e-02j), (4.064804345450984124e-02+5.348322251780493475e-02j), (3.230094088720071588e-02+2.325799265843313951e-02j), (-2.473088478196114326e-02+6.580333716159139645e-03j), (1.934416837579193138e-01+1.533287181161460677e-01j), (-1.132902760418919852e-01-2.710400944566827564e-01j), (6.249147181871819723e-03-1.294759474334116443e-02j), (-3.177642065738554627e-04-3.500242373115860129e-04j)
 (-9.959196763335603775e-02-3.194595226452247305e-02j), (-6.953422328329021684e-02-1.676508667800893915e-01j), (-2.075367746496124127e-02-2.499126398280564210e-02j), (-5.407087815257506647e-02+2.360331089361622503e-02j), (-2.105551565798665647e-01+2.114064047519697009e-01j), (-3.703827208661049086e-01+2.191159461817729082e-01j), (-3.257351335545290161e-02-2.469164890057390371e-02j), (-4.152054650533846701e-04-1.768733088992206542e-04j)
 (4.369136903121942361e-02-1.246078426976993114e-01j), (-8.192312972010028227e-02+1.374640763355005069e-01j), (-3.155141650847276269e-02-9.884928689907895860e-04j), (5.308706834801892732e-02-5.799338239206228846e-02j), (-2.528469454325308341e-01-1.911914221679040793e-01j), (3.566674205477293746e-01+2.194226980741326993e-01j), (-1.102648178841680524e-02+3.659051931212544545e-02j), (-4.262138540953402900e-04+1.301793801411135895e-05j)
 (1.370226992831030943e-01+6.192347039829823596e-02j), (1.626524859288298597e-01+1.071756829452215065e-01j), (1.498241796412281418e-02+1.747078613614910098e-02j), (1.548483641002333308e-02+5.504325905819769382e-02j), (1.848496596531304936e-01-1.653606427590925687e-01j), (1.709685595265053593e-01-3.316776786814307210e-01j), (2.092942494327429750e-02+1.315854355903742744e-02j), (-3.560821550321989623e-04+1.791796869184826124e-04j)
 (-6.313455015260205361e-02+1.206795207753164068e-01j), (4.323890839400823527e-03-1.825083321450844676e-01j), (1.654473539470114468e-03+1.060302099388182873e-02j), (-2.756218753610667482e-02+1.289615462549052564e-02j), (2.273972859459227891e-01+9.887081539484053605e-02j), (-3.507955500693868967e-01-8.602807688504299222e-03j), (2.089099121369036166e-02-2.191846056808868098e-02j), (-2.277684405708158238e-04+2.896620769656263559e-04j)
 (-1.044785545122276227e-01-4.212712486009564938e-02j), (-1.175529858696146429e-01-1.972362694625079405e-02j), (2.167005762105641414e-02-1.614708163445917333e-02j), (-3.327672943533098449e-02-3.921422336186646679e-02j), (-1.174614819772120955e-01+1.025519890581336885e-01j), (4.207463647584358535e-02+2.098796766344550313e-01j), (-2.252691906979023551e-02-1.407937459452072992e-02j), (-7.519546631647814889e-05+3.280184316700852183e-04j)
 (3.618975674483927013e-02-1.003530255959615980e-01j), (1.268608553039544951e-02+1.277148163135503889e-01j), (-3.473574128391904159e-02-6.944676663867532448e-03j), (4.242416737947078686e-02+6.288942487630502440e-03j), (-1.202893753980029123e-01+5.488477550906131763e-04j), (1.494107762633979375e-01-7.891773791165807017e-02j), (-9.714416207461466432e-03+1.811353824021706346e-02j), (6.576314982649944692e-05+2.960089951389452629e-04j)
 (7.556901467050386456e-02+6.122300354310999948e-02j), (7.144133993697279750e-02-4.501174873805098564e-02j), (2.085336977185591606e-02+1.435981967526750447e-02j), (-9.377901823892031974e-03-3.026273335438867118e-04j), (4.891574106613108541e-02-8.325150506344858314e-02j), (-4.524276295919565927e-02-6.109091191655428854e-02j), (1.722816013145138381e-02-1.099268336372357519e-03j), (1.661790826715121828e-04+2.115582022457739302e-04j)
 (-8.357668440826444833e-02+1.713816740881869694e-02j), (-4.475053430388333670e-02+1.830884103434382570e-02j), (2.600267518893188690e-03-5.817634220930678612e-03j), (-8.858676315330410445e-03+5.400011596612436238e-03j), (9.830258965085880707e-04-1.531073212339770923e-02j), (-8.312962147531199886e-02+2.430957354879276222e-02j), (-1.455717680370050178e-02+1.277172114318646592e-03j), (2.105586370987100634e-04+1.027600587968556208e-04j)
 (3.822032806106252789e-02-8.363781222044393282e-02j), (6.121157132834024323e-02+2.199307607675981407e-02j), (-2.506100918809952074e-02-2.889181285420112932e-02j), (4.654206649327577439e-02-2.751732679452658509e-02j), (8.265040286641503475e-02+5.808525477208283105e-02j), (5.645485472961259132e-02+8.343585016426142975e-02j), (2.238695044893286579e-02+6.784051965587692412e-04j), (1.993778919424552638e-04-2.732078540811848193e-07j)
 (8.592767961498978813e-02+6.711408206973001889e-02j), (-4.037749498195108977e-02-1.462357532495971446e-01j), (4.279707010800430644e-03+4.334595232183119373e-02j), (-3.636535482672405284e-02+5.516042464326900707e-02j), (3.020135036080950908e-03+4.167866044095935862e-02j), (1.019621638478701298e-01-8.328368655509518770e-02j), (-1.741627820919196962e-02-1.238235618523051557e-02j), (1.472385646277169793e-04-7.344194031227963644e-05j)
 (-9.019223373902073015e-02+9.988542127300172047e-02j), (-1.117016562111276534e-01+6.704821290580956217e-02j), (4.938910354280883624e-02-1.470372655787930902e-02j), (-2.664368831752738503e-02+2.361535781015555724e-03j), (-1.560333781080188442e-01-4.360728259294952003e-02j), (-1.514264487296073658e-01-7.133452069128251583e-02j), (1.570758832981371603e-03+5.661673931403262555e-03j), (7.740798502556609081e-05-1.044382728649827707e-04j)
 (-9.596413915840275310e-02-1.143218438314610452e-01j), (1.329687287151257724e-01+1.404842360530122458e-01j), (-2.629102471148064141e-02-2.519133667540592730e-02j), (1.648868808097172720e-02-7.624686839560014529e-02j), (-3.535171861710956209e-03-5.512569515389750818e-02j), (-4.604499134859635356e-02+1.649236273078070747e-01j), (-1.008476164752174740e-02+1.098562743422651540e-02j), (1.443962621405721391e-05-9.485478093429635217e-05j)
 (1.111805757741760464e-01-6.794628484859122075e-02j), (5.038196141296996666e-02-8.985220201864935197e-02j), (-2.829554901739892575e-02+1.903400794554219178e-02j), (1.001366981333469755e-02+3.978393642232689459e-02j), (1.753237156224200233e-01-3.115376703689248794e-03j), (2.055450644329753218e-01-3.897774756059205203e-02j), (2.573015493896983405e-02+5.099275343808664165e-03j), (-2.299362215873014884e-05-5.826827190348780818e-05j)
 (5.211429108368947904e-02+8.150546671758572559e-02j), (-1.126431325310280895e-01-9.318750844979431514e-02j), (2.348645595603127828e-02+3.985409616534520139e-02j), (5.296202820319907689e-02+1.302641531417050857e-02j), (-2.294272695163579456e-03+4.460932881991008792e-02j), (-6.987616545130070911e-02-1.026435493413652145e-01j), (3.687456031604627316e-04-2.042101283453778837e-02j), (-2.708216389237232558e-05-1.506073375400069617e-05j)
 (-7.178413053946572364e-02+5.650361640268147800e-02j), (8.520926630662395418e-04+7.865361351853016048e-02j), (-1.210119932054794928e-02-3.547746070660663664e-02j), (-6.919463680091569868e-02-2.544481153175730259e-03j), (-1.333645642586706592e-01+6.221736908988845238e-02j), (-1.410115183190826516e-01+6.651892589654781474e-02j), (-1.143197978577292773e-02-1.530967223460760057e-02j), (-2.399003290156167569e-06+1.439756336903450602e-05j)
 (-4.027191925394808802e-02-9.628204716244377626e-02j), (6.929044654996413533e-03+1.805831217645292863e-02j), (-4.143950217230005229e-03-7.456019582424113640e-03j), (-8.270289784377347908e-03+1.425968763860679944e-02j), (1.847560016929160331e-02-3.024390252482821173e-02j), (1.033647459414090419e-01+3.120540964348433866e-02j), (-3.660866834108725265e-02+1.857119721437978238e-02j), (3.630854726778000828e-05+1.619401735450973039e-05j)
 (1.107041919659535467e-01+7.373882853218396982e-03j), (2.177330882636313580e-02+2.067001262528190414e-02j), (3.905832932715359168e-02+5.668653534891951104e-03j), (1.076418070182836445e-02-2.173981598354027961e-02j), (3.679040076125857095e-02-1.162991238036176489e-01j), (1.035709818488006473e-01-4.643815997721387201e-02j), (3.628592927264102930e-02+4.394345636897212248e-02j), (6.926922803644191954e-05-1.287683578425071699e-05j)
 (-3.960504016956398199e-02+9.306484354726840547e-02j), (1.016134974521813172e-01-7.664756932793770350e-02j), (-2.936027251117061948e-02-3.338701620052979963e-02j), (2.449758591773125091e-02-4.340758740478260769e-02j), (2.595685784489604186e-02+4.102438424697518737e-02j), (-1.256179715656076112e-01-3.210604632770863720e-02j), (3.486629134408224251e-02-5.039286260578496046e-02j), (7.819914562537220873e-05-6.440523341470929088e-05j)
 (-7.886353032323260848e-02-3.478795952060859120e-02j), (-1.299112650148947501e-01-5.827641340220790500e-03j), (-1.061184947369086390e-02+6.558527444978534682e-02j), (-1.488291066007174646e-04+6.345837198797545098e-02j), (2.231450267359755268e-02+1.425424704000978482e-01j), (-9.452352062193326854e-02+9.311792516825173616e-02j), (-5.218265632862810477e-02-1.330098157896702354e-02j), (5.226134699958082282e-05-1.209697366928253273e-04j)
 (3.316560068403190398e-02-8.435694073621158307e-02j), (-3.018362978975414057e-02+8.255476953623473724e-02j), (1.336822843760610002e-02-9.676275040057587262e-03j), (-5.466675945686869792e-03+2.751256621150015985e-02j), (-1.011843042799213666e-01-1.297622113800529775e-02j), (1.905830326642159178e-01+3.488778886034329951e-02j), (7.912806201172239984e-03+3.044593756599481629e-02j), (-8.230438622438412954e-06-1.614313325975039203e-04j)
 (7.121723997066634060e-02+5.675896271978009278e-02j), (8.231765949139180361e-02-4.117185092130418167e-02j), (-9.993018974203807248e-03-1.813475118596871716e-02j), (-2.069268742976936720e-02-8.814522388515544371e-02j), (-2.598761056411336146e-02-1.756477698357088446e-01j), (3.362232704757316115e-02-1.780582068753495117e-01j), (-2.891284342728331000e-03-2.560675598380867529e-03j), (-9.139341651586807124e-05-1.673621019357936831e-04j)
 (-6.877683475786847134e-02+2.509771458076463096e-02j), (1.073407367591525108e-02+1.854669633467416479e-02j), (3.491946453067944212e-02-3.461650210797410920e-02j), (1.716793814181168110e-02+3.636507884734206664e-02j), (1.207118729047825523e-01-1.396879108629908717e-02j), (-2.476656389762310895e-01+4.919845070694230105e-02j), (2.048846348632758080e-02+1.290940900724808944e-02j), (-1.767313309558533928e-04-1.287683520464769560e-04j)
 (7.458748165102987993e-03-5.141802255050804960e-02j), (-2.258871619299930231e-02+1.110397270894097899e-03j), (-4.267172044661968200e-02+1.912335417380885139e-02j), (2.582993058771854145e-03+2.354087561781543353e-02j), (4.367223277096089762e-02+1.567135622571031173e-01j), (1.025696214164960318e-01+1.380807295627677622e-01j), (6.911006041822466417e-03-2.678309500557875256e-02j), (-2.406119447581135694e-04-4.749950358236059919e-05j)
 (4.633078155665014408e-02+3.509209915209449138e-03j), (-3.861893398084401130e-02-8.014314451784787519e-02j), (4.253845795389628315e-04+4.209003887988017889e-02j), (-9.730733949506336494e-03-1.139880977100363180e-02j), (-1.323431598835890788e-01+3.762091995702049330e-02j), (1.298856024089453109e-01-8.060076815172644016e-02j), (-2.651708872775530856e-02-1.064325821325194828e-02j), (-2.627319128566944122e-04+6.259769012389592054e-05j)
 (-9.954323445609425391e-03+7.246197164629857024e-02j), (-1.613652494903861090e-03+5.996897374491154398e-02j), (2.886675166215839014e-02-1.972266295245283727e-02j), (1.649130063099027432e-02-2.548674745019677973e-02j), (-2.597663454481168033e-02-1.477012944050137555e-01j), (-3.592304248481011791e-02-3.280546966715103263e-02j), (-7.690402399746099765e-03+3.179254496177859324e-02j), (-2.317899732105330353e-04+1.788107222974742770e-04j)
 (-8.004524880298957701e-02-5.853735188717301696e-02j), (5.440158770286915302e-02+4.486422357258984528e-02j), (-1.812643319492851512e-03-2.924985660090014677e-02j), (-1.032931066526991681e-02+3.454491657001710486e-02j), (1.719641397287289264e-01-1.440920517088689623e-02j), (-1.145587135471792528e-01-6.591423557908385189e-02j), (1.959061331005439166e-02+1.359414416279916549e-03j), (-1.488364271614406147e-04+2.751152846076112797e-04j)
 (1.078432030912326312e-01-3.806472658066599457e-02j), (-5.331723672628144867e-02-1.647515889996153948e-02j), (2.890133527930605073e-03+1.976217999668491293e-02j), (-2.729435408283591852e-02-1.070983492357319156e-03j), (-1.126030409392778098e-02+1.557278093932926433e-01j), (-7.843651417105215740e-02+1.233781088123629410e-01j), (1.751111274114999089e-02-8.138048863062992758e-03j), (-2.742319539196622254e-05+3.286518223344057649e-04j)
 (-3.933671245072156708e-03+1.207064161747079950e-01j), (1.572413875035453823e-01-5.508588253506829790e-02j), (-2.726703958195859923e-02-2.349653492229825807e-02j), (2.392378171500525452e-02-4.199549209072258454e-02j), (-2.413600306171154453e-01+3.580908003037996945e-02j), (2.575922600763870252e-01+1.365123363525922728e-01j), (-2.102386279298724958e-02-2.490876025350242245e-02j), (1.094472048654904954e-04+3.254116194148567055e-04j)
 (-1.286442454157261106e-01+3.791269124626933662e-03j), (-1.800149548938452804e-01-8.030720501394225663e-02j), (-1.069645050886258719e-02+2.038872305343047975e-02j), (1.977249760940846118e-02+4.559428277903426752e-02j), (2.842925624942166385e-02-2.261822398750112095e-01j), (3.109331383830404860e-02-3.131978196840154993e-01j), (-8.647306488065165109e-03+1.846833598554014494e-02j), (2.347279932014851710e-04+2.636726907023244967e-04j)
 (-3.484146703448431914e-02-1.641789850059030553e-01j), (-1.164083957968866656e-01+2.519950042011651070e-01j), (4.662464935269386435e-02+4.908392730851558056e-02j), (-6.683875878549974670e-03-2.984799091238451649e-02j), (2.250892571356760963e-01-5.132891500209512542e-02j), (-3.548634943714775725e-01+2.085542672910414841e-02j), (-7.644118349686944425e-04+1.300063046739152739e-02j), (3.236515082921747298e-04+1.543604667100826689e-04j)
 (1.948676360565676502e-01-4.512217996292046396e-02j), (3.317514487777470933e-01-9.092755463006706174e-02j), (1.061247694553524995e-02-4.694429787023046696e-02j), (-2.956175699930790879e-02-5.615046907065754378e-03j), (4.135752675137836787e-02+2.629822861229225150e-01j), (1.581861178525493239e-01+2.825821538528592303e-01j), (2.394854217598758883e-02-5.259634430534600169e-03j), (3.593438951160697853e-04+1.833825966382376764e-05j)
 (4.468590857359985846e-02+1.820548415142753118e-01j), (-1.060010064151052228e-01-2.309503280584044305e-01j), (-6.795518170228670440e-02-2.567017854971684332e-02j), (3.207451008282154181e-02+5.277789656724028722e-02j), (-2.118956366679663472e-01-1.504169529586832366e-02j), (1.663387748742785055e-01-1.255943718883258953e-01j), (-5.928654147947017700e-03-7.844768928192562968e-03j), (3.363564776728630184e-04-1.185740290049055535e-04j)
 (-1.462682724542190005e-01+5.599044926536900224e-02j), (-1.736867886697501528e-01+2.186891565250456693e-01j), (1.366707185426608781e-02+1.792342070544409444e-02j), (-2.303768545575693438e-03-3.727927081977590318e-02j), (-1.618243746415467393e-02-1.774959270095282649e-01j), (-1.023419482432711969e-01-6.815848675625871267e-02j), (-7.976675516484290143e-03-2.037753949612640392e-02j), (2.613414334807044603e-04-2.315095128020213278e-04j)
 (-5.962249205851766209e-02-1.197333750002402691e-01j), (1.078345190140397591e-01+3.959329524495522334e-02j), (3.316803053867100476e-02+3.134048787011790849e-02j), (-2.286324303411260347e-02-8.139734612813698256e-04j), (2.002957484973499624e-01+5.226583367922621459e-02j), (-2.535297628480601140e-02-8.113905768214385583e-02j), (-2.285161588051271009e-02+3.004082660412568662e-02j), (1.508733266504848087e-04-3.018867414088126149e-04j)
 (9.020345433678371438e-02-3.704201818561332626e-02j), (8.056855807245036361e-02-1.101374334569292790e-01j), (-4.165264666512173697e-03-2.815427074444117050e-02j), (1.551557065475491284e-02-2.797457328572172663e-04j), (-8.364961516841193379e-02+1.633401798721658138e-01j), (-1.087252952737698536e-01+1.097629631235747527e-01j), (2.353923542099677080e-02+1.126663470334859571e-02j), (2.714599189237889947e-05-3.209035073164720215e-04j)
 (1.374731663229300516e-02+4.374254369990654423e-02j), (-1.107813463974710033e-01+3.161411987838771975e-04j), (-1.179035449372237143e-02+3.705392638002805161e-03j), (-7.645644132404217849e-03+3.421265325697420145e-03j), (-1.720555242648929561e-01-8.640644204449368648e-02j), (1.431738563451969704e-01+1.983892957675322533e-01j), (2.645403121201694852e-02-1.655196955437485823e-02j), (-8.723769935108278712e-05-2.904913218882657511e-04j)
 (-7.442702815124352389e-03+9.493416974912960438e-03j), (3.969931131338644281e-02+6.227625185304291877e-02j), (2.625164458655948607e-02+3.389584761931848517e-03j), (-5.648892677747006930e-03+4.419000758878979807e-03j), (9.555653420224885508e-02-1.864206868958170338e-01j), (1.148115521421279317e-01-2.722895287634240491e-01j), (-3.839739577766130424e-02-2.173318078095965930e-02j), (-1.740347453049830343e-04-2.217353988301312782e-04j)
 (9.528779468346015857e-04+1.104270129536191747e-03j), (2.624850536421519109e-02-6.799071097262063268e-02j), (-4.454855702553969093e-02+6.273678297660338632e-03j), (1.488530751820067721e-02+1.031165975952316391e-02j), (1.594487034452498619e-01+1.089588191594545730e-01j), (-2.207464318881074972e-01-3.487817130026199530e-02j), (1.805564840404741411e-02+2.723099155645192226e-02j), (-2.225789268717933691e-04-1.314133538210121317e-04j)
 (-1.241217373975203944e-02+3.124784310289679956e-02j), (-5.888256103096545235e-02+2.723095141391748686e-02j), (8.981367416904813272e-03-1.302334682915514547e-02j), (1.449158676226935949e-02-2.928095535116675974e-02j), (-8.488369052565070128e-02+1.283863489325914597e-01j), (2.187264854920178969e-02+1.719579344158968515e-01j), (-2.173929372080291023e-02-1.715242155590905940e-02j), (-2.308496157474955110e-04-3.772319065244045407e-05j)
 (-4.508571128407714429e-02-4.636529371027246771e-02j), (2.888735137496806216e-02+4.755512061358086601e-02j), (3.347433046102411824e-02-1.330433325761916190e-02j), (-3.838689323403338127e-02-5.993565360216751570e-03j), (-1.238938465461177779e-01-1.016281762488366880e-01j), (3.901181811201726024e-02-1.900861269320930358e-02j), (2.567843957371891694e-02+2.846155841091962263e-02j), (-2.044238133669494398e-04+4.364036917747936739e-05j)
 (7.209757860962431875e-02-2.086731423607956354e-02j), (1.788850005041123237e-02-3.153372755198658589e-02j), (-7.313824424930927270e-03+3.047959709339360945e-02j), (1.775462221292823523e-02+5.094841954326619071e-02j), (1.351873784929977784e-01-9.576387000719854825e-02j), (6.469736250596147542e-02+2.166131030359186305e-02j), (-6.316882867760047204e-03-3.387586293668866377e-02j), (-1.538979629559627518e-04+1.021406062350952403e-04j)
 (-4.366821270749457473e-03+7.224234434481405231e-02j), (2.248886409544625237e-02-9.911981974707426146e-03j), (-2.522188930235732054e-02-5.179160471183212600e-03j), (-1.685186817609840570e-02-2.660325047715592084e-02j), (5.462276756136807965e-02+1.918731742902723414e-01j), (6.147007055748909821e-02-1.670307446079379865e-01j), (-5.819373486536199430e-03+1.549501213408990830e-02j), (-9.169720297611699301e-05+1.333336472940667818e-04j)
 (-8.558616414240344250e-02-2.328957565299372839e-03j), (-3.300478738414951152e-02-7.606646069079592287e-02j), (7.323226950642656996e-03-1.533430315842442687e-02j), (3.319944788168423255e-02-3.645520464307337727e-02j), (-1.318918631944324682e-01+4.649224053331596496e-02j), (-2.513979185314736409e-01+2.721450911381750881e-02j), (-4.913663115185443186e-03-6.848147176342960808e-03j), (-2.922063213002947473e-05+1.381770012972047094e-04j)
 (2.779609051308432055e-03-1.360960063559450428e-01j), (-1.209987983653314225e-01+1.028229854222119793e-01j), (2.665974261212900043e-02+1.423025135081669446e-02j), (1.865312998132433175e-02+3.409198920400334509e-02j), (-7.528016540226684095e-02-2.266635632061339001e-01j), (8.260056908621943306e-02+2.250469876250870138e-01j), (1.593350184002834125e-03+1.846889997424511903e-02j), (2.498030020563657590e-05+1.212569261886508720e-04j)
 (1.815157080321933292e-01+2.660794843053687631e-02j), (1.608217382573178256e-01+1.337572625151019490e-01j), (-2.809459695073416446e-02-1.171646997991955888e-02j), (-5.006592374031716697e-02+2.643675471026125240e-02j), (1.306822599107007599e-01-2.144478245103367819e-02j), (1.820155323394772595e-01-1.452184122260330168e-01j), (1.729566400044842134e-02-9.368466323568476473e-03j), (6.572542317855349040e-05+8.871002921230508338e-05j)
 (-3.487029531360173740e-02+1.849976889579059147e-01j), (1.050245853234491322e-01-2.819294658410242405e-01j), (-2.133251117564999300e-02+6.755796371225954167e-03j), (-2.544297933192291028e-02-3.833875532440364498e-02j), (5.856972908852042803e-02+1.965381039532300145e-01j), (-9.298958717915134509e-02-5.662189031970926711e-02j), (-8.280855259396174839e-03-1.101932139872011107e-02j), (9.062939615696557864e-05+4.657124921652537174e-05j)
 (-1.759484483528920840e-01+0.000000000000000000e+00j), (-2.975161443444225284e-01+0.000000000000000000e+00j), (5.659033872418750555e-02+0.000000000000000000e+00j), (8.308467878660408257e-02+0.000000000000000000e+00j), (-1.545960458773209256e-01+0.000000000000000000e+00j), (-5.985255971656514018e-02+0.000000000000000000e+00j), (-7.634323244181673296e-03+0.000000000000000000e+00j), (9.896565551722113704e-05+0.000000000000000000e+00j)
