 (2.835245699718672574e-01+0.000000000000000000e+00j), (1.294762838343752387e+00+0.000000000000000000e+00j), (7.296813881670372037e-01+0.000000000000000000e+00j), (3.561059023921288036e-01+0.000000000000000000e+00j), (4.078943980646324019e-02+0.000000000000000000e+00j), (5.136262917105911541e-01+0.000000000000000000e+00j), (3.185259188316558743e-01+0.000000000000000000e+00j), (3.029339224950551059e-03+0.000000000000000000e+00j)
 (9.999723415973885143e-02+1.849469436646409559e-01j), (-6.781979889764233604e-01-6.048670163672278388e-01j), (-3.642665978894542578e-01-2.204696898589848242e-01j), (-1.919398640036777681e-01-1.820282939820323798e-01j), (-5.764999114381216122e-02-1.360857002459800458e-01j), (-3.526210290877609954e-01+2.179953285266524876e-01j), (-1.031042902739095907e-01-1.330919677531012535e-01j), (2.732182026025385506e-03-1.223792801976233708e-03j)
 (2.521649573741267109e-02+2.202781703869312047e-01j), (-2.956441542595951155e-01+1.018187041263249437e+00j), (-8.772851498830533390e-02+2.514607045200435986e-01j), (4.570893557007187080e-02+2.131407772365180309e-01j), (8.265866555368009405e-02+7.722302078443221696e-02j), (3.252711779859850105e-02+1.180805215688975063e-01j), (-5.460948440615621957e-02-1.465690412918458641e-01j), (1.925940924394815802e-03-2.152816832207379502e-03j)
 (-2.833255139369128539e-01+1.945949147970239546e-01j), (9.151829304294523126e-01-3.506325542967388964e-01j), (2.478920374592197828e-01+1.054226519376838117e-01j), (-5.074086771427108178e-03+9.087200657752178556e-02j), (7.739222216618057981e-02+3.210573070203430746e-01j), (9.296641985304458788e-02-4.039987798279023323e-01j), (-1.950884409683871501e-01+3.368810896499436769e-01j), (8.367398297523094769e-04-2.586686290519741010e-03j)
 (-2.650476340223529848e-01-1.999492212382547596e-01j), (-1.027577119986405663e+00-7.173753966361249290e-01j), (-2.756796344672739485e-01-3.858500733743847055e-01j), (-2.427305898355984204e-01-4.572486081813811332e-01j), (3.920085176166274860e-02-4.706940469207982480e-01j), (-1.100337832542315070e-01+7.410212224556490812e-03j), (4.304943922119341959e-01-1.066815397866512083e-01j), (-2.461004596806769511e-04-2.479602857690990300e-03j)
 (1.635316231995492808e-02-2.758416267529971710e-01j), (1.048013284224606906e-01+1.045301688018737352e+00j), (-1.296247638703944272e-01+2.471457128245421186e-01j), (1.661354645245622097e-01+1.362433235355869077e-01j), (-5.176334965680577938e-01+9.222551485552557549e-02j), (2.797362695574419633e-01+2.586859689130909801e-01j), (-2.815583319418782371e-01-2.625827227084925886e-01j), (-1.067053145789186811e-03-1.945096745100807333e-03j)
 (2.545196349428280325e-01-1.110305008130732934e-01j), (9.456007584068162330e-01-9.336054363286898639e-01j), (4.918571056864881053e-01+8.623071972629663129e-02j), (4.016665903158694317e-01+1.472951367306409853e-01j), (2.758454946910511296e-01+4.532922107390870425e-01j), (-3.853765937599039348e-02-1.157595202073294222e-01j), (-1.521325036532541475e-01+3.291850315581235087e-01j), (-1.484961558462472367e-03-1.204888516111167788e-03j)
 (8.853903497086394736e-02+1.883206499422004909e-01j), (-8.588476276444907409e-01+5.076065415934867264e-01j), (-1.350255414125083875e-01-3.870737598740880969e-01j), (-3.970804479762901074e-01+1.651052851287487799e-01j), (2.596271005910609775e-01-6.712193415405564023e-01j), (-4.672266302330149168e-01+1.378410946046300378e-01j), (3.985759750403082835e-01-4.542305457781762104e-03j), (-1.508156617769763376e-03-5.023446969812932639e-04j)
 (-9.489453260341694507e-02-2.657540603960109604e-02j), (6.048313410789309952e-01+1.847263075720751990e-01j), (-3.776325879437193445e-01+3.138610397851953615e-01j), (-7.423423005563811738e-02-2.063480497703705785e-01j), (-4.595889418241425051e-02+2.357746799678795413e-01j), (2.836587123954972811e-01+5.768604268610334068e-02j), (-2.459389898881855774e-01-2.845850521506350095e-01j), (-1.272691692718428899e-03-1.395433890886879202e-05j)
 (1.146174445005236631e-01-4.195470918988285225e-02j), (-7.124743044229283617e-01-4.860991484620846848e-01j), (4.449833604478557469e-01+9.319152113439325980e-02j), (1.380941048890565459e-01-8.536237975159895186e-02j), (-1.452087707592212285e-01+1.380462838386811442e-01j), (1.772035630323219868e-01-2.056643396181231376e-01j), (5.894091343817714490e-03+3.135141779023885023e-01j), (-9.740789917999230800e-04+2.076387851563689911e-04j)
 (6.926674504922987474e-02+1.167876881504251174e-01j), (2.718713350396879669e-01+5.856728599527171175e-01j), (-2.117515145306994029e-01-3.388140987171263108e-01j), (2.136444547638879643e-01+1.652854104409141878e-01j), (-3.080977289701061217e-01+1.264210995128483561e-01j), (-3.408898244676280553e-01-1.665675117827709051e-01j), (2.139081336059194816e-01-2.153073889509519723e-01j), (-7.805476778795052747e-04+2.382444043472850700e-04j)
 (-5.816957031672138206e-02+1.345399089652662972e-01j), (4.189863174049058281e-01-6.531705663897949821e-01j), (5.885324203965400930e-02+2.395550869219089662e-01j), (-3.213604920171329038e-01+1.563430460471866568e-01j), (6.217366512082524999e-01-1.437232275150168159e-01j), (2.430464735868072823e-01+8.471615022149953100e-02j), (-3.399078531279384752e-01-1.308810221423019615e-01j), (-7.625531524570489540e-04+2.342130431703436176e-04j)
 (-1.626096617169510705e-01+3.896164061502283005e-03j), (-7.232868538484793497e-01+3.343607280591731068e-01j), (-2.878898202865850034e-02-1.120105566663399665e-01j), (-1.659971576504872814e-01-2.098281887996862327e-01j), (-2.848554443120670521e-01-4.212117021269716211e-01j), (2.322338661853978747e-01+2.891834861016622793e-01j), (-1.784476324317355381e-02+4.663141538499354088e-01j), (-8.664874487326072652e-04+3.524342064861301629e-04j)
 (-2.394455697436140285e-02-1.247505879044055466e-01j), (6.028705696105862710e-01+5.469756642015158321e-02j), (-5.746104874701885024e-02+8.170556539330740831e-02j), (1.606283621803828443e-01-2.602305304116734330e-01j), (-3.190985312059951839e-01+4.021241103940791928e-01j), (-4.174910903686132602e-01-4.207452528551598736e-02j), (4.753308012408831718e-01-1.632224083885470689e-01j), (-9.428902048220847961e-04+6.712711802479025183e-04j)
 (5.375481761269504388e-02+1.512110560152724048e-02j), (-2.908672539943800150e-01-2.507035574033347203e-01j), (8.671616586402453031e-02-5.062696810850163265e-02j), (3.896595413482537018e-01+1.639776294856588046e-01j), (5.667943295952611038e-01+3.025661545016260501e-01j), (-2.433660438888647359e-01-8.065701695606992960e-02j), (-2.496415604152541212e-01-3.497199500112990744e-01j), (-8.177431206674093400e-04+1.145161409343796064e-03j)
 (-9.883809844989679960e-02+1.336574980982524474e-03j), (-5.084723476835931177e-03+4.397895292101756670e-01j), (-5.803102865462179266e-02+1.071130275255487985e-01j), (-2.254630828318736069e-01+3.878064808560247601e-01j), (-9.482710317647799481e-02-2.326697889030645283e-01j), (6.632240173154317908e-01-1.039095464263953272e-01j), (-2.517978203378286040e-01+2.395699766617219451e-01j), (-3.780439048033809265e-04+1.612475112116462748e-03j)
 (2.245123478713938192e-03-1.931814730666989444e-01j), (3.137266492633999926e-01-4.341139237182307653e-01j), (1.472723549746841054e-01-1.625732813605532678e-01j), (-3.476395665461726736e-01-2.568687637034119398e-01j), (-4.000190790770261628e-01-3.844540225600423522e-01j), (-1.261722303450836524e-01-1.567611441368346181e-01j), (2.403828359702480100e-01+1.536973496580010812e-01j), (3.634263139808352277e-04+1.855242334599378371e-03j)
 (2.701161643719453553e-01-4.008133161672774308e-02j), (-4.844488928046226661e-01-1.725617271539948427e-01j), (-3.078717451051148357e-01+4.334188205720386489e-02j), (2.045277276718725779e-01-3.039726027670833219e-01j), (-6.011403389726681368e-02+6.631764380974229656e-02j), (-4.128262617499179887e-01+2.900573006351009342e-01j), (4.296034573563187187e-02-1.631718215977981390e-01j), (1.251853588110517137e-03+1.688577240834372110e-03j)
 (9.988589617589169189e-02+3.239853243713394226e-01j), (2.212414820584598929e-01+6.427265691451807816e-01j), (2.265324837451308526e-01+8.783340743704598497e-02j), (4.149813977838738843e-01+2.796634672062743299e-01j), (5.720635201295307670e-01+5.644103202886421311e-01j), (2.119517070355134980e-01+1.682852168889414080e-01j), (-8.603832919638705612e-02-7.878521789415290910e-02j), (2.032012613966325838e-03+1.045087895345374980e-03j)
 (-3.635710385013203871e-01+1.396431084990337190e-01j), (2.641400895846832131e-01-1.631153080858342430e-01j), (1.037144984269071230e-01-9.015142644296933461e-02j), (-2.680853798743252359e-01+6.621299604447132559e-02j), (-1.061829186519848145e-01-3.713375182749216741e-01j), (9.603062892917052507e-02-3.312736359036807521e-01j), (-1.005007704491038129e-01+1.910482987020297729e-01j), (2.434679309427398124e-03+2.022126004438210012e-05j)
 (-1.327634786557289059e-01-3.918487090757090119e-01j), (-1.522785299000915804e-01-4.507819791667878606e-01j), (-1.690221777247924440e-01+2.034474434576334645e-01j), (-2.448043164014832018e-01-2.067566568549223521e-02j), (-4.343940488256672339e-01-1.467088844372327061e-01j), (-2.102528079098698460e-02-7.282755221238897125e-03j), (2.334012923879300594e-01-5.626542249992422251e-02j), (2.276792017933261351e-03-1.141674306211571364e-03j)
 (3.970060911507954926e-01-8.026544662458180712e-02j), (-1.578728610276156075e-01+2.112870101114826815e-01j), (5.089074735045283349e-02-3.396387960818234575e-01j), (6.424447696034868427e-02-3.081874847032173639e-03j), (4.023639271154770825e-01+3.194980012853996243e-01j), (1.000693369706831537e-01+6.278709063780604782e-02j), (-1.073276433085566112e-01-1.050915573604947612e-01j), (1.537766793034944009e-03-2.118831866590275073e-03j)
 (1.195593868969228868e-02+3.670158096827895178e-01j), (-6.379040519045467428e-02+3.799357368253084566e-01j), (-1.622135622107053754e-01+9.416290440211354251e-02j), (1.292948662958618988e-01-9.442539294559582075e-02j), (-7.342647808724700464e-02-6.650107785627062951e-02j), (-3.361715599799433574e-01+1.061377783908079575e-02j), (-8.924466035971381772e-02+5.632216856407654126e-02j), (3.819247261568520539e-04-2.617470084870838869e-03j)
 (-3.133123497406142821e-01-3.803991030214573521e-02j), (1.371270347960243940e-01-1.488686884065260063e-01j), (2.137119204110857762e-01+2.929137424704779114e-01j), (8.102107436761825376e-02-3.533856297033611399e-02j), (-3.086989531429998879e-01-1.261426322189578841e-01j), (1.739588812882497115e-01+2.200760898386766307e-01j), (1.498551898022090212e-01+6.404858922382562769e-02j), (-8.839561496829166469e-04-2.473935788208031852e-03j)
 (6.636342508314718724e-02-2.694394292596075102e-01j), (4.428078587979537850e-02-3.745179062487368205e-01j), (8.083208028593809324e-02-2.298744332145983837e-01j), (-1.691738737998338404e-01+1.231814946042356640e-01j), (2.762003105996272967e-01-2.115060845849460192e-01j), (1.552829229810042122e-01-8.311011846250691837e-02j), (-1.342240482604522001e-01-1.498729738404022405e-01j), (-1.905349916653356060e-03-1.716389113682679395e-03j)
 (2.560922540945809178e-01+1.032869121665767609e-01j), (7.567649256944446179e-02+6.469584621313535788e-02j), (-3.243389740363663010e-01-1.417947845968347831e-01j), (-5.335556826471435365e-02-8.710754303389467434e-03j), (9.926082069056244017e-02+4.578143914574306361e-01j), (-8.449507823065693923e-02-3.374400361197834597e-01j), (3.270949547233251847e-02+1.883510839002819348e-01j), (-2.394911697596608519e-03-5.625697206410379056e-04j)
 (-1.683924137082742911e-01+2.569009711386662786e-01j), (-2.249619683476427323e-01+2.096305147884562625e-01j), (1.379266369667716541e-01+1.767078882408749108e-01j), (1.909579186413714047e-01-9.637854849686103287e-02j), (-1.273582250512911851e-01-9.436072470380849064e-03j), (-2.147680824604096816e-01+9.581789603051774074e-02j), (9.285839154019506769e-02-8.831423836392990334e-02j), (-2.227571628465075358e-03+6.472512593492677022e-04j)
 (-2.437421938519509501e-01-2.336221881401529532e-01j), (-4.678629674749837375e-02+2.630990916036143323e-01j), (1.294120084218683131e-01+1.125343484770236907e-01j), (3.550445370706489107e-02+3.044054893084238017e-02j), (-2.030405733944063984e-01-4.144472933890942512e-01j), (1.016488403261536222e-01+2.083109609946130480e-01j), (-9.410528274884442934e-02-1.030124049812316533e-01j), (-1.482189929326185743e-03+1.559847223144463250e-03j)
 (2.505741017729555820e-01-2.157209742288656584e-01j), (3.919903287615330578e-01-3.559697877348538819e-01j), (-3.874058425986363907e-02-1.922153850420048049e-01j), (-1.673570092320721403e-01+3.511227412469927062e-02j), (3.250190100374284463e-01+1.330761332765087457e-01j), (2.817132511137253048e-01+1.127329209380849295e-01j), (-8.163650374013239897e-02+2.057598061729976613e-01j), (-4.148119719503795652e-04+1.923528929222920701e-03j)
 (1.904427328677893994e-01+2.084927872517973180e-01j), (-2.851200061451457657e-01-3.145158171144140646e-01j), (-1.822046957503607456e-01-1.725901427592811677e-02j), (5.450985084757525162e-02-5.722739899058148366e-03j), (-4.306167227524005520e-02+2.035480967593183144e-01j), (-1.696415334563610988e-01-1.982394479567034240e-01j), (2.369916205373420737e-01-4.383510703021259447e-02j), (6.273554820395508668e-04+1.668068732445779573e-03j)
 (-1.422008143032335581e-01+1.634074501735368334e-01j), (-1.504391051253194458e-02+5.947423485505807239e-01j), (9.180264148300509852e-02+1.545470335992440436e-01j), (6.772778070860965838e-02+1.503596896967360555e-02j), (-2.705128675910391522e-01-2.900018086201686107e-02j), (-1.969537522099629734e-01-1.372787406983942970e-01j), (-1.023754972521149498e-01-1.553488566768304324e-01j), (1.321332980366629172e-03+9.228075739267918229e-04j)
 (-1.059720314097324784e-01-8.597948958427641120e-02j), (1.471689824512435463e-01-1.282095986205173399e-01j), (9.428303291997917890e-02-8.396434227306223685e-03j), (-9.757031932712975641e-02+2.095810086206569695e-02j), (2.581477091733319629e-01-1.833632454159553615e-01j), (1.572519239339803532e-01+1.013783182210768463e-01j), (-7.925127538417646444e-02+8.371072209683647070e-02j), (1.473189633002823734e-03-3.244497432852250186e-05j)
 (4.580495912525613111e-02-8.852129070526772170e-03j), (-2.804521650065833205e-01-3.116313140969836915e-01j), (3.890548885799039597e-02-1.063785550711743022e-01j), (3.407962348052522711e-02-8.478063775355942910e-02j), (3.598456721433732075e-05+1.463944999798943991e-01j), (-6.538985119824436421e-02+1.282020868403027369e-01j), (4.111199823403306058e-02+3.075193893561794373e-02j), (1.076624655711877357e-03-8.655771084814939398e-04j)
 (-9.575721847788401520e-02+1.825942868333300592e-02j), (3.355860110071213764e-01+3.318387900248735978e-01j), (-1.690593845757165925e-01-1.078695640027874936e-01j), (7.548814984261093680e-03+9.402819272484637392e-02j), (-1.248370499205867235e-01+6.003570958233345883e-02j), (1.134451797560451780e-01+9.633686068164913630e-03j), (1.456806126077915542e-02-1.008900773290816871e-02j), (3.064588536387871653e-04-1.304531121846024639e-03j)
 (-8.020923593312787037e-03-1.632460500428885575e-01j), (1.352414214390964264e-01-1.436204958785284036e-01j), (-7.634032687396076489e-02+2.272940312263261320e-01j), (-3.190748841879037512e-02-3.988715696634991675e-02j), (-4.496464251402841616e-02-2.587833981544658268e-01j), (4.626668196158987417e-02-2.160902396324818897e-01j), (1.499541341074682455e-03+1.365249867126465400e-02j), (-5.486718328886918588e-04-1.224910329984973002e-03j)
 (1.722007276508725759e-01-1.436541022236806353e-02j), (-6.473949598395556393e-01+4.970533205011412603e-02j), (2.322837868828239727e-01+6.879047281503906930e-02j), (-1.283887217191420453e-02-3.148205308122409285e-02j), (1.229852925608757308e-01+1.483486262561556079e-01j), (-1.802549653907974392e-01+9.227785550801514969e-02j), (1.658096105084838276e-02-5.857644759047169608e-02j), (-1.189080345255803459e-03-6.836953694551138605e-04j)
 (1.792156177006062195e-02+1.300477133872773305e-01j), (3.507905758202014557e-01-1.591282405273178324e-02j), (5.937027702004615132e-02-2.450830952775249760e-01j), (7.175567340811489503e-02-3.223279613659563170e-04j), (4.692467436161912309e-02+7.329083224444735145e-02j), (9.511277341174320665e-02+4.469066830759309272e-02j), (-6.644147443184571233e-02+8.705513250616878085e-02j), (-1.405433664514867597e-03+1.102612216349317415e-04j)
 (-6.214068797223012974e-02-6.882834025388605281e-03j), (2.362551749655733835e-01-2.486288119180060929e-01j), (-1.880472480971836780e-01-7.056243942619548626e-02j), (-1.825664053871418890e-02-2.383793234845809489e-02j), (-1.462556689272145050e-01-1.494655696180437476e-01j), (1.942440420055951966e-03+6.125126886111764701e-02j), (1.464691214212359704e-01-5.129820009762915689e-02j), (-1.143913040692840898e-03+8.758450794711526276e-04j)
 (7.005924715357000898e-02+6.884496635748763027e-04j), (-3.353324227569173810e-01+5.714845928744933801e-01j), (-9.797871312382480657e-02+2.445386104773028813e-01j), (1.051034440084713459e-02+5.524819533262183280e-02j), (6.343919288096172560e-02+1.285204088666298539e-01j), (-1.029068319341181620e-01-1.853260470710521579e-03j), (-1.189501411790994667e-01-9.676532628569058103e-02j), (-5.144595985039046278e-04+1.359316152544507361e-03j)
 (-3.817664505372774658e-02+1.537117720496889162e-01j), (2.609500430185138775e-01-3.465618925801502437e-01j), (1.214821320624068085e-01+2.125966207804491637e-02j), (-8.247364748874892737e-03+7.105494744967554011e-02j), (1.608012334641050756e-01-4.337112574727020747e-02j), (1.321571367215300108e-01-2.446657687030781014e-01j), (-7.984367523683345846e-02+1.160281004534669258e-01j), (2.575961037664921622e-04+1.418307491837311925e-03j)
 (-2.153640620831074326e-01-4.875064000303379330e-02j), (-2.902555337742707131e-01-3.935894157010040861e-01j), (1.519954162526657715e-01-9.888572639492686223e-02j), (-9.546875450757841275e-02+9.455675476757297027e-03j), (-1.962541009883384535e-01-5.767731043813849323e-02j), (-8.073990623981780468e-02+1.834821949657397255e-01j), (1.380835134004824161e-01+4.393434678421122286e-02j), (9.162994352770593813e-04+1.061883715198903583e-03j)
 (3.922037125018586201e-02-2.165130594634793737e-01j), (1.903302745323862954e-01+7.206079522045891750e-01j), (-3.826210320355050848e-02-8.277621489766717744e-02j), (6.221013259551647773e-02-2.194665703190647466e-01j), (-9.675490115430773752e-02+1.428772859358266589e-01j), (6.765772380265029640e-02+1.034933821607215421e-01j), (-4.990392261789132478e-02-8.132125514697702284e-02j), (1.264270821082904422e-03+4.354705399434222516e-04j)
 (1.616142712712060059e-01+1.844455364014038756e-02j), (9.140257266708366746e-02-2.466684585847412625e-01j), (-2.998026072897824745e-01+2.706884926473450761e-02j), (9.102117444122331813e-02+4.466400055992694046e-02j), (1.195199904262135848e-01+2.873958280581526831e-02j), (3.049442194903022318e-02-3.006252769863310137e-01j), (4.008891141470767583e-02+5.491204514511123513e-02j), (1.224701572860678080e-03-2.402862772453137391e-04j)
 (-7.544215106082122202e-03+9.531382688001510672e-02j), (-3.654532979167608997e-01-1.178049830967488332e-01j), (1.867210922492257563e-01+1.824806189159799141e-01j), (-2.864979928377894142e-02+1.587129735674407127e-01j), (8.077696318200133785e-02-3.381682101224393611e-01j), (-2.034822203035782096e-01+2.390139736252075153e-01j), (-4.075377596733209540e-03-8.172268849976560556e-02j), (8.562131396240129635e-04-7.517907922119898122e-04j)
 (-4.837663843582241940e-02-3.133614558223152269e-02j), (3.460424171401742521e-01-3.853801835331342740e-03j), (1.803477098879537888e-01-1.824019282482687854e-01j), (-1.154662622444468795e-01+7.006722567660959855e-02j), (-6.196403358886257151e-02+8.126754871951130665e-02j), (2.221494959118995582e-01+1.270405461045482076e-01j), (-7.691374416720717089e-02+3.973911382079420990e-02j), (3.189023159331381345e-04-9.650091779971762054e-04j)
 (7.999620294351224292e-02-8.318822529136023214e-03j), (-1.321543971596395306e-01-2.617653375434866869e-02j), (-2.411421537641758317e-01+8.019145730832329122e-02j), (1.557511601120074168e-02-1.956759259225990533e-01j), (5.084128891683081103e-02+3.358467555625294088e-01j), (2.881492475255729990e-02-3.097098833998696565e-01j), (8.964293535993796136e-02+5.116263615154783423e-02j), (-1.923219101043637425e-04-8.630006758637494583e-04j)
 (-3.926984382415058678e-02+1.047777175916556197e-01j), (-4.220336398241854303e-02+1.034489205369152065e-01j), (1.043149740552082178e-01-1.212233650389211992e-02j), (8.977532048761238670e-02-6.531445497918839105e-02j), (1.450873533008988081e-02-5.089059160892560330e-02j), (-3.255499609450202003e-01+8.378605491225385449e-02j), (-2.995667779931267261e-02-1.156184128238602754e-01j), (-5.202204418689861196e-04-5.378120837595541225e-04j)
 (-7.813588974462754022e-02-7.276124922819743324e-02j), (1.344502429364240192e-01-4.151207497600452323e-02j), (-1.771656163936551412e-02-1.403225017649854800e-01j), (4.987538087343665327e-02+1.090134635577880429e-01j), (-1.559588204827807578e-01-2.675585248186125864e-01j), (2.150375722460286521e-01+1.508420185715261819e-01j), (-7.290777830844483165e-02+9.800730401818233406e-02j), (-5.964691819562721771e-04-1.436721634644208079e-04j)
 (7.005114172116168325e-02-3.202426363236585138e-02j), (-9.257134819900217360e-03+9.906370811707755630e-02j), (-5.944696664112793932e-02+2.300698007389654354e-01j), (-1.411688829355063068e-01+1.143871404323741209e-01j), (-3.356340150067776279e-02+3.753783201076558995e-02j), (1.379167525893946755e-01-1.809615661637107853e-01j), (1.167287150783830607e-01+1.310104281413784766e-02j), (-4.545397692953724741e-04+1.676942490934551426e-04j)
 (6.200400989783645678e-03+5.246994025681499252e-02j), (-9.908513483884309747e-02-8.199246924599463970e-02j), (7.793417330164774393e-02-6.101120647914195366e-02j), (2.392298256529969136e-02-7.892632906990693087e-02j), (2.297755431500895507e-01+1.217729503286817394e-01j), (-1.750065690446976907e-01-6.278297251949189334e-03j), (-5.426247071181058979e-02-1.113452934955982548e-01j), (-2.028218151076231367e-04+3.036499884859283839e-04j)
 (-5.300937125863192101e-02-1.072225308283929202e-02j), (1.629974487950318351e-03-2.860015113848553975e-02j), (-3.926485413757192094e-03-9.543157119802787858e-02j), (3.033610131585047498e-02-7.931147197341399668e-02j), (-4.991701115812580136e-02-1.316645314861422666e-02j), (3.839292942015784527e-02+1.470770294636639663e-01j), (-6.289217550613925012e-02+1.285694150603373109e-01j), (2.814719754001067560e-05+2.581773882586590064e-04j)
 (4.894087348478046162e-02-6.610852928438422371e-02j), (5.558144449511556034e-02-5.301685698654349382e-02j), (-3.802661350219503633e-02+4.212549678404817199e-02j), (1.280229938832724151e-02+7.146568971315436780e-02j), (-1.296868979521061949e-01-1.887126833756435501e-02j), (1.983000689100608560e-03+2.455125298476694765e-02j), (1.595260737323427325e-01-2.247439451449647491e-02j), (1.414895370318322934e-04+1.021629080120289986e-04j)
 (7.161751128729723637e-02+9.736865605250993871e-02j), (-1.055196627985316021e-01+1.749507266375273096e-01j), (-2.743745673633920731e-02+4.155199883681594264e-02j), (-6.734235861029329306e-03-7.708630599042159970e-02j), (1.138595562271638162e-01-2.812271008685242324e-02j), (-8.031747580798134778e-02-8.349018818721290480e-02j), (-8.874407353867629078e-02-1.293354069596056588e-01j), (1.103883984576310403e-04-5.659820762562615352e-05j)
 (-1.254366199307431207e-01+8.163983177168937511e-02j), (2.491011362823000730e-01+1.744640204850517184e-03j), (8.529818633264280026e-02-4.561376564798727551e-02j), (9.040117609148509703e-03+8.957881911490413185e-02j), (4.354664895584478557e-02+2.558383943900909008e-02j), (1.666926735133411053e-01-1.023134117989583924e-01j), (-7.235072080160623309e-02+1.014161375750895211e-01j), (-1.818457834421884339e-05-1.251411735807762718e-04j)
 (-1.134876058659657211e-01-1.386238346948505118e-01j), (-1.488525077228564919e-01-2.393396834084589031e-01j), (-8.136181981349452363e-02-5.467916072177751718e-02j), (-1.501625427160403758e-03+2.167764508457437067e-02j), (-2.170513417168843107e-01+5.001935848173046789e-02j), (-1.010296128905744384e-01+3.428837535795425939e-02j), (7.485523091669210594e-02+2.712188305124080268e-02j), (-1.517434152845302889e-04-6.665421558004109865e-05j)
 (1.576672226227315010e-01-1.410376802582634648e-01j), (-2.421140061039978864e-01+1.372078144224962715e-01j), (2.118212444812072465e-02+1.530199010761168210e-01j), (-6.465671505074618852e-02-9.195715773854019892e-02j), (8.244682396359720444e-02-1.247777669478636747e-01j), (-9.725324198451394675e-02+1.128756418381967330e-01j), (-7.406791481405546745e-04-3.769103973425799031e-02j), (-1.988872922933749643e-04+8.537899987120270125e-05j)
 (1.293891179639320432e-01+1.657117328243903898e-01j), (2.651144743119087099e-01+1.113947652151010409e-01j), (8.623385374741870946e-02-1.242253282702530104e-01j), (8.793849170439546614e-02+4.527547039138314633e-02j), (1.509911542777217508e-01+4.943485215824264256e-02j), (1.536604801182465951e-01+2.683220238869937768e-02j), (2.701767566777514562e-03+9.483132559594958932e-03j), (-1.135966643875358873e-04+2.450604824971384498e-04j)
 (-1.359444524977221902e-01+9.712820834217161803e-02j), (8.125136514200884119e-02-1.171339529462413070e-01j), (-9.097173159816536459e-02+5.837007106052321398e-02j), (-1.166108390900506137e-02+6.240814094584379301e-03j), (-3.928400328366097455e-02+9.619434813853643129e-02j), (4.591596084145212198e-02-1.357632550214587508e-01j), (-8.422255132407701142e-03-2.264917479654696142e-02j), (8.174590282159811816e-05+3.153648200961886019e-04j)
 (-8.521228428200554317e-02-9.248645022502163804e-02j), (-1.992826950176684597e-01-8.938711991364317599e-02j), (1.075533956499412080e-01-4.021717076640958510e-03j), (-1.188902407375828224e-01-3.549148862941875482e-02j), (-9.336999958927609533e-02-6.866699714153416678e-02j), (-1.628683580508041850e-01+2.226192092780195780e-02j), (-6.080892863686682137e-03+1.800046766949218308e-02j), (3.042409344267961403e-04+2.346492559793515080e-04j)
 (8.032946311073091428e-02-8.429649877985917472e-02j), (4.869067018776715439e-02+3.443310245870452591e-02j), (-2.249533140886881832e-01-9.980951615092292784e-02j), (1.494047184517182103e-01+1.416497177229467802e-02j), (-3.855972714990378580e-03-9.641202380153415796e-02j), (7.020132455552062500e-02+4.630381301203355393e-02j), (1.782404508325896586e-04-1.037095847069495480e-02j), (4.458166468482435089e-04+8.280522812269925596e-06j)
 (5.760402164260725738e-02+9.037097886699763105e-02j), (1.606668934565115281e-01+1.167342810742807990e-01j), (9.061994519844643325e-02+2.259621552609696327e-01j), (1.087063785353017953e-02+4.635351557663892896e-02j), (9.416100241680054606e-03+1.617953332020607704e-01j), (-5.654013973135155191e-04-1.973018340202603582e-02j), (-1.206837016447864092e-02+2.031670454697892189e-02j), (4.211139261941339524e-04-2.883911185830508603e-04j)
 (-7.974880896094749261e-02+1.787820289234774013e-02j), (-1.101256986594552623e-01+1.132735374188966748e-01j), (2.182409267825257959e-01-1.472988035939612195e-01j), (-1.614749772659119509e-01-1.478176056949061581e-02j), (-5.936138794372117222e-03-2.758546144407729786e-02j), (-2.699692142142427059e-02+7.370758742504478211e-02j), (3.774135332427837330e-02+3.715128506774786898e-03j), (2.077227729723393214e-04-5.375633888302186903e-04j)
 (-1.030562277129149634e-02-5.172624966006842545e-02j), (-1.215392957078441638e-01-1.970851764924246297e-01j), (-1.891767131848886008e-01-1.460876453848154177e-01j), (1.087257590650056449e-01-7.834620642918790900e-02j), (9.869284630798634550e-02-8.659939112696048158e-02j), (6.679796424874355487e-02-8.113819452813644806e-02j), (-1.383636186835280474e-02-3.664703049441303540e-02j), (-1.384324018662431012e-04-6.262343847205527596e-04j)
 (4.474358791655811546e-02-3.117382291843057499e-02j), (2.543366373160123317e-02-1.135538419608422556e-01j), (-1.046447501699204335e-01+1.770791575434088050e-01j), (3.449582556881413548e-02+3.605719091889070249e-02j), (-4.575139379775378101e-02-2.990577769195412045e-02j), (-5.915000355620586570e-02-4.946286796918986789e-02j), (-2.581124847953456675e-02+9.228551674809584715e-03j), (-4.997767907267201652e-04-4.941165691369762188e-04j)
 (3.723107485455390969e-02+5.393063876254220596e-02j), (1.957263076395531765e-01+2.003070485690550129e-01j), (1.693121066831909105e-01+7.956144859525779434e-02j), (-5.251857369545150089e-02+9.550302431441709539e-02j), (-5.932744374700564538e-02+1.007050027522383567e-01j), (2.471459205115503210e-02+1.078882475893450099e-01j), (8.750083535565236770e-03+4.497431216118116803e-02j), (-7.400998547179018453e-04-1.625402984201428438e-04j)
 (-3.883825537879481010e-02+2.699792083778968996e-02j), (-7.715130309595531755e-02+1.868716934744327207e-02j), (3.505761147281626078e-02-1.089345552584364968e-01j), (2.991578942379072292e-04-8.069203164834197473e-02j), (7.910202024849834201e-02+1.870845677876330909e-02j), (4.442907309354929279e-02-4.138776699389471597e-02j), (4.567446849267833148e-02-4.384940091662707651e-02j), (-7.574061692362131157e-04+2.680391180400292753e-04j)
 (-3.572942783507283143e-02-1.853093326786355022e-03j), (-1.301552447308453875e-01-1.349608494072163656e-01j), (-9.253122867233277982e-02-5.370968865734102732e-02j), (-2.724734019815907432e-02+1.358516747410193348e-03j), (-3.167052687974604430e-02-5.424331591706853251e-02j), (-1.393627679281007059e-01-9.596233040456148000e-04j), (-4.155641686394235396e-02-1.858680906558964063e-02j), (-5.258274742317525872e-04+6.520179555485883498e-04j)
 (-1.894243300264342872e-02-5.521908371902712470e-02j), (6.598817743566465222e-02+8.996503789774201731e-02j), (7.850241437886706919e-04+9.031489755859842261e-02j), (5.436263340750164402e-02+2.088375436444549552e-02j), (-6.330932914224365882e-02+4.813720999826746894e-02j), (9.580188315262999632e-02-4.480938008076945644e-04j), (-4.827377337640713362e-02+2.093832858063333913e-02j), (-1.097221002136039938e-04+8.517276583702895320e-04j)
 (4.014814144359823284e-02-2.975907049416948169e-02j), (1.288826919711520969e-01+2.796061857678383555e-02j), (-3.155472061449112603e-02-4.151924385348866597e-02j), (-4.439416084718833533e-02-8.895845555909974445e-02j), (9.455388053763472134e-02-5.433886898529585729e-02j), (7.510303192352474344e-02-6.220511670886243183e-02j), (6.307865730490958001e-02+7.948590742912833851e-02j), (3.563378271367875294e-04+7.895174936483978717e-04j)
 (7.083879182984523237e-02-5.762568866300055159e-03j), (-1.896676092803428471e-01-1.928025640475992675e-01j), (2.548120929788000311e-02+2.983827926168167860e-02j), (4.997292017696448874e-02+7.960492419807083109e-02j), (-6.505033433300955181e-02-2.600413047991284587e-02j), (-1.187677005208481046e-01+1.670235986331142786e-01j), (4.421016607790706487e-02-8.925010370906498458e-02j), (7.148548178129105011e-04+4.787643089484502229e-04j)
 (3.282718798739879540e-02+1.269380441477311605e-01j), (-2.435192935614186038e-02+2.267207022969721097e-01j), (7.578682471180631097e-02-2.041517628308108651e-02j), (-9.010095551092028865e-04+4.260547515059887047e-02j), (-6.012031075914441025e-02+1.158031673818830931e-02j), (7.798198337112841050e-02-1.174558242278316567e-01j), (-6.370373400211304382e-02-2.770277130544101379e-02j), (8.425319234801326293e-04+2.154698634279454943e-05j)
 (-1.361156208414485147e-01+3.717947446057536659e-02j), (3.025865267529748159e-01-2.670177559934376610e-02j), (-7.278333547574609985e-02-1.210112549915749042e-02j), (-7.291326442003431829e-02-4.997560109306187215e-03j), (1.612019621225097288e-01+5.089501607932643557e-02j), (-1.149450722838121358e-01-9.446846214483040072e-02j), (-3.254313585097610984e-02+6.589836016629133097e-02j), (6.958306934275311452e-04-4.266976429839730014e-04j)
 (-6.316511706749826371e-02-9.507412353030407492e-02j), (-2.402727074275426145e-01-2.218941253735798314e-01j), (6.505093127565808597e-03+1.153433580632712285e-02j), (3.115837438978606710e-03-1.139635828440677817e-01j), (5.965613721058522778e-02-4.198137241921159890e-02j), (5.648510876321159030e-02+1.877401921933727902e-01j), (6.861857276903163272e-02+1.504606612058090320e-03j), (3.277494705730358421e-04-7.127033692168620229e-04j)
 (6.727556336663412240e-02-1.078633899104062960e-01j), (-5.857099204954810401e-02+2.249258752724510868e-01j), (9.761377294971181062e-03-2.611832226961907644e-02j), (1.001700392759038438e-01-1.451208414227175836e-03j), (-1.945765885207831336e-01+1.442617476745657046e-02j), (1.266020340286295454e-01-5.723353803136863732e-02j), (-2.264316416799880965e-02-3.303746904083714603e-02j), (-1.306484814511795151e-04-7.405828520384114422e-04j)
 (1.151803925062099970e-01+7.470087911638141620e-02j), (1.833684333039286851e-01-2.223314605880367945e-02j), (2.952487657292356127e-03+7.329186495860449957e-02j), (-1.078958267992562864e-02+1.387175505988652580e-01j), (-7.564612135054973874e-02+9.913206140491215290e-02j), (-1.718928172506807295e-01-1.337360674047937681e-01j), (1.029853777409012877e-02+1.766484041787305670e-02j), (-5.172457379851914559e-04-5.062891512384797921e-04j)
 (-7.269708407927308325e-02+7.964942245220663075e-02j), (-5.317537668596916678e-02-2.400947896635061141e-02j), (7.812744955132393254e-03-3.259528528734650932e-02j), (-9.350745228003483345e-02+2.926791539165708722e-02j), (1.813590533803230709e-01-8.335314627309374502e-02j), (4.598864460824342304e-02+1.545976142863874914e-01j), (-1.484576347958471362e-02-5.094524460735034427e-02j), (-6.970917629418015840e-04-9.866102801713212168e-05j)
 (-6.268829744863407827e-02-4.880789690945128850e-02j), (-2.901088336847872096e-02-8.185775690862173715e-02j), (-3.085943458741212050e-02-4.639330387834811331e-02j), (2.724305914010037577e-03-1.941158577674459429e-01j), (3.460901633649376974e-02-9.697583754940315715e-02j), (8.618142425731553646e-02+4.749063078074822197e-03j), (-5.377512669400259793e-02+7.101045822605592250e-02j), (-6.104379434624188907e-04+3.331658911535618182e-04j)
 (5.065548862410090836e-02-8.409613147179618997e-02j), (-6.296126493801060264e-02+4.424523209867562562e-02j), (2.868634422884784596e-02+3.347508978051765005e-02j), (9.846491835787171687e-02+7.921529571751423360e-02j), (-9.443089960657005677e-02+8.330103278631939556e-02j), (-9.846176133494820293e-02-1.891333579604805373e-02j), (9.281409896222281297e-02+2.005301258086363697e-02j), (-2.931354848903269241e-04+6.337794478868014362e-04j)
 (9.173134905086080537e-02+8.912014719622628200e-02j), (5.685004287260837091e-02+1.177465538580732551e-01j), (-2.668899573367649811e-02-1.577201022646500250e-02j), (-4.762198707801483522e-02+6.063299544490328985e-02j), (-6.135704726305646339e-02+2.481319119402261575e-02j), (5.211000246630501098e-03-1.112617311747061272e-01j), (6.219819548879249038e-03-8.974613288659727406e-02j), (1.376742726916209761e-04+6.970021246626924467e-04j)
 (-1.086860054396696362e-01+6.668544870582227002e-02j), (4.136963611039441019e-02-9.283774347093916302e-02j), (-1.762493071577050929e-02+3.144908630677729217e-02j), (-6.050208719461323825e-02-7.232458546975562008e-02j), (5.743287903667745886e-02-5.998915162734542311e-02j), (-1.650562695123510004e-02+4.828240556149261675e-02j), (-9.786628267063171571e-02+1.672462723350227887e-02j), (5.268044328216981527e-04+5.027162543415344357e-04j)
 (-6.184684754027268416e-02-8.764017651717739832e-02j), (2.152901472872124911e-02-1.391828624150697746e-01j), (1.029908653801258622e-01+1.995748962450472064e-03j), (1.070979220593458181e-01+3.571802152092330707e-02j), (5.379116445509312533e-02+3.659864120561111267e-02j), (9.460337492115336588e-02+1.295177576901343497e-01j), (6.032692595353974369e-02+6.965519895782207316e-02j), (7.369509094237638308e-04+1.220480773948507086e-04j)
 (7.455962799074394853e-02-9.870155838677205362e-02j), (-1.408896886385322678e-01+1.330196220815889063e-01j), (-5.098978545910375082e-02-3.990145771420858245e-02j), (-2.181048736636365115e-02+5.366624643651649040e-02j), (9.642537573781195803e-02+6.034999017151125578e-02j), (2.755062071339241248e-02-1.764463853634981039e-01j), (1.459538775843346667e-02-7.193380415048028498e-02j), (6.967863923104701540e-04-3.102000202925317114e-04j)
 (1.210252391474925526e-01+8.704097006780668611e-02j), (8.823313384731519549e-02+1.857275530601640579e-01j), (-6.477986991736288391e-02+2.431896495713334327e-03j), (-1.197729529384236047e-01-6.067750799610865942e-02j), (-1.659670427035170315e-01-8.634602730598188447e-02j), (-1.709498527065901885e-01+7.546573129421671466e-02j), (-6.771778694686995947e-02+3.073311294260296089e-02j), (4.240870934405906807e-04-6.450121492324353660e-04j)
 (-6.979343776136968935e-02+9.683979460834407638e-02j), (9.866098397689945787e-02-2.894381280091856690e-01j), (3.827787800864176915e-02+5.339367859483930279e-02j), (8.794395054884915353e-02-6.751458935130280614e-02j), (-9.526236663948048355e-02+5.786714362928063737e-02j), (8.806036640333074483e-02+1.168496649430385004e-01j), (8.316395212187920050e-02+4.316206266797096430e-02j), (1.634829567140061175e-05-7.720053141766174262e-04j)
 (-7.482129343279621259e-02-1.847503271618203963e-03j), (-2.456104745403361045e-01+1.605365820513336012e-02j), (6.685613822689126517e-02-2.185992480651484382e-02j), (1.731717016151450295e-02+5.348346266263302035e-02j), (1.544552459072504880e-01-1.891375438928231262e-02j), (1.768906160943725658e-02-1.826936033753665811e-01j), (-1.812956743245234398e-02-9.807177598877153679e-02j), (-3.865852838366158855e-04-6.565189830102674019e-04j)
 (-4.785007605474776715e-02-8.802235655324941455e-02j), (1.969689654043055849e-01+1.944690130775091064e-01j), (-1.112718201252259342e-01-4.529549671210142403e-02j), (7.905292417864910604e-03+4.293437190089327560e-02j), (2.818872633408298078e-03-8.375820543952153252e-02j), (-6.990421752920455978e-02+2.912104997174122523e-02j), (-6.978735143104861094e-02+4.487445020364051046e-02j), (-6.533361214311443491e-04-3.482201504664830197e-04j)
 (9.159760891488874512e-02-3.021489048599759752e-02j), (9.910333717296507250e-03-1.664458185354409092e-01j), (3.428852442170435277e-02+5.186155271622970575e-02j), (2.908329011081860899e-02-1.789661667061855088e-03j), (-1.018847937460509445e-01+9.341610073712572349e-02j), (1.560501557354280755e-01+4.458329233310553974e-02j), (4.783892458428530559e-02+7.510552018307257993e-02j), (-7.063973418844396966e-04+4.065206887387328252e-05j)
 (-4.817008724837298916e-03+5.537041953739291200e-02j), (-6.096771188846430989e-02+1.221312555311741543e-01j), (1.106194350307921626e-01-2.976754080417287618e-02j), (-8.229066308364454962e-02+1.341015523395008846e-03j), (1.524022846830759281e-01-5.521673198854853970e-03j), (-1.254642512874383775e-01-3.352011736606493042e-03j), (7.792795201049097786e-02-8.876460454270257427e-02j), (-5.460259837429163416e-04+3.781562746985550161e-04j)
 (-3.109719142302179440e-02-1.768059142866807570e-03j), (6.236876046730122081e-03-6.985135192370611756e-02j), (-1.536683862250594057e-01-3.288155809533153950e-02j), (-4.496638665532801810e-02-5.852139886118509771e-02j), (-1.453915844433301130e-03-8.435159035133575622e-02j), (-6.586858631056996538e-02+1.128205867945856478e-01j), (-1.088429904408934890e-01-3.619352547863344260e-02j), (-2.450870563741163193e-04+5.601165399182857956e-04j)
 (-9.760434731554752663e-03-5.884056068197154876e-02j), (-1.658835206731329170e-01-8.628899686211360942e-03j), (1.769558067828332082e-02+1.152745597534496624e-01j), (1.141500916592999848e-01+1.359846580337199795e-02j), (-9.185393073468357816e-02+1.547236499866187498e-01j), (1.772310733921156900e-01-1.757973897049549539e-01j), (-1.546454980939838963e-02+8.814650036785107168e-02j), (8.173635144369346072e-05+5.447871771832390282e-04j)
 (8.607201257889535162e-02+1.310059396509776625e-02j), (2.735698107576260418e-01+3.041770047570396818e-02j), (1.082443263115771548e-01-6.726047697676054704e-02j), (-4.450001812250833910e-02+5.108174574235907484e-02j), (-6.085511276631921235e-02-7.067274396778523704e-02j), (-1.004264756295353417e-01-5.874297621732801900e-02j), (8.508727429130447106e-02+1.385783930095517424e-02j), (3.217582231639579127e-04+3.628721656389105512e-04j)
 (-4.119459177231016289e-02+5.567328421969321844e-02j), (-1.010292825573649578e-01-6.778675185868912600e-02j), (-4.975823838829593337e-02-3.164893477649582954e-02j), (-2.304018229908350035e-02-6.739720057601517045e-02j), (9.815581489069857835e-03-5.965615656301942460e-02j), (-1.517108291926524966e-02+2.186717051099189013e-01j), (-1.190301578711604191e-02-8.217865428731195576e-02j), (4.044183634044966292e-04+1.007120644766991337e-04j)
 (-4.558233251610678549e-03-3.657276717834917479e-02j), (-2.929933359187994468e-02+1.517361652552277340e-01j), (-5.127586962069668325e-02+1.820324188061522852e-02j), (8.647838731831214432e-02-1.766371155861140574e-02j), (1.085665978842478840e-01+9.837336637411306373e-02j), (5.828143003197838040e-02-9.625760351979113782e-02j), (-5.227705477352331820e-02+3.861631824294373821e-02j), (3.232881008912904652e-04-1.355706491439035387e-04j)
 (3.331759134631173680e-02+3.872875821847948652e-03j), (3.872084132755920782e-02-2.217677833943128007e-01j), (2.859942003631293916e-02+1.157023791278020963e-02j), (-3.399183573200694614e-02+1.280011254952301836e-01j), (2.614879489269864715e-02-7.491838263451042201e-02j), (-5.156296262186627066e-02+8.016484587476717383e-03j), (5.009405220731462383e-02+1.298166057991802930e-02j), (1.330172208395385275e-04-2.606015719002381659e-04j)
 (1.612148662976149727e-02+7.434237144652844353e-02j), (-1.301508426616076741e-01+1.677750670808300371e-01j), (1.395243760258646493e-02+2.411975793457893369e-02j), (-9.015977749194624413e-02-4.993110383502828015e-02j), (-1.207623320483828672e-01-7.955847233646892724e-02j), (3.931538535425057462e-02+1.975082035226016774e-02j), (-2.739736662862215372e-02-4.754941129062907612e-02j), (-7.604020808570045517e-05-2.397017921348419201e-04j)
 (-1.246814997769706557e-01+1.609681629787428417e-02j), (2.245277524083839349e-01+7.961752189595872053e-02j), (5.098818869147730970e-03-1.854914689366888442e-02j), (2.432577590818218657e-02-6.562269330712154625e-02j), (4.611539434518911046e-02+1.478011367747272264e-01j), (-3.924337703432160401e-02-1.036820441615319000e-01j), (-2.796902089016230220e-02+5.735065387631323869e-02j), (-2.146593214645445107e-04-9.782991235282307955e-05j)
 (-6.736694053480148797e-03-1.290030850804295415e-01j), (-1.352009061959157377e-01-2.501957466158897803e-01j), (1.770292388668986278e-02-5.867768543826759609e-02j), (9.881017604245093122e-02+1.889050051338320851e-02j), (4.935763229248389672e-02+2.455776515409473226e-02j), (-9.171707581541614640e-03+6.025033181295869067e-02j), (6.870581484013439655e-02-4.546871659743181165e-04j), (-2.285587947429949546e-04+9.445011979170036837e-05j)
 (1.069706932570079622e-01-2.555046481721567550e-02j), (-4.132309780472775973e-02+6.431272614416255751e-02j), (-6.515889391782818396e-02+3.614139922252693204e-02j), (-3.600273663934518836e-02+5.342063492388460927e-02j), (-7.085741281359339561e-02-6.531113932789076038e-02j), (5.453748818760484340e-02+7.404594139661649366e-02j), (-3.266900426699205495e-02-6.049930793315980160e-02j), (-1.167239073589026403e-04+2.512334982491040421e-04j)
 (5.561618030629456033e-02+1.109402627516487272e-01j), (7.163956482333101727e-02+1.210818008641336152e-01j), (1.347450233804371733e-03+9.527395134378557895e-02j), (-7.535492233563012565e-02-3.851211173860434600e-02j), (1.661687360283742310e-02-1.132442176548333623e-01j), (5.237931208133088379e-02-4.903660882690370759e-02j), (-3.631542661390016469e-02+5.410768500147559307e-02j), (7.166327631874058832e-05+3.053487452834681773e-04j)
 (-1.300153904007085304e-01+5.725669645861754253e-02j), (8.196110683644036721e-02+7.389358679825118459e-02j), (1.156174698060258715e-01-1.011995809969449406e-01j), (3.918030031223749404e-02-4.023836950444861782e-02j), (4.176566528040034226e-02+9.390230219121328825e-02j), (-9.255210997620841318e-02-4.359361514183521247e-02j), (6.323135935796896090e-02+2.110686861284093510e-02j), (2.591786610104255314e-04+2.331400914424590267e-04j)
 (-4.557008285601873987e-02-1.160901348700053570e-01j), (-9.160835457109464675e-02-2.508446215763368015e-01j), (-1.196582686804813916e-01-6.562313986501618068e-02j), (7.601276063695509844e-02+7.023137413961369480e-02j), (-3.722861612344990911e-02+1.476046182978574262e-01j), (-1.176862955009170680e-01-1.046835858394231517e-02j), (1.047148765250043717e-02-7.850906168211463365e-02j), (3.715143137862188315e-04+6.115663568536744508e-05j)
 (7.277772725016194710e-02-6.004010183483382557e-02j), (-1.967504172519030370e-01+1.433466798905869977e-01j), (2.345453010140193667e-02+1.922842861226565225e-01j), (-5.018654413475374249e-02+1.263258183146816725e-02j), (-1.210080001385262227e-02-1.245781161704195839e-01j), (1.966419653473299722e-01+9.841465311792119142e-02j), (-7.766109613996492744e-02+9.004160090099883051e-03j), (3.657756749215095634e-04-1.466800787534663659e-04j)
 (8.634076635989217097e-02+4.214638147146523850e-02j), (2.678351542777280825e-01+1.231198010104120333e-02j), (9.452802929803078014e-02-1.203073143861847355e-01j), (-7.578635079825772614e-02-5.723748174994375271e-02j), (3.041232920352389402e-03-1.096882039198927433e-01j), (2.991428947311437769e-02-6.283777960062661427e-02j), (5.695289026329458659e-03+5.773103837751667605e-02j), (2.451629048483463646e-04-3.153787265682249656e-04j)
 (-2.841008015022636335e-02+8.112860421521733700e-02j), (-1.256377449321609274e-02-1.701788205953248534e-01j), (-1.554904942880043772e-01-6.876419090920377064e-02j), (6.466571930353090525e-02-9.863117291679393550e-03j), (-9.036196556695755278e-04+8.028501463449963516e-02j), (-1.858281916512366516e-01-1.857027464448574028e-03j), (5.993952026457362997e-02+6.719635112971189539e-03j), (5.527806808973932673e-05-3.878551107789538193e-04j)
 (-5.057525808923224453e-02-5.335411266680523124e-03j), (-7.217071462899458945e-02+1.802591474256878545e-01j), (7.981395229210773434e-02+1.601926506098612091e-01j), (1.929762697139077166e-02+5.557529968307001189e-02j), (5.056153304482517707e-02+4.162241289172653735e-02j), (8.855550707555481793e-02+3.296765517606548013e-02j), (-1.008949246682970535e-02-6.090406164442158793e-02j), (-1.354424565421887602e-04-3.454196246213440350e-04j)
 (-2.226510051816932290e-02-3.603461771704508099e-02j), (6.781985772360610287e-03-1.606813774449611376e-02j), (3.356722089144592580e-02-9.303130490866177993e-02j), (-2.702628339631198140e-02-1.551024992698097488e-02j), (-4.418414909269682833e-02+2.401052391004396269e-03j), (2.723276325561170552e-02-6.071535619691884045e-02j), (-3.752611122028814972e-02+1.826492355374910448e-02j), (-2.627949889388007010e-04-2.125034362741072894e-04j)
 (4.187453627469020501e-02-3.085839162397663316e-02j), (2.523485413415985090e-02-1.708742775007798809e-02j), (-8.494900753861862885e-02+2.671616029888466970e-02j), (4.254255435209186587e-03-3.835020841319253943e-02j), (3.527433495769341509e-02-2.946815160312202947e-02j), (-8.350880493404655436e-03+4.954804415769506476e-02j), (9.059790770142350791e-03+3.732486026413422975e-02j), (-2.906566881773383878e-04-4.477060978549354982e-05j)
 (3.335572204356740400e-02+4.111740324757925946e-02j), (3.579317888788318552e-02-2.397124622024326968e-02j), (1.227185207262047745e-01-6.264109092643632692e-03j), (1.794315024990741914e-02+7.957631263334324564e-03j), (-2.163641389192180742e-02-2.918298775298053260e-02j), (1.621472711140951178e-02-7.369220677078156673e-03j), (5.160010932578672216e-02-3.236323950669124649e-02j), (-2.227644757520785444e-04+9.388305553015611170e-05j)
 (-3.446421602425944752e-02+5.958127396520293551e-02j), (-2.078612184698842291e-01+2.288712529940811757e-03j), (-9.413010418731733442e-02-6.526956609472953086e-02j), (-5.719056732264166110e-04+3.809413431509398734e-02j), (-3.337598838221353392e-02+1.077447024296084022e-01j), (-9.639071634213691731e-02-1.175793036137962738e-02j), (-6.674685239609140508e-02-2.865373691732529815e-02j), (-9.868533073520814949e-05+1.560667794151884835e-04j)
 (-9.670758794222594767e-02-4.263286747363943113e-02j), (1.473798962185026706e-01+7.524896817578763386e-02j), (-3.678417163837634229e-02+1.037524642757003679e-01j), (-1.247466293741875121e-02+3.190428003637396648e-02j), (2.236604466195019764e-02-4.570666366788758705e-02j), (3.111299862190467641e-02+5.663931758656845505e-02j), (8.447122583245356142e-03+6.266814056410952016e-02j), (2.355184399561484343e-05+1.279076126455576238e-04j)
 (5.472028691215449075e-02-1.064306272464161929e-01j), (1.487489380296718178e-01-1.511343534014573109e-01j), (7.856252426111647036e-02-1.569854373907444284e-02j), (-5.045322977618957316e-02-6.155969040470329889e-02j), (-4.817346279144874011e-03-1.486346029186793039e-01j), (1.404531758057559199e-01-8.448388804947679076e-02j), (3.960814336859531937e-02-1.827742672007839908e-02j), (9.081166074999399377e-05+3.238161474194718031e-05j)
 (8.845344546708573674e-02+4.155816119376568724e-02j), (-2.137330490315185738e-01+6.881272447478395393e-02j), (1.534510187042939511e-02-3.997282912705056590e-02j), (5.855010373345334584e-02-4.259753431623120035e-02j), (2.075091624721568662e-02+9.599050560689799394e-02j), (-1.475094763863650515e-01-2.928351657875002956e-02j), (-1.691427951642798452e-02-3.109493524271629561e-02j), (7.505475580898144424e-05-8.147162870473904656e-05j)
 (-9.896101964760165015e-03+7.457443043666969751e-02j), (2.057393240332855422e-03+6.701430632953764288e-02j), (-3.502788037039262364e-02+1.065579711388750517e-03j), (2.527171546363890520e-02+7.341524116996424321e-02j), (6.773127284405239257e-03+8.865935130363855610e-02j), (1.540648087626572682e-02+1.253436505590254102e-01j), (-2.151668996077547857e-02+2.961055238066441497e-02j), (-1.698283078682179129e-05-1.585697897343617876e-04j)
 (-7.227821735558334626e-02+7.270437863019396652e-03j), (1.393689116020356833e-01-6.724046829330210251e-02j), (-2.918951531186515097e-02-9.545671643708376897e-03j), (-8.906342872856604087e-02+1.802543951445514936e-02j), (-2.978470750797732741e-02-2.672885264807409178e-02j), (5.511467511008594222e-02-6.471893089801958321e-02j), (3.104475697460182260e-02-1.131019032183119832e-02j), (-1.475937094028340643e-04-1.590454667921882559e-04j)
 (-4.215270893328851992e-03-6.322134760529593556e-02j), (-4.963850308275652434e-02+1.767624772245537934e-02j), (1.093852105525348201e-02+1.763745467357085220e-02j), (6.319806006526224040e-02-9.680147145363122985e-02j), (5.947605306739861541e-02-2.568888824103857105e-02j), (-3.917912424193596699e-02-5.369750485560667586e-03j), (-3.349740709955248419e-02+5.130613593912008996e-03j), (-2.631527549257367277e-04-7.283651706048790975e-05j)
 (4.621080499941104813e-02-1.533104841783955452e-03j), (-9.555021504919808395e-02-8.476449204136995985e-03j), (1.501256639645602575e-02+5.192092710323580051e-02j), (6.018539595491001482e-02+8.634729685297667934e-02j), (-3.317039845824279465e-02-3.861844152761778615e-02j), (1.373754256790477024e-02+6.475782951511098451e-02j), (3.831654630453945609e-02+2.030655603339054371e-02j), (-3.142194181759873492e-04+7.727430622864401091e-05j)
 (3.786353724106683583e-03+3.598646741213001876e-02j), (6.233340426138589407e-02-3.719310836230488304e-02j), (3.725075254278607806e-02-2.455897790712690404e-02j), (-1.109723716986221603e-01+1.264552767544330214e-02j), (-8.709740699179203960e-02-2.891082725439120260e-02j), (-1.691381902061352138e-02-1.087664602229876931e-01j), (1.621099646573384914e-02-4.830089731430514677e-02j), (-2.731319936082628034e-04+2.444778113832069303e-04j)
 (-2.914673686066928532e-02+4.014094650087590699e-04j), (1.032213340704337123e-01+6.002434339625029036e-02j), (-1.189642951491323014e-02-1.185652504233680876e-01j), (-2.114097512672163948e-02-1.031694946693618997e-01j), (6.220413840077987366e-02+5.657253903955831997e-02j), (2.514495609015390820e-02-1.930192383239262566e-02j), (-7.434296920132532627e-02-2.442177971676791348e-02j), (-1.430686386857480535e-04+3.746348365262035501e-04j)
 (3.040064172277492927e-03-1.200733701613234533e-02j), (-1.163533173389894870e-01+2.506772238679200182e-02j), (-7.801758767918133552e-02+9.993023833258410371e-02j), (1.299106388494775943e-01+5.028602053389261139e-02j), (3.494663808123543713e-02+9.269011737991816879e-02j), (2.062119162547323969e-02+1.435722433789420327e-01j), (-6.316776758747214005e-03+9.506139894218286479e-02j), (4.387332097315776612e-05+4.244380330738033711e-04j)
 (-7.545206005632555668e-03-6.120265689078255994e-03j), (-3.367267723900047027e-02-3.995446665945245890e-02j), (6.164016874769023824e-02+6.700143357810157962e-02j), (-2.946510713637139067e-02+1.079979629546791303e-01j), (4.597792074055187528e-02-1.090868266259855945e-01j), (-7.995590367376814722e-02-2.935031350124646388e-02j), (7.847571003229798781e-02-1.433743948899335319e-03j), (2.379407100387122493e-04+3.747597652717547193e-04j)
 (1.822354661982227009e-02-1.193260817660915518e-02j), (9.735720126568381261e-02-1.767253558574705119e-02j), (-2.175201838536075516e-02-1.041540648400379188e-01j), (-1.000373698742191286e-01-1.006302484359422045e-01j), (-8.880219237300443491e-02-6.543335950346333696e-02j), (1.781425716945100879e-02-9.864723286718407591e-02j), (1.754849921979401151e-02-7.564714305629625934e-02j), (3.876597337018960012e-04+2.352707472456135192e-04j)
 (6.274981750409483472e-03+1.580675806367883018e-02j), (-5.098536644784545935e-02+2.231811844944869838e-02j), (4.235407583802863057e-02+4.096325203543571547e-02j), (3.368897462280040500e-02-5.183583051180373075e-02j), (-5.366652158903714720e-02+1.512993257650385726e-01j), (6.371804056072197242e-02+5.937011128302882579e-02j), (-8.888261702430097499e-02-8.564868729462870103e-03j), (4.547846666988876810e-04+3.986379934494240418e-05j)
 (-5.578846518213886885e-03+7.147998066638308612e-03j), (-3.388603238626325398e-02-5.972292484425878456e-03j), (1.412065721571340027e-02-3.312094842550761253e-02j), (1.327725951501962376e-02+4.769409014472791863e-02j), (1.016484943545888087e-01-9.574885403843674814e-02j), (5.392033726694309137e-02+2.427585063662164588e-02j), (9.422097379990113097e-03+7.097708185900949984e-02j), (4.237450414020534463e-04-1.644643500103393045e-04j)
 (-1.247205824054306404e-02-5.225782227908065680e-03j), (6.717110640801850219e-02-4.143377547009319262e-02j), (-1.038096102118420683e-01+3.325872937798952933e-02j), (7.646930235613139115e-02-2.649686979813187238e-03j), (3.747118451794562155e-02-9.804311270975307746e-02j), (-1.350743145679402790e-01-8.694508182586165035e-02j), (5.672251615770113053e-02+2.194297147107227008e-03j), (3.036095897301043628e-04-3.309329925448869190e-04j)
 (1.248688841263789762e-02-1.148008150553381235e-02j), (-1.013838807562172928e-02+7.782418272133517778e-02j), (5.892506006397382756e-02-1.232148865873697319e-02j), (-6.732150216294946476e-03+6.366087108502971326e-02j), (-9.312559164340930562e-02+2.740990496517211050e-01j), (-9.026353803476615256e-02+5.846602834807702181e-02j), (1.813198409709199099e-03-6.656204393026129984e-02j), (1.233371961885758306e-04-4.242877584929524454e-04j)
 (8.965775200915432341e-03+1.552903247225884131e-02j), (-1.841365381072374019e-02-6.666713933228959887e-02j), (4.844867837095895302e-04-7.151516536935839663e-03j), (-1.226690598205031485e-01-3.046531272498981258e-02j), (-2.779875399699503064e-02-6.872126022747052088e-02j), (2.094214245264725549e-01+8.312868897608072238e-02j), (-5.665272794575240689e-02+1.395164483194100136e-02j), (-7.701366923420702171e-05-4.274452007795789821e-04j)
 (-1.794100521074424442e-02+1.245925348173519687e-02j), (1.625008017794055126e-03-7.333238244928708127e-03j), (2.503935469821026022e-02+6.149556735421241038e-02j), (2.856834046509032499e-02-4.423702164001945547e-02j), (8.145767338638482125e-02-2.196231989658015138e-01j), (9.807753744321436734e-03-1.017633864804970700e-01j), (1.208904103635158322e-02+3.772931333330961645e-02j), (-2.559367856037246623e-04-3.429033067789814294e-04j)
 (-1.234427423123130724e-02-2.679396642658618544e-02j), (5.683318308096424465e-02+8.641058312012100950e-02j), (3.640442303691315828e-02-8.413054224697499861e-02j), (8.590701850309898080e-02+1.304466210057289577e-02j), (-4.845293251545153279e-03+1.624915191383280444e-01j), (-1.169330237731050492e-01-4.104276453211749831e-03j), (2.767688450799844768e-02-1.592014613414072244e-02j), (-3.785579957562481418e-04-1.900258637240272207e-04j)
 (3.282233607321002888e-02+0.000000000000000000e+00j), (-1.071298500533737208e-01+0.000000000000000000e+00j), (-1.185380611712907317e-01+0.000000000000000000e+00j), (-9.439433897645810312e-02+0.000000000000000000e+00j), (-4.188717845228245862e-02+0.000000000000000000e+00j), (7.016233678990918543e-02+0.000000000000000000e+00j), (-2.564413112634261749e-02+0.000000000000000000e+00j), (-4.220621898500529542e-04+0.000000000000000000e+00j)
