 (2.897511388539939503e-01+0.000000000000000000e+00j), (1.061192150722881866e+00+0.000000000000000000e+00j), (-1.058736174234684857e-01+0.000000000000000000e+00j), (6.410430339334644012e-01+0.000000000000000000e+00j), (-2.256080605966462038e-01+0.000000000000000000e+00j), (8.751587843908521513e-01+0.000000000000000000e+00j), (4.282602970403581732e-01+0.000000000000000000e+00j), (-9.153481460753899214e-04+0.000000000000000000e+00j)
 (9.677981728798459859e-02+3.603546837001043723e-01j), (-6.634778253674027404e-01-4.171858073416166990e-01j), (2.914089424315231824e-02-2.351853980589644899e-01j), (-6.012772933286366639e-01+2.581628859015336896e-01j), (3.312463006139654276e-01-1.756264869892982805e-01j), (-5.811983722622113824e-01+2.341707034080233452e-01j), (-1.140455148796933604e-01-4.208795572025254561e-01j), (-8.738748032259830833e-04+2.624057901641195793e-04j)
 (-4.146984453876484955e-01-1.779748844233641769e-02j), (1.935819764128469123e-01+1.023124478392614944e-01j), (2.103024642379875409e-01+3.337367701537905518e-01j), (2.088017551306523001e-01-1.249782056050115775e-01j), (-3.178078580953404286e-02+7.712362272833717114e-02j), (1.283469320940322511e-01+1.192301909850566888e-01j), (-2.493965187350045409e-01+3.017276778913220436e-01j), (-7.540197265568266164e-04+4.981260347389788318e-04j)
 (2.039705515119181189e-01-2.587289849403460185e-01j), (-1.147457644901232615e-01+2.995561487434306724e-01j), (-1.785016060402969396e-01-1.606709628666766754e-01j), (1.694109613221151389e-01-6.381381550909112632e-02j), (-3.610623639986636491e-01+6.153636012639311648e-02j), (6.903654015519347653e-02-2.319653385555775493e-02j), (2.998772287609131060e-01-7.761613466007497020e-02j), (-5.689229367772912892e-04+6.835781258608460576e-04j)
 (1.736146941535738480e-02+1.982171325655081029e-01j), (-4.205552127612165181e-02-1.501976475629591690e-01j), (-3.694299067783830132e-02-1.411053366440681300e-01j), (2.121286806661876537e-02+1.192580639639143347e-01j), (5.607733077944462158e-02-1.009625512924869351e-01j), (-2.570575937196305227e-02-1.839414006750087482e-01j), (-2.088452969514540958e-01-8.942170765560454593e-02j), (-3.387067693763179507e-04+8.009953876700969628e-04j)
 (-2.612096348726153372e-02-4.167461800302783154e-02j), (1.941186216486277538e-01-7.359318334969538328e-03j), (-1.254962031776202941e-02+1.526079841453357178e-01j), (-3.088064726209730493e-01-8.374421527301134649e-02j), (1.562122817353473192e-01+7.798223866452218267e-02j), (-1.686290658648171015e-01-9.444373000474141910e-02j), (8.827074438502405251e-03+1.134715914527225644e-01j), (-8.805077784495564071e-05+8.404117463917012672e-04j)
 (-8.365751223480198673e-02+7.077731953266594433e-02j), (-1.162733712909403694e-01-2.009695418666284650e-01j), (5.077555409472382653e-02-3.218669594108682086e-02j), (2.419400331658352610e-01-2.015743839322451172e-02j), (1.477909017652777879e-01+1.462610518846492978e-02j), (2.218454757433322433e-01+2.662513001519604683e-01j), (7.073116204682666774e-02+1.285003869557888728e-02j), (1.567539874417870098e-04+8.006757588604300480e-04j)
 (-2.340542605774571447e-02-1.570700731300569142e-01j), (-2.233324182193754601e-02+4.458943878257141114e-01j), (1.510506644232954276e-01+2.949010656197340735e-02j), (2.789654417295395553e-02-1.361789280331781316e-01j), (-2.649988003943508086e-01-2.253988536853714919e-01j), (-9.995091406634094844e-02-1.918094465226998779e-01j), (-4.237932248782033673e-02-5.580337913801287908e-02j), (3.708953152511057028e-04+6.893791138895087730e-04j)
 (7.832590198540796689e-02+1.279659967852939118e-02j), (1.511532857511956596e-01-3.051892876555116763e-01j), (-2.576190228060818432e-01-6.550456103958601783e-02j), (1.089411993154773203e-02+2.050656779006334585e-01j), (-2.094444122955957735e-02+4.918564288148745689e-01j), (-1.080274037866718606e-02+6.180373560054738813e-02j), (6.264921659283373412e-02+6.703153142956055910e-02j), (5.338847090179833083e-04+5.217261598461083805e-04j)
 (4.124917145678379249e-02-1.969689614395365301e-02j), (-2.494756312656884745e-01-2.123089323581236337e-03j), (1.101921062414373265e-01+1.590684628820294155e-01j), (-2.055228671830367990e-02+1.676186540869482600e-01j), (3.803203304276909225e-01-3.592947996771361230e-01j), (8.415064803892227663e-02+5.143734360588683718e-02j), (-5.255711467974569923e-02-1.234040533758790081e-01j), (6.318043337003295462e-04+3.185072963396332708e-04j)
 (3.617700766341368224e-02+8.478063717952899481e-02j), (1.067336334397716718e-01+1.576828482026317590e-01j), (-1.232029907800778062e-02-2.259837615464634630e-01j), (-1.929627254175636797e-01-1.547562456368209716e-01j), (-5.005769364322971704e-01-9.172878843170254037e-02j), (-9.562710077875478942e-03-1.260478529860268593e-01j), (-3.025491753550228063e-02+1.397196017237570254e-01j), (6.586872127729110835e-04+1.034519048941840347e-04j)
 (-5.315927542558028518e-02+3.094787224729791952e-02j), (1.073469721597948290e-01-2.270044475067974910e-01j), (-5.422040610218073486e-02+1.124538135237230785e-01j), (-3.350052069351922707e-03-1.293959702533946377e-01j), (1.004199239718171072e-01+2.914918829947506507e-01j), (-1.591306873253818255e-01+2.372752091512710104e-01j), (1.116769720071364436e-01-5.315073928659534708e-02j), (6.168796646695602496e-04-9.968901155146830560e-05j)
 (-5.391290654564159096e-02-1.993494644421005615e-02j), (-9.306508803491250759e-02+9.828206747295145651e-02j), (5.318062756247348560e-02+7.450359024074434955e-02j), (1.834622696703306910e-01-2.970468429568874635e-02j), (2.916870824412396423e-01-2.150812534050501323e-01j), (1.930916024793820629e-01-1.264857884705694602e-01j), (-7.325235164097051999e-02-9.011478560608945920e-02j), (5.163705315404012574e-04-2.699536192935741269e-04j)
 (2.959590833926315639e-02-4.812839697598807198e-02j), (7.103042516823852848e-02+3.700060369471631916e-02j), (4.973223125092834235e-02-2.553122099517189381e-01j), (2.610897590436861773e-03+1.613161137902003814e-02j), (-9.756428026917557395e-02-2.195507195509317430e-02j), (-1.472636987088630778e-01-1.453005056226731317e-01j), (-8.164172517940576634e-02+1.167662133355865106e-01j), (3.732064547805456919e-04-3.915205026379313499e-04j)
 (-1.069594822080193255e-02+9.357140805116806459e-03j), (-4.253676084614313457e-02+6.991606453791447684e-02j), (2.325729606698911933e-02+2.285309487552456553e-01j), (-1.827728744800644067e-01+4.124592592658289369e-01j), (-2.004998585073888284e-01+1.061513727831177312e-01j), (1.062971352260540236e-01+7.026661233565578701e-02j), (1.512902469183778909e-01+1.495822650022135200e-02j), (2.072280871298594817e-04-4.553176583182764700e-04j)
 (7.982418960614803827e-02-4.076136828887939878e-02j), (-1.125899085121325784e-02-1.986242554683631256e-01j), (-7.049923671832480920e-02+1.254330853181345740e-01j), (1.475880089071114065e-01-3.737419910491810437e-01j), (-1.174205581690307421e-02+8.184705028852318209e-02j), (-6.314777451404007813e-02+1.306891814359524562e-01j), (-6.204753027265662996e-02-1.062080312716862096e-01j), (3.944343382271526773e-05-4.597126427137287336e-04j)
 (-2.076777044983594243e-03+1.521467508538980884e-01j), (-1.363121163281622306e-01+1.708992180570008124e-01j), (-1.466545107909985601e-01-2.015479929302050055e-01j), (3.596420222251170418e-02-2.820573882097832108e-01j), (3.204159458909203728e-01+3.484042794251392128e-02j), (8.414550732766751251e-02-9.775990502200443411e-02j), (-1.743021430672028749e-02+7.635689935092743186e-02j), (-1.106087622760905246e-04-4.102340107032858489e-04j)
 (-1.374331831802684256e-01-3.760679777181077238e-02j), (2.701436515533942595e-01+5.843922741948245209e-02j), (1.776564072764670321e-01-2.756085831346402615e-02j), (2.418431812944918727e-02+4.928829566147022168e-01j), (-8.926925565666181395e-02-3.803040508763777527e-01j), (-1.113244241295907461e-01+2.456822972579241968e-03j), (2.837281429540165420e-02-4.576399235912120833e-02j), (-2.271644187774651477e-04-3.184037518907823633e-04j)
 (-2.895999332454804800e-03-9.271545950928235247e-02j), (-1.443150422803037847e-01-2.290400621917775825e-01j), (-1.481322218094270268e-03-7.968626625551065296e-03j), (-9.863691359525961211e-02+1.147926984407482420e-02j), (-2.570632339856106507e-01+2.429500393614113518e-01j), (8.473682615420721764e-02+6.286231588288651584e-02j), (-4.219214626459309031e-02+3.571481439666238100e-02j), (-2.999244246773977640e-04-1.998750582672154000e-04j)
 (9.142303336743286268e-02-6.341742391143605218e-02j), (-9.088428998792344449e-02+5.661189140698129341e-02j), (-6.233465252804529927e-02+6.721365981275206902e-02j), (-1.088713586303571845e-01-2.658600043749280717e-01j), (1.917007595983799828e-01+1.082836080248198163e-01j), (-2.058675405729162161e-02-6.578587969946658731e-02j), (5.222841089187647140e-02-8.247926476704437251e-03j), (-3.249397037588598906e-04-7.215416615457532861e-05j)
 (6.691296864751862528e-02+1.019068008477625048e-01j), (1.503286745082042519e-01+1.593656511612839832e-01j), (5.880216104796788523e-02+4.943831890033751481e-02j), (1.864946250154851659e-01+3.534747399407261320e-02j), (-1.804743682944186939e-02+9.730919699117088206e-03j), (-5.470381453931209836e-02-9.252117350483703498e-03j), (-3.203522280031301933e-02-2.711877607470605453e-02j), (-3.046170039483471568e-04+4.777149073230146134e-05j)
 (-6.385685402907520514e-02+3.985328838358832837e-02j), (2.926206252029461136e-02-1.334006176914395436e-01j), (-1.648941089952584219e-02-5.131088707389074716e-02j), (2.820071042747039278e-02+2.080827924569415566e-01j), (5.445386363627290061e-02-1.477917405652570682e-01j), (-3.217837805519423861e-02+7.838668828280621892e-02j), (-3.039019489753885458e-02+3.662874857420433949e-02j), (-2.468932028576119298e-04+1.455787071478694436e-04j)
 (-4.544901073257104351e-02-5.603371960724882681e-03j), (-1.397696094707946979e-01-2.853405695576599621e-04j), (-6.222597351707905011e-02-4.045094804508490155e-03j), (-2.271824119722076207e-01-1.426068471216521139e-01j), (-9.599677472694237435e-02-1.711870358062473063e-01j), (1.869380052161081218e-01-8.546072076669603002e-02j), (8.889236250642394699e-02+2.832341287153581494e-02j), (-1.637363487904655774e-04+2.112533415325779128e-04j)
 (-7.645949406692807877e-03-6.392191294522842071e-02j), (3.138890762667531642e-02+8.810478776077969310e-02j), (3.387559775135066953e-02-2.525629776020584666e-02j), (3.769073763180524894e-02-1.252367777978858343e-01j), (-7.497875642344833946e-02+2.575345201121839178e-01j), (-1.276756003271644624e-01-4.140322405925649096e-02j), (-5.939267704189823971e-02-1.220755796604017229e-01j), (-6.921572055256339673e-05+2.400422387560326751e-04j)
 (3.268807904617253290e-02+1.145383779476749977e-02j), (9.414386582545763993e-02-1.031014223492999482e-01j), (6.339184371139787444e-02+2.164496470948227072e-02j), (2.457516773952640454e-01+1.240713107586473019e-01j), (2.318064073992797958e-01+8.993080806315581488e-02j), (-6.366614336463943119e-03+1.557141967227784751e-01j), (-3.286676809836249630e-02+1.447363083936848704e-01j), (2.256992295790417533e-05+2.326249456190721009e-04j)
 (1.181615649706469623e-03-3.745555627081314370e-02j), (-1.181546863433519667e-01+9.976602615743859759e-03j), (-1.604953915704841402e-02-2.068829241975613659e-02j), (-9.697883267773066418e-02+4.486659413008563940e-02j), (-7.641070494065048402e-02-1.416459652628810906e-01j), (9.765826748731790130e-02-3.674278225580006330e-02j), (1.004432769803438319e-01-8.818956040738072655e-02j), (9.941223720785267418e-05+1.945305197850472480e-04j)
 (7.414662076156086634e-02+5.006156893926812235e-02j), (8.238682106533538885e-02+1.246879183047307493e-01j), (-6.962942226926818745e-02+9.493550093257294153e-02j), (-1.851618605009581198e-01-4.811665811640591928e-02j), (-1.054276993513965088e-01-2.731554955507217025e-02j), (-1.063228150206109168e-01-1.037683198542762725e-01j), (-1.022928286111560309e-01+4.066840301426289696e-03j), (1.525045892013639974e-04+1.349287109539642180e-04j)
 (-7.565647075205619854e-02+5.330150390350007344e-02j), (2.474838065957010724e-02-7.792739728228655072e-02j), (7.003440117469006410e-02-6.370567821018124910e-02j), (2.002027421700427745e-01-2.383760875675181024e-02j), (7.632578111274219979e-03-3.967731113521033581e-02j), (-4.054601539537942834e-02+9.332318118785468131e-02j), (4.454742979014476162e-02+5.035800254452758862e-02j), (1.773595122724646081e-04+6.500572955964376812e-05j)
 (-2.417312068597905067e-02-5.105788439021521907e-02j), (-9.711981900253364997e-02-4.543601105410623869e-02j), (-4.714657008082548395e-02-4.377380522708373967e-02j), (-5.314661870764895990e-02+4.093640566851512730e-02j), (5.276923187434905127e-02+9.432081485540461108e-02j), (8.966529124723826571e-02-3.016650818551500080e-02j), (2.884543258204098209e-02-4.330481936674779320e-02j), (1.740415695333942915e-04-3.817925473323987434e-06j)
 (1.687040920200732694e-02-2.700234918237167520e-02j), (4.332666234283919296e-03+4.463323586547027905e-02j), (-1.974590526337030583e-02+8.769771961520254899e-02j), (-3.730555139536993747e-02+4.842479375539476133e-02j), (4.163060199221164936e-02+1.282614904981622256e-02j), (7.768068668266837201e-03-5.231036305379728468e-02j), (-6.723282307986669371e-02-2.319722583524495840e-02j), (1.467278873409235101e-04-6.156195953084201832e-05j)
 (4.419135458720389875e-02+1.435634280722969391e-02j), (5.583532626556977907e-02-3.524831954397367184e-02j), (3.082202504083171590e-02-4.729780308375639009e-02j), (4.567812036716393381e-02-1.297243888830004743e-01j), (-1.616367405413685066e-02-2.976717295465203250e-02j), (-2.011525795128832339e-02+2.615086633802662583e-02j), (1.685314352652950848e-02+9.809632245341470824e-02j), (1.027049309441012106e-04-1.010180179450384275e-04j)
 (-3.330338488681337111e-02+4.309490828034822502e-02j), (6.221296854136106058e-02+7.239907255787640661e-02j), (4.554349428028935109e-02-7.919468464874288016e-02j), (-6.705092508458729283e-02+1.593044281158577380e-02j), (-8.801992822756078694e-02-7.534603524433160920e-03j), (-2.730188827608358293e-03+1.475465544937467066e-01j), (8.327837703035764760e-02-7.886740474050105143e-02j), (5.098599964532758884e-05-1.185667984156146717e-04j)
 (-2.405178512595949891e-02-3.999598539329660141e-02j), (-1.314295325604522835e-01-3.435098811911851957e-02j), (3.444842846513376799e-03+1.705553960263231361e-02j), (6.248596585044533663e-02+1.738129743774518010e-01j), (-1.697865708120636571e-02-4.022028143574896825e-02j), (5.929085198567950188e-02-1.836576143926776927e-01j), (-1.099290054543088369e-01-1.550551664122968437e-02j), (7.791763039010442173e-07-1.143939762849980355e-04j)
 (2.311850751510285268e-02-8.131681591031692316e-03j), (-2.483171127180135163e-02-5.121365324652099593e-02j), (-1.353998263283449355e-01+1.898882539452324547e-01j), (-2.589972371344323454e-02-1.087405272991377736e-01j), (1.010915846927499528e-01+4.279160045762870485e-02j), (-1.640248344690461990e-01+3.841307003587515756e-02j), (5.710313032661903931e-02+8.079033556250883596e-02j), (-3.995530599572985945e-05-9.211232802729368407e-05j)
 (3.788046695427384723e-03-4.919517791493271952e-03j), (1.618276210992861674e-01+1.034063716417672057e-02j), (1.116925864118949452e-01-1.096829034243096412e-01j), (1.065387216827613781e-02-1.446224483414911000e-01j), (1.147909449264145898e-01+4.242713952187157633e-02j), (6.922644735494010160e-02+4.478984490470905300e-02j), (2.301832481242578957e-02-8.270917133324526271e-02j), (-6.564599736102333122e-05-5.788579500038142263e-05j)
 (3.061215338368168670e-02+4.654249557532354545e-03j), (-5.313516125589821254e-02+2.587607472307189987e-02j), (-3.248065996415312739e-03-1.012060797336009343e-01j), (2.038735234669351165e-02+9.854787608719826897e-02j), (-1.913404576493074882e-01-1.294355887472148081e-01j), (8.665465061295729576e-02-4.414998636661320724e-02j), (-6.619541977541994193e-02+9.939632986114169816e-03j), (-7.379433275792666015e-05-1.922108781880853799e-05j)
 (-6.409763448894444798e-03+4.479607250375441940e-02j), (-1.268652757684121113e-01+4.611167513764826559e-02j), (3.076424547399921744e-02+6.213789012861756222e-02j), (2.126720267093290193e-02+1.544417713042066098e-01j), (-4.286742959208701687e-02+1.338963848075765961e-01j), (-2.908212961827733728e-02+2.682700192437628001e-02j), (1.100356275401359954e-02+4.779322854668742460e-02j), (-6.512460964608152386e-05+1.636590457739063662e-05j)
 (-3.695103343208596541e-02-8.047679445725389180e-03j), (1.662137218784490444e-01-5.113813926447757091e-02j), (-9.747312670362950904e-02+5.827761534398873816e-02j), (-6.156431662154762674e-02-8.783615524210558467e-02j), (1.674827201339105232e-01+2.594582368310599865e-02j), (-6.028457947218385238e-02+3.256178419111698669e-02j), (4.079600962834258049e-02-8.696670728660938973e-03j), (-4.320854176775805992e-05+4.259330682201933318e-05j)
 (2.123619885392013379e-03-4.230852650343484150e-03j), (-1.055733105765867264e-01-6.392113990715063421e-02j), (7.419135946939137138e-02-1.736064255107085813e-02j), (-4.249802008047981472e-02-7.463909413708223750e-02j), (-8.611211287131984027e-02-1.779990449656529139e-01j), (8.019785980753565968e-02-6.848810353553158592e-02j), (-1.641340332884487496e-02-3.165523160774455502e-02j), (-1.365390569160280311e-05+5.537540900312264765e-05j)
 (-3.402044995077260769e-02-1.814611034516078886e-02j), (6.617560191685331605e-02+1.592829950030046349e-01j), (-9.837921944609562784e-04-3.398479316820550433e-02j), (9.805262891013807880e-02+4.076711736366178673e-02j), (1.068736425573796681e-02+1.037278157530451550e-01j), (-8.624554068885849356e-02+1.647056990810486649e-03j), (-1.056957051795585564e-02+2.481023676325882013e-02j), (1.698965768576844509e-05+5.336629871241126892e-05j)
 (3.987802921536188344e-02-4.871321518144321183e-02j), (-2.012230569476657072e-03-7.482603471458659783e-02j), (-9.221174205675577995e-02-3.624010449030358461e-03j), (-2.525189877696890073e-02-2.586627213519252649e-02j), (4.089354101903882460e-02-4.281555552338119075e-03j), (3.062878483504334268e-02+5.507165845773193125e-02j), (1.590429773633427607e-02-1.587522547272240264e-02j), (4.241742129235207557e-05+3.801967490043695844e-05j)
 (3.520526970750101348e-02+3.707649130801034254e-02j), (-6.873633303856825638e-02-7.618444270585994493e-02j), (4.832123259641087770e-02-5.002854838636080007e-03j), (-1.106449511432977539e-01-2.058369945082787200e-04j), (-9.825009263817104099e-02+4.078033399636837864e-02j), (3.096781430889615494e-02-1.537416398126948205e-02j), (-2.286020477854538990e-02+1.456090734111648369e-02j), (5.765256507342985727e-05+1.317895847030113447e-05j)
 (-6.554619642318234435e-03+1.937191219831377320e-02j), (1.511220659962742019e-02+1.136087566993785325e-01j), (8.688347434742932363e-02-1.581257026169106267e-02j), (1.616771307317268480e-01+6.049533281754151948e-02j), (9.300641797113115561e-02+1.759228799580279598e-02j), (-2.581224235878602780e-02-6.442222776017506036e-02j), (3.963580449497795810e-02-4.068368420545061606e-03j), (5.985387374427721113e-05-1.571406332789395993e-05j)
 (-1.879907776628077579e-02+2.020242668549319248e-02j), (7.963139261870900987e-02-8.103103231545139007e-02j), (-4.848852976240086016e-02+6.168579853866357210e-02j), (3.004020753038806613e-02-8.480672659231056065e-02j), (-3.798741698564570002e-02-1.437423191432393166e-01j), (-2.233790272524843051e-02+6.477385106589299280e-02j), (-4.198282937477135213e-02-3.325283040647550314e-02j), (4.872753196003589944e-05-4.264631673582410345e-05j)
 (-1.804426617467063884e-02-1.731588923543040531e-02j), (-8.204468072412156310e-02+1.379465015404427591e-02j), (-2.431074176127918235e-02+3.235968747500089782e-02j), (-1.800847136813142346e-01+8.669965754169993433e-02j), (-3.288125043505760181e-02+6.490847579616948471e-02j), (9.641067422811551435e-02+2.419100839734114605e-02j), (-3.328680185819984927e-03+6.110207567674083573e-02j), (2.649058319497501107e-05-6.211804253804462388e-05j)
 (-1.911091172919487935e-03-3.133136537570272925e-03j), (3.696237786684267168e-02+6.939493407111936574e-02j), (-1.779884612419912332e-02-4.005063375096416800e-02j), (8.522853347594791518e-02+2.585070251667417190e-02j), (7.383669479772875244e-02+6.431338693657356886e-02j), (-7.391436183887342692e-02-6.452887811115756711e-02j), (5.453289663141147603e-02-2.934489493412561351e-02j), (-2.592142207061513685e-06-7.010360580878326816e-05j)
 (2.016075950865663970e-03-1.906585877440265808e-02j), (-9.999515336912151442e-03-9.841838268760169650e-02j), (-6.598582889169833654e-04-3.275905527011199747e-02j), (3.240841933839927469e-02-1.760714354885836719e-01j), (-7.628740994277405374e-04-2.065806060051883497e-03j), (-4.372508379399382000e-02+4.546009703848057776e-02j), (-4.885421124537361187e-02-2.755512661821407291e-02j), (-3.300736115116011582e-05-6.473307202408965975e-05j)
 (6.608946940398001749e-03+4.091982819995058918e-03j), (-1.616776659718204001e-02+4.256350452743472290e-02j), (1.155217911761115962e-02-5.896388804811560774e-02j), (-5.529107392967261975e-02+1.282337713904152243e-01j), (-3.897114596801663777e-02-8.880652935816527038e-02j), (6.075855521471681953e-02-1.379236847965677713e-02j), (3.488412274823366951e-03+4.420147113145879436e-02j), (-5.898661112449778902e-05-4.658907603734081581e-05j)
 (1.814083574111924335e-02-1.987174413429565120e-02j), (7.307917533812791078e-02+3.196749761439287435e-02j), (1.825223655154742386e-02+1.043631185497468361e-01j), (5.991017326952970123e-02+6.331142384976962134e-02j), (-5.987463553840542685e-02+6.918933827679224491e-02j), (-9.188565187172304666e-03-3.549301127573234460e-02j), (2.552811707675038677e-02-1.787045271411227820e-02j), (-7.552329809346859863e-05-1.857904870943480054e-05j)
 (2.197493783505697490e-02+5.375752395195040889e-02j), (-3.278993424278297403e-02-7.941309673038951522e-03j), (7.596123864111012369e-02+2.844584037928567233e-03j), (-4.775647402823008508e-02-8.584245962530558105e-02j), (7.093960353553183107e-02+7.201513339826291771e-03j), (-1.887752750356484766e-02+3.976506151521449345e-02j), (-1.845921104085181119e-02-1.345831817541792014e-02j), (-7.924354925718172897e-05+1.458679725535604494e-05j)
 (-6.415464543074633763e-02+2.045073818409605393e-03j), (-9.087750899861232745e-02-3.998157733327675767e-02j), (-1.186474744029775430e-01-7.913732291794617346e-02j), (-3.958861038203757149e-02-4.885752294897153375e-02j), (4.915007848688517089e-02-6.682104110592414214e-02j), (4.308253083185034638e-02+2.442990930150985493e-02j), (-6.493974886959687567e-03+2.001530825849796857e-02j), (-6.898846482959878669e-05+4.721747302396765711e-05j)
 (1.249845754083704630e-03-4.596727176416125910e-02j), (9.518355557153461433e-03+2.562568725816552137e-02j), (-1.874935593571375181e-02+7.811742343601912886e-02j), (9.078728846732170288e-02+6.426272018278175735e-02j), (-6.353357241024035207e-02+1.140290294522004408e-02j), (-1.667995461349266323e-02-6.694990754331556215e-02j), (2.007988681828022648e-02-5.818340346764875465e-03j), (-4.601533022902986383e-05+7.362163434688409472e-05j)
 (3.406089515282850755e-02-1.951384133808224675e-02j), (1.532405891266640507e-01-2.342286646447996890e-02j), (8.999367891070844672e-02-7.708440789569181301e-03j), (-1.570404891530352218e-02+1.225439365757557963e-03j), (-1.518275707583206791e-02+7.984089807651703619e-02j), (-4.407375064133128850e-02+4.771346538277405902e-02j), (-1.997518060972415868e-02-1.145745164598559185e-02j), (-1.378931490903062112e-05+8.908126316224386455e-05j)
 (2.929421495282742011e-02+3.808377282311579265e-02j), (-9.132586848428927984e-02+1.126838002627583019e-02j), (-1.209818226807114934e-02-3.608836626925430308e-02j), (-5.330228852373918719e-02+2.730248789305996307e-02j), (2.395835375268559955e-02-2.642729652020028852e-02j), (3.719900421934943524e-02+1.016256399772525951e-02j), (5.076653703294135150e-03+2.742129660597852209e-02j), (2.259532079255019399e-05+9.065697224527343280e-05j)
 (-2.865147303974294873e-02+1.453601846876468456e-02j), (-6.380358542639014141e-02+4.868833423084752143e-02j), (-4.212813997599484939e-02-3.702241733413585978e-02j), (3.608270510825342670e-02-6.920574997273279405e-02j), (6.191490325129236916e-03-4.622785499183909574e-02j), (1.317205758264729416e-02-5.895521701759869060e-02j), (1.908507813163029532e-02-2.228408119478501870e-02j), (5.726531566770339031e-05+7.769290349328360711e-05j)
 (-4.277426365995953134e-03+1.635666878706825648e-03j), (7.773867037866709351e-02-6.466095088831427806e-02j), (-7.259753486750081947e-03+5.943407024441513253e-02j), (1.683450231863012694e-03+7.022658370601855826e-03j), (-1.668176727230247236e-02-1.637881913559127711e-02j), (-3.814528806353795903e-02+3.556555337389317312e-02j), (-2.203429638693944065e-02+2.329755278874053384e-03j), (8.454727132935140423e-05+5.193976854823110378e-05j)
 (-1.744852955334653261e-02-1.142198561788766720e-02j), (-2.245865965591429397e-02-2.328609651593614716e-02j), (8.061635892744940801e-02+1.459523351401517330e-02j), (-1.547564280344275109e-02+8.836307962229919544e-02j), (2.073479075101972158e-02+2.878655713903580451e-02j), (2.067101985865597499e-02+2.067605805891414156e-02j), (1.103907884063640849e-02+2.663403174871053353e-03j), (9.991300107487421575e-05+1.727775040709036590e-05j)
 (6.666639829019046365e-03-1.223862472699750042e-03j), (1.367504094023015010e-02+8.562071097038528866e-02j), (-5.925323445757611773e-02-5.691179972272142340e-02j), (-1.477709988396132268e-02-1.052107290067208767e-01j), (-5.195747969588673798e-02+5.623347733011479360e-02j), (2.308273434735464563e-02-1.785945096965049772e-02j), (-5.970028310454528024e-03-2.315448894600963953e-03j), (1.007357619392222500e-04-2.091352354534887332e-05j)
 (-1.662133816516478749e-02-2.506387132053176231e-02j), (3.646275780674501643e-02-6.065914851580223033e-02j), (2.114263984165795640e-03+8.083550265475211716e-02j), (3.672811200343929772e-02+2.921941120115605778e-03j), (5.628052595229755123e-02-1.326259980658654747e-02j), (-9.442464248562730533e-03-2.243461454601887450e-02j), (-6.521537319206131139e-03+7.019292999898875396e-04j), (8.673355882456298353e-05-5.663343275932592439e-05j)
 (5.235974131917835173e-02-1.305537606022415600e-02j), (-7.065219747390227845e-02+4.636360071601230981e-05j), (9.618038173430154547e-03-6.415828211770434331e-02j), (1.427441200416402003e-02+1.057170790282661865e-01j), (9.252516134569947759e-03-7.745195416398213684e-02j), (-4.975010115278422074e-02+3.861953400438554451e-02j), (1.246380816830830983e-02+1.883276505584040306e-02j), (6.002728084076555974e-05-8.424274563699443339e-05j)
 (9.663677368717749766e-03+5.024547268377135834e-02j), (-1.899198764729572581e-02+8.682266015205419851e-02j), (-2.882167120676591004e-02-5.340917157179478347e-03j), (-4.076600504175521139e-02-7.660681157156337684e-02j), (-3.927520967321334461e-02+2.404683317259329045e-02j), (6.018573411563539477e-02-3.092914276297843018e-02j), (3.641115242414311171e-03-2.805298414715705346e-02j), (2.480436211413925354e-05-9.938902602040828758e-05j)
 (-3.969575000943433019e-02+2.604884453251135601e-02j), (9.109684082440860919e-02-7.878122450046065595e-02j), (4.821988571302286003e-03+1.654672407079356422e-02j), (-2.165586146895089742e-02-1.579155230440277072e-02j), (-5.961243037020252933e-04+9.546669581933925341e-03j), (-3.444981981762343382e-02+1.062351568890354189e-02j), (-8.825006947106146804e-03+2.051818256029629139e-02j), (-1.335720469746614529e-05-9.972379123347445830e-05j)
 (-4.216857505781521770e-02-4.423169445822601464e-02j), (-3.886389632620719514e-02-5.303534827505881899e-02j), (3.358283215401326044e-02+1.698531796201510624e-02j), (1.008930214491062793e-01+5.758349779717791828e-02j), (1.909128830818799388e-02+4.203151932447828087e-02j), (-1.116781374481322364e-02+6.306801667620046820e-03j), (1.165526101936845832e-02-2.286339289673251091e-02j), (-4.839461008498726062e-05-8.529414147744531914e-05j)
 (5.042047577623771232e-02-3.892716571162300326e-02j), (-5.084649269228747048e-03+9.141031954651668290e-02j), (5.344319028116743114e-02-4.309060654568924731e-02j), (-8.760030885817271518e-02-2.876735564184662586e-02j), (1.196227290042030725e-02+2.479138412055884033e-02j), (4.761735974203390453e-02+1.051530705057473342e-02j), (-2.439137024428025130e-02+1.131252329060637024e-02j), (-7.474861165714479752e-05-5.854438211684216301e-05j)
 (3.364615724815114839e-02+4.263899910748536470e-02j), (-4.355715777119498200e-02+5.021548338961223656e-02j), (-1.086888480237063609e-01+2.166838670855324861e-02j), (-5.710578531177271100e-02-1.944879498862953082e-02j), (-1.025064747888281697e-02-1.098056382162620886e-01j), (8.157011733578023449e-03-5.277337313879729153e-02j), (1.232937693899843756e-02+1.046573296536051911e-02j), (-8.827395996712506508e-05-2.392626108064954574e-05j)
 (-3.492658824367982778e-02+4.277875779322833777e-02j), (6.089339065430660058e-02-8.867628548917222409e-02j), (1.542307154962820059e-03+6.840093412399203543e-02j), (1.286860192701410055e-01+3.555696350451942322e-03j), (-4.371830491157129017e-02-1.624142679283263613e-03j), (-8.082832401146172741e-02+4.569691878467669471e-02j), (9.929344607910846332e-03-3.948991033951236573e-03j), (-8.692360695921726925e-05+1.282026681915700170e-05j)
 (-5.036240723239223532e-02-3.624691048857718589e-02j), (-2.473514217885242061e-02-7.734996035810726145e-02j), (7.570889759637036698e-02-8.122804039310776991e-02j), (-1.948254096921624851e-02+3.058667662780892652e-02j), (5.635674560769871749e-02+9.756175837753168489e-02j), (5.409977259368965730e-02+4.026614583695919264e-03j), (-8.937906024184032183e-03-1.272402461354025377e-02j), (-7.109459561615063259e-05+4.560046453126002648e-05j)
 (2.621841478392442082e-02-4.548212326212239254e-02j), (-2.733445482994825704e-02+1.179807590975507914e-01j), (-3.780045473435490744e-02-1.289379911367680154e-02j), (-6.365447700732729253e-02-2.582209955192943038e-02j), (-3.490179107572888295e-02-3.362726416003949947e-02j), (-5.942030307251613963e-03+7.537471470663113099e-05j), (-5.619753330843232919e-04+1.918107157068073276e-02j), (-4.357771814485412358e-05+6.896219447975128112e-05j)
 (4.847977113613165245e-02-1.188729392705964449e-03j), (8.759704463068421210e-02+3.400397792594364588e-02j), (-1.856766645119031084e-02+5.448469677609849016e-02j), (4.665028008148413424e-02-5.698397814531262762e-03j), (2.800471300221470811e-02+7.165951416153087949e-03j), (-2.463276409501686387e-03-3.214782284871064294e-02j), (1.577261827187553811e-02-2.033214931563578909e-02j), (-9.116615364383241250e-06+7.899607385350844663e-05j)
 (1.310574796134920950e-02+6.564411487659380096e-02j), (-4.621906835717724121e-02-1.116408222125839650e-01j), (3.404661985476533509e-02-2.162736782165777805e-02j), (3.043099398050138488e-03+3.238936324032811592e-02j), (1.646400121520001647e-03-2.877761106645221681e-02j), (-2.184376507746915719e-03+1.949716481856974409e-02j), (-2.789050030870197233e-02+2.419641012596174257e-03j), (2.635514269356658548e-05+7.399202950949476134e-05j)
 (-6.239511478271149436e-02-6.307125038726317523e-03j), (-5.455384812440816633e-02+5.496958443901073244e-02j), (4.777402183694545723e-03-6.076046968006586224e-03j), (-6.440151688912028327e-02+8.561429886159269836e-03j), (-1.835090020337207944e-02-2.518895965369849499e-02j), (2.358624750308915136e-02+7.832691676992062368e-03j), (1.466812975304402841e-02+1.383020894744000501e-02j), (5.667830394617714811e-05+5.474413655756969174e-05j)
 (1.910788763303749097e-02-2.172406347506933635e-02j), (5.452248638897556204e-02-3.486008097835113784e-03j), (-4.256137719619548787e-02+2.799324112467176107e-02j), (5.490259577915701517e-02-3.404425163867669940e-02j), (-3.363738204433351642e-02+6.018342991318865326e-02j), (-3.346978317533554070e-02-1.880413727557539438e-02j), (-1.143519975508533286e-03-9.780886686634526067e-03j), (7.647969161216074086e-05+2.445131007818346683e-05j)
 (-1.360101585792401063e-02-4.998284910070822928e-03j), (1.207663967656013443e-02-1.761708067499161146e-02j), (4.803709931091595942e-03-9.326712798246591246e-03j), (1.102666743424663212e-02-4.484421302561272804e-02j), (8.713667926494325644e-02+2.078678098679821729e-04j), (2.634714511550923302e-02+2.484276421159326009e-02j), (-6.853746375518242340e-03+3.347355861309141839e-03j), (8.206886411119169999e-05-1.177424787195751016e-05j)
 (3.189939927027604649e-02-3.198694211073820504e-03j), (-1.472779839218106568e-02+2.676105570391224681e-02j), (5.199635945487089683e-02-3.792417458563587807e-02j), (-1.470613401939595104e-02+6.617160428717212828e-02j), (-5.762824957116546853e-02-5.265645658241824290e-02j), (-2.564881503884847841e-02-5.492041934381304558e-03j), (9.081776016123872808e-03+1.446950133571968562e-02j), (7.207409745231337810e-05-4.771612246024609457e-05j)
 (-2.461944069203136215e-02+1.582471214321894831e-02j), (-2.247474646689297945e-02+1.516240352671631431e-02j), (-4.675628952638719027e-02+1.097549579481963203e-02j), (-6.913701612594691515e-03-3.038939608641919032e-03j), (-6.484396658848187722e-03+4.587952921397045469e-02j), (1.260630181428192172e-02-3.138670279827429632e-02j), (1.289918908376203044e-02-2.110552208878653524e-02j), (4.771237142647397533e-05-7.705419066844678149e-05j)
 (2.668430556312111762e-02-1.819515821376126857e-02j), (1.341656792800315079e-03-4.576349251802610402e-02j), (-1.700766524421164910e-02+6.072569963357243167e-02j), (-2.284792727172337001e-03+1.604169435587931083e-02j), (1.988459659410518957e-02-1.329015428758162365e-02j), (4.409589265305879913e-03+3.303603389439438431e-02j), (-1.998908901692203824e-02-1.146840409474277067e-03j), (1.264528878658872989e-05-9.439871896177118044e-05j)
 (-1.801467209720799059e-02+4.663308990038132762e-02j), (-1.267679758916044619e-02-2.197929581128618692e-02j), (5.649578426939901726e-02-6.055158272234545391e-02j), (2.240215442237813645e-02-4.195600839297050633e-02j), (1.598639179294300550e-03-1.758793942086256390e-02j), (2.025632174269015318e-03-8.911821724476659545e-03j), (3.789700142375177633e-03+9.589061906862750978e-03j), (-2.756184568942960002e-05-9.619319973883181654e-05j)
 (-3.770967174994605681e-02-4.059828389415063438e-02j), (4.314827922080125694e-02+8.332311875744288776e-02j), (-2.884015946349360870e-02-3.340563512570207672e-02j), (-5.035641900717102715e-02-2.006485297674709400e-02j), (-2.200262594614999304e-02+8.040637711004900573e-03j), (-6.725025682361794599e-03-8.872017740378702194e-03j), (4.167896306721733876e-03-6.657417975729603560e-03j), (-6.629744363778288766e-05-8.134003040849385562e-05j)
 (3.794496196244078606e-02-3.018715834879616422e-02j), (3.179923903688165049e-02-2.901855708946781895e-02j), (5.890858006631853605e-03+6.579571962859628864e-02j), (6.071653173319862401e-02+6.698322848998122803e-02j), (1.269771967994413539e-02+3.377537066888978978e-02j), (4.979889577809464701e-03+2.126646307479477041e-02j), (-1.275708491937049653e-02+2.928650841697107501e-03j), (-9.694620271932708649e-05-5.144525192161760623e-05j)
 (3.237381123684596879e-02+3.239468308263601659e-02j), (-6.897824113251582734e-02-4.966423066285671761e-02j), (1.268149314965894003e-02-1.209280703264110218e-02j), (-2.410446689337271409e-03-3.063558642128981491e-02j), (3.475557642881496601e-02-2.696747664320200272e-02j), (-1.407901909277960162e-02-1.610228373809904912e-02j), (1.223707437543074782e-02+1.091268255562818229e-02j), (-1.139546661636691089e-04-1.063737581855008792e-05j)
 (-3.075405602705695574e-02+2.911872407513867514e-02j), (7.838947283397353083e-03+4.505070216853222093e-02j), (-1.944304192818389898e-02+1.888527681348611820e-02j), (-8.526818847448079663e-02+7.159773892259697903e-03j), (-4.641771673561172207e-02-3.022518666344592431e-02j), (1.725060193912283588e-02-3.153792763706187580e-03j), (2.799449791949919567e-03-1.403147531820124472e-02j), (-1.137519438618795530e-04+3.501825344912013957e-05j)
 (-2.316416293250206371e-02-2.205495293599530476e-02j), (1.644837004342410147e-02+2.275042050810645658e-02j), (2.074035184398421994e-03-1.404346484004399126e-02j), (6.853013623438850010e-02-7.256661221900495562e-03j), (-1.780043983516514661e-02+3.536918995105170493e-02j), (-2.507315751700655779e-02-4.801458243864163006e-04j), (-1.188313132816194370e-02+5.850170827616824054e-03j), (-9.537830685019176111e-05+7.842441418039704432e-05j)
 (1.192381096091652687e-02-3.034863249885919045e-02j), (1.503391108536553111e-02-2.653257635176211465e-02j), (-1.440625012167069674e-02-3.398196198222608322e-02j), (1.792840028956382142e-02-3.879251039759018527e-02j), (6.623912930618930384e-02+8.895331693148877950e-03j), (2.095106203669055284e-02+2.407504348032612346e-02j), (1.842586755063709697e-02+3.307763739621990412e-03j), (-6.071809801720124539e-05+1.125401025698796764e-04j)
 (4.332742939663516285e-02+1.431457771157115290e-02j), (-2.587754159525580688e-02-5.263014962758093968e-02j), (7.816054536275877235e-03+2.427073720455016903e-02j), (-2.998406575848635430e-02+5.828905772746630770e-02j), (-1.315941550376268504e-02-2.229385374924981733e-02j), (2.335106700492182302e-02-4.267058918711073845e-02j), (-1.658503786375620237e-02-2.122057036089831927e-02j), (-1.429368623520220813e-05+1.314852561116457044e-04j)
 (-1.785847985000168017e-02+4.168497651035033003e-02j), (-2.978159064100556822e-02+6.810146572559155898e-02j), (1.503155454422465398e-02-1.308962746700802204e-04j), (9.388842428126778494e-03-5.231439531941883825e-03j), (-4.548971918553430804e-02+9.080636182211145047e-03j), (-3.972754611665822722e-02+3.837155405897300919e-02j), (-5.384022461122985742e-03+2.487582477540514758e-02j), (3.735521162315784432e-05+1.314908191326170451e-04j)
 (-3.028472876788867660e-02-4.259435967414459956e-04j), (8.063341513417747464e-02+2.949571384396588308e-02j), (-9.505849983435836481e-03+7.000167223704251152e-04j), (-2.954859518820157627e-02-2.823256931825807170e-02j), (2.081953374337938006e-02+1.679016100365858521e-02j), (6.844463654694854168e-03-7.615676579491706399e-03j), (1.029853770413161063e-02-3.531248492783637533e-03j), (8.661802692238083174e-05+1.115445704571360115e-04j)
 (-2.964785946566586908e-02-3.029538844380462448e-02j), (-4.600341942103822190e-02-1.289764990144098566e-01j), (3.839194744380169944e-02-8.583037302986601044e-03j), (1.665002723746222824e-02+2.626493668842641224e-02j), (1.404246435181224356e-02-2.713697678872591459e-02j), (1.784794454459179280e-02-2.469114783271789473e-02j), (3.689767280768738167e-03+1.876875971035656468e-03j), (1.259454510563092747e-04+7.362815177651391737e-05j)
 (3.906137728548948751e-02-4.266295217340526635e-02j), (-4.003643441886216292e-02+9.378618426570997646e-02j), (-5.715133572054362926e-02+1.020610645657577149e-02j), (1.960266231411044585e-02-2.883408989367445760e-02j), (-3.469063722981509390e-02-9.899103395141049463e-03j), (-1.826669430875012268e-02+3.172174502223014392e-02j), (5.205891276462558392e-03-7.102793216803860062e-03j), (1.489966909778818807e-04+2.250228167720016916e-05j)
 (3.243443010079190975e-02+3.355683142234332228e-02j), (7.941288898621987058e-02+2.642159596299584537e-02j), (1.441608163439139778e-02+6.028016466677034446e-03j), (5.486140296174724096e-03-1.099692848199294859e-03j), (4.541919857661300824e-02+4.654392294659125823e-02j), (-9.738630812198268566e-03-3.918918738863515910e-03j), (-1.042620503180788881e-02-1.050441118324717954e-02j), (1.516270488874376537e-04-3.493415122810978875e-05j)
 (-9.343692413136008706e-03+2.034906040312004644e-02j), (-2.912453080809002115e-02-7.296949193833612846e-02j), (-3.376338702532481837e-03-1.405726270266162946e-02j), (-2.335565842348667071e-02+4.463898133849991678e-02j), (-7.930251435094813617e-04-1.976002050216832395e-02j), (3.853493857321459160e-02-2.371068320244810318e-03j), (-4.339355841209344838e-03+2.031848896733088813e-02j), (1.325634139014278184e-04-9.062006369630399205e-05j)
 (-1.893819192495714912e-02+1.439254623093649127e-02j), (-3.357762732989100218e-02+2.126620100205730765e-02j), (1.863638341007834570e-02+2.175830845743976713e-03j), (4.246638613827142389e-03-8.791709417245455183e-03j), (-4.605950680719512330e-02-2.900004572662526203e-02j), (-3.575343172951821191e-02-3.645847459732130813e-02j), (1.752674251669965322e-02-1.255639237500909972e-02j), (9.366114158012065708e-05-1.365002032934124429e-04j)
 (-2.623117481824042280e-02-1.970015449377018890e-02j), (4.255629331246504887e-02+5.312278156437359039e-02j), (1.354645582106779600e-02-1.123023762739421005e-03j), (-1.249633723153521780e-02-4.735320169971895393e-02j), (3.353146140672405573e-03+3.530578125450790916e-02j), (1.346135182915579251e-02+3.807335407459105231e-02j), (-1.538006910011971776e-02-6.712690251491628193e-03j), (3.969827462313768504e-05-1.657116616427110781e-04j)
 (1.504689663105346700e-02-3.354121199142987009e-02j), (5.541648293510906265e-03-3.547022331051358918e-02j), (-3.266493979277974163e-02-1.455952623940878765e-02j), (8.019488895713026283e-03+3.747879987066594226e-02j), (5.682300778844441569e-02-3.677516035047790482e-02j), (1.158414006837577698e-02+1.723178310671870384e-02j), (-8.201370896383779197e-03+1.202342407640509883e-02j), (-2.226733473550326773e-05-1.736109694221050223e-04j)
 (4.321999191198773460e-02+8.839737590391626501e-03j), (-5.272737715548558163e-02-6.079225605400263160e-02j), (1.648187893228868217e-03+4.790406981441684003e-02j), (1.992576199331753950e-02-2.093867820983234818e-02j), (-3.914018357976092877e-02+3.873952535275212994e-02j), (-5.706366474145518897e-04-3.505772371663162107e-02j), (1.732734620501365230e-02+7.315278689687742392e-03j), (-8.388628633643591505e-05-1.584865081021146361e-04j)
 (-4.709914077743022030e-03+5.090226804655247073e-02j), (3.587373490044301616e-03+6.774707712874197818e-02j), (1.078631157889513303e-02-1.686865258809649992e-02j), (-1.285373348226859919e-02-3.458851069726237570e-03j), (-4.550686598154558837e-03+1.315869959779504897e-02j), (-2.471995569215815203e-02-1.480463494561249163e-02j), (-2.727700589952797988e-03-1.447126701673071697e-02j), (-1.367069509613573779e-04-1.218472628203482355e-04j)
 (-4.945699952525132309e-02+6.292340303681639296e-04j), (8.791055595563231073e-02+3.716307222741122018e-02j), (1.987089483326544975e-02-2.979908208518726453e-02j), (9.424908008203961018e-03+2.549173891110750878e-02j), (1.078287496872940010e-02-5.759130635130498693e-02j), (-9.855241546862097968e-04+3.976195796306225549e-02j), (-7.373767386823826264e-03+2.645317270386665642e-03j), (-1.733904960648549023e-04-6.824192362628453065e-05j)
 (-1.263830513889491192e-02-3.741865089870911876e-02j), (-6.326445663322841084e-02-9.692231443136450908e-02j), (-3.347192707813698154e-02+8.694465800251438212e-03j), (-3.041843831251717784e-02-1.298315743295559710e-02j), (-9.362058771697627166e-03+2.740148414697288551e-02j), (3.945030348945062493e-02-2.058651880083732510e-02j), (5.219561967830785298e-03+1.327115214542311933e-02j), (-1.887716065170529024e-04-4.632503318577617683e-06j)
 (2.167767771733782739e-02-3.361221463786740610e-02j), (-7.559392452762782322e-02+5.193965156024797636e-02j), (-1.868559261178259767e-02+3.847948383397453015e-02j), (2.639939678921177785e-02+1.841962685154520385e-02j), (2.035827075000211372e-02-1.054986076126682507e-02j), (-3.313959475955779305e-02+1.874683925593145783e-04j), (8.151192630537984485e-03-2.213585939608133865e-02j), (-1.806073552696467639e-04+6.058664554291724996e-05j)
 (5.649315224499391885e-02+1.444558906056805925e-02j), (1.181228744118197060e-01+2.294482362034436229e-02j), (4.738195123055302660e-02-3.698464638527555748e-02j), (2.058658574158674787e-02-1.847569993455085158e-02j), (-2.917888582000151276e-02+1.460076260476971671e-02j), (1.341866758726144825e-02+2.216693923878512371e-02j), (-1.997398766588138336e-02+1.415385841548791324e-02j), (-1.499029123248705325e-04+1.187803771002006052e-04j)
 (-1.849402322974217153e-02+6.472911737121220255e-02j), (1.037057934093207727e-02-5.304605402352393501e-02j), (-1.508115345229865505e-02-1.908730808038006099e-02j), (-6.734388542707485381e-02-2.113241039138138988e-04j), (3.374038739121680563e-02+9.279898849572316977e-03j), (-9.003883194260483419e-03-3.215269347756723184e-02j), (1.425254554591010719e-02-6.651368345685967215e-04j), (-1.007658025297176226e-04+1.622992874469877337e-04j)
 (-5.141654488708171516e-02-1.805623467209953661e-02j), (-8.903321244443331006e-02+1.346593447999262783e-03j), (1.333739847146214741e-03+2.133390118306846550e-02j), (4.897382412357566273e-02+1.848425586581894584e-02j), (-3.815966472713840790e-03-1.013097188924708819e-02j), (-1.079024213647100661e-02+1.489259871395634538e-02j), (1.408155510628729748e-03+9.562918588919867846e-04j), (-3.981070296409321260e-05+1.855605178268760565e-04j)
 (6.603312289032436944e-04-3.434993607075450400e-02j), (1.795972705728150765e-02+6.043821762808591902e-02j), (9.926492365719755129e-03+1.442477472337718586e-02j), (5.201695165790859443e-03-4.422455274727667140e-02j), (-3.469770230682298756e-02+5.721106139230415499e-04j), (2.442918539757585675e-02+9.277452607397644602e-03j), (-5.567079001269702176e-03-1.286230715869032468e-02j), (2.479632044539768581e-05+1.858241130671023811e-04j)
 (3.188901562826353814e-02-1.827306630906162799e-02j), (6.116311793993382817e-02-2.847238347402403225e-02j), (-1.307433669594568887e-02-4.694541250005658528e-03j), (-3.215353620596544948e-02+4.744568643138261099e-02j), (2.260174517363316982e-02-1.941896719627717732e-02j), (1.460793172636261350e-03-5.957154139055148567e-03j), (-4.466146113319038879e-03+1.327171146857377554e-02j), (8.451180782895665970e-05+1.635520239933309719e-04j)
 (1.713021929085813133e-02+3.107919353745606725e-02j), (-6.734042159113021175e-02-4.638018684300414252e-02j), (-2.167508383394541396e-02+6.551843843046729551e-03j), (5.184380008887601310e-03-1.452720416916256779e-02j), (-2.492967273259978980e-02+3.761037436192882916e-02j), (-2.860609680757911916e-02-3.599424048177916891e-03j), (3.346610883086048593e-03+2.855500417821107972e-03j), (1.316328990542427722e-04+1.222994690439195651e-04j)
 (-8.772376765122772563e-03+6.479078126183712011e-03j), (1.211453236294304792e-02+4.179899051560096584e-02j), (3.889883597741168597e-02+3.614330884575040620e-03j), (1.976850809701857781e-02-4.834170207639071348e-02j), (6.294283829923882911e-02-8.842049584087761926e-03j), (2.506564446735269971e-02+2.029628517248874275e-03j), (1.583333714142497878e-02-8.296065389583551219e-03j), (1.603794794042449163e-04+6.815831302349283473e-05j)
 (-1.202212587483372438e-02+2.294332420028875885e-02j), (7.703985990501402426e-02+1.935898001471277052e-02j), (-3.103599523709196090e-03-4.354442412276191693e-02j), (3.149471439026853281e-02+6.133598744042620399e-02j), (-2.008989576800107590e-02-5.073512211016398266e-02j), (-3.154177647498708492e-03-2.324207852262550819e-02j), (-2.732601971008782535e-02-8.483915537683663077e-03j), (1.676820662189924729e-04+8.838783928902043622e-06j)
 (-3.077555678645013670e-02-2.544362620739323150e-02j), (-8.733328528017333947e-02-5.076216940059007088e-02j), (-3.372596072215122698e-02+3.015180951527276706e-02j), (-6.122867823918148877e-02+3.767876124583111053e-03j), (-4.715828005867314654e-02+4.969169163589068350e-02j), (-2.682673429785870090e-03+2.261004983395791673e-02j), (1.072629762038494750e-02+2.623828973396168801e-02j), (1.535621616168593179e-04-4.747083449627769402e-05j)
 (1.464274450794841864e-02-1.608972717827733892e-02j), (-2.117887438411789752e-02+5.603326590433341248e-02j), (6.115787119412935402e-03+1.333293855551242330e-02j), (8.936931096626441612e-03-2.514794200591972950e-02j), (9.376303216835801813e-03+7.755683697833609669e-04j), (-9.208337392853586933e-03+2.826939875289032067e-02j), (1.631050807978002073e-02-1.181524464853967241e-02j), (1.210536949559725783e-04-9.329493103399545554e-05j)
 (1.208383107680774740e-02-1.808287482457514306e-02j), (1.004466060207045985e-01-4.597289148676396431e-02j), (2.544376272203664746e-02+4.124494633926945042e-04j), (4.424616313378501586e-02-1.154313245387064008e-02j), (2.476457052597253600e-02-2.253227330407978068e-02j), (3.181005000651247056e-03-3.181484925387335905e-02j), (-8.449279003782707298e-03-1.707986995227108243e-02j), (7.568338106217443670e-05-1.229342266429767918e-04j)
 (3.572474152019407267e-02+2.422109076714707918e-02j), (-4.224205586981486654e-02-1.117386348056505219e-02j), (5.829403756928489000e-04-5.209000658017284152e-02j), (-6.003962394583178125e-02+4.430215779768950646e-02j), (2.080497449959764489e-02+4.859401439618402790e-02j), (2.618269894667384773e-02-9.788653916437448088e-03j), (-1.274846894575349526e-02+1.099671101954879417e-02j), (2.459379773254240405e-05-1.332458125359402669e-04j)
 (-2.307817975890751050e-02+2.860269310333662940e-02j), (-5.635819674618001984e-02+7.700013996495735924e-02j), (-2.538480982785914358e-02+1.782051970356096637e-02j), (8.311408000692077636e-03-2.602318986929274408e-02j), (-1.759355251142939724e-02-6.707972950000253010e-02j), (-2.938470119597818425e-02+2.891496107837752960e-03j), (5.140642675688401886e-03+3.792065576746047467e-03j), (-2.455425024503721221e-05-1.240274301752899988e-04j)
 (-2.604724758391247647e-02-2.987959608485406260e-03j), (4.856371757028724034e-02-4.451626636809378340e-02j), (8.555311295098316782e-03+5.778811711363655845e-02j), (3.496079964487215641e-02-3.936121034283807107e-02j), (-6.159464384884381916e-02+1.706787385253027978e-02j), (-3.409189864245751322e-03+2.285595914936192075e-02j), (5.618311539463873711e-03-2.851790055108001376e-04j), (-6.473188972925506164e-05-9.795485107544756129e-05j)
 (-4.951617592315834572e-03-3.751249290732220493e-02j), (2.510520145339778519e-02-3.905756162717521907e-02j), (2.602101310040794147e-04-3.812357308323330307e-02j), (1.610071931817963486e-02+2.360689736014950912e-02j), (6.232593971197331051e-02+5.481949329542228078e-02j), (3.490367111923465410e-02-1.604520272280270804e-02j), (-8.446263405405997696e-03-5.434198457230025869e-03j), (-9.057084782936901586e-05-6.008939382719827001e-05j)
 (3.566257786605921826e-02+9.355601530660079962e-03j), (-4.142548300410179435e-02+5.366755523629715419e-02j), (2.709893498858926067e-02-8.846140358994628028e-03j), (-2.099410399661030824e-02+1.794514980930253523e-02j), (1.626341465132423447e-02-9.157227067934681219e-02j), (-6.134294958995528679e-02-7.951765541381855540e-03j), (4.293787062474276051e-03+1.139401624139162877e-02j), (-9.911729571858143774e-05-1.703754310678319908e-05j)
 (-1.742028227729517861e-02+1.242959153311162107e-02j), (-1.052185913926368885e-02-1.092624006372606982e-02j), (1.186453363823255017e-03-5.882034612744183044e-03j), (-2.534408889269706977e-02+2.299867000947175555e-02j), (-5.403376988504014766e-02+4.488235801314402473e-02j), (5.900408587127356497e-02+3.053651411196756094e-02j), (3.098251062713774928e-03-4.206452414737209267e-03j), (-9.020135587463947585e-05+2.410356988858920963e-05j)
 (2.256359932385968228e-03-8.220767539972362314e-03j), (1.537865417533261503e-02-4.256811950056986482e-02j), (-7.504808898706938347e-02+3.118572758572087100e-02j), (1.879509237684906520e-02+1.400735972402958676e-02j), (6.780727460123089911e-02+5.763799679991975233e-02j), (-3.708776896808707590e-03-2.782537136455520699e-02j), (8.637251239032271710e-03-2.800372324253043443e-03j), (-6.637285343323085819e-05+5.685021745483782732e-05j)
 (8.136560263032437124e-03-3.748482938381553914e-03j), (2.939625868073535847e-02+5.085484961415037697e-02j), (4.883252717807531201e-02+3.927970950886768009e-03j), (-2.714553199707464559e-02-8.642761203935210579e-02j), (-2.690988630888113686e-02-8.335002472861684220e-02j), (-4.105774929111440097e-02+8.225676419324895461e-04j), (-1.520113351949695796e-02-1.495870154582721462e-02j), (-3.242092795477938749e-05+7.631570328302331998e-05j)
 (3.830601286173851427e-03+2.605594901303628919e-02j), (7.072492882450945317e-04-5.226817379827164434e-03j), (1.168082579218208614e-02-5.169474373357038632e-02j), (1.189870587572089758e-02+1.012272119698303524e-02j), (-7.658885214499046301e-02+1.522310476448546224e-02j), (1.092681328096117843e-03+1.709681587415709525e-02j), (-5.867719486924362349e-03+2.526718696077258700e-02j), (5.441234295250319507e-06+7.992439456167254848e-05j)
 (-3.326206857015502616e-02-1.220579113808366312e-02j), (-5.296965942345484291e-02-3.315157830679883039e-02j), (1.672535892567630911e-02+2.454545294285107038e-02j), (4.743175824125231421e-02+6.759128218888091344e-02j), (7.542147898264089934e-02+2.205337884659133718e-02j), (5.702021972057743499e-02-1.206500418973355249e-03j), (2.005582691329747119e-02-8.739159443723346077e-03j), (4.059478724722961592e-05+6.775048998369244792e-05j)
 (1.669437965459332970e-02-2.004168598825917247e-02j), (3.311732754414295488e-02+1.377346872365131994e-02j), (-3.040564358932229538e-02-7.731369322992315274e-04j), (-2.592718205084760044e-02-3.351594226946796873e-02j), (2.711765253312109492e-02-1.742653748558919968e-03j), (-3.127846073812686617e-02-2.987987638397200663e-02j), (-1.161377212859087543e-02-4.507145473218225618e-03j), (6.707528639167804983e-05+4.243521538832182530e-05j)
 (1.692314849989531508e-02+6.512349277943427564e-04j), (1.200311395609879317e-02+5.112564216722995103e-02j), (-1.765270912392923053e-02+2.499555924951519029e-02j), (-2.320628014486278770e-02-4.892934004818938476e-03j), (-6.488931078235068983e-02+1.182563298287836462e-03j), (-1.010999027986754506e-02+1.775464125136188773e-02j), (8.452567425147293478e-04+3.508829583594642865e-03j), (8.050853269674692475e-05+8.702079778908386291e-06j)
 (4.624745869224702183e-03+3.494162700486794226e-02j), (-1.274991001122345938e-02-5.716905371318883877e-02j), (2.096758608155327441e-02-1.001799696577793802e-02j), (8.053867712819681030e-03+2.615317544261854671e-02j), (2.512940753572034946e-02-3.610388846692236253e-03j), (-3.489243326181001859e-05+1.182326173111490630e-02j), (5.894180410603706149e-03+4.267130675105656329e-03j), (7.877760113840569060e-05-2.744788969591242540e-05j)
 (-4.179776865915586781e-02-1.147984364876898297e-02j), (-7.361042143514934244e-03-1.818922784595933262e-02j), (4.327329968333112897e-03-2.358093229746602293e-03j), (-5.999562817204123766e-03-5.227257210938154874e-02j), (3.498162807864072660e-02-1.741055780989051241e-03j), (1.743948821814514383e-03-5.328390444658825942e-03j), (-3.878116198781644819e-03-1.562594036944569068e-02j), (6.232001652312909668e-05-5.973000049806342221e-05j)
 (1.445487318124968196e-02-2.532659767090655184e-02j), (-7.167952536443741862e-03+5.385604054449921740e-02j), (4.061853733594168736e-03-2.285737037919562120e-02j), (2.883527802343680002e-02+1.200234689220352341e-02j), (-5.712093707518347413e-02-4.015468745946780549e-02j), (5.891722842159635709e-03-8.153873510972908800e-05j), (-5.445624194791877544e-03+1.994249349923716413e-02j), (3.401296618039119878e-05-8.259967217620915649e-05j)
 (2.138230704187468745e-02-8.801295875624226550e-03j), (3.123742162775984543e-02+1.689955130851535092e-02j), (-2.468544404391579544e-02+3.230152627383547914e-03j), (2.726926799281109356e-02+5.365157889969648236e-02j), (-1.687622175399802055e-02+7.030812731238886282e-02j), (-2.970043477025582565e-03-4.968412139808572880e-03j), (1.547885217991591678e-02-1.776887895175321974e-02j), (-1.330514480276268497e-06-9.214378951814762488e-05j)
 (1.900846288581932442e-02+4.555654560678232268e-02j), (-1.874622046019382149e-02-7.064465276513383352e-02j), (2.266485918174895864e-02+2.533866706158596771e-02j), (-7.228241864885148749e-02-2.220230471537257277e-02j), (8.986152486870199740e-02-7.451615642576597809e-03j), (5.139929147574724688e-03-1.108106207084506856e-02j), (-2.534678727297645651e-02+3.677033299190279880e-03j), (-3.777043607688918394e-05-8.669949639645061455e-05j)
 (-5.771324313471015710e-02-4.192534907343618139e-03j), (-8.769555111355645249e-03+4.817891659985508446e-03j), (8.849561316775708675e-03+6.669792905723781473e-03j), (-7.426281341603030439e-04-1.959732494502733346e-02j), (-5.607257341067861667e-02-5.163652521945413798e-02j), (7.959993041051126317e-03+6.232398579369469171e-03j), (1.519970024069342007e-02+1.910290430212657764e-02j), (-6.922239205017636284e-05-6.710432112840822088e-05j)
 (2.034705030691148775e-02-3.407517353013408967e-02j), (6.642121399241252000e-04+5.283528961309549854e-02j), (-1.763275951268462177e-02-3.016876325227878242e-02j), (3.205263634112964777e-02+3.585853088491908203e-05j), (-2.155092033320715750e-02+3.044384998174033685e-02j), (-2.427279903321072352e-02+2.095846853290175837e-02j), (1.130596802373498577e-02-2.065773850710872495e-02j), (-9.045568505622341880e-05-3.654039622684039949e-05j)
 (1.491161680216604446e-02+0.000000000000000000e+00j), (1.610437849235712982e-02+0.000000000000000000e+00j), (6.419578161087284573e-03+0.000000000000000000e+00j), (-5.266207376868892176e-03+0.000000000000000000e+00j), (5.514238996081141653e-02+0.000000000000000000e+00j), (2.617370011849962097e-02+0.000000000000000000e+00j), (-2.367540574037285683e-02+0.000000000000000000e+00j), (-9.794732832791078724e-05+0.000000000000000000e+00j)
