 (2.299773271532604482e-02+0.000000000000000000e+00j), (1.200760342097971778e-01+0.000000000000000000e+00j), (3.417016967873811595e-01+0.000000000000000000e+00j), (2.175996133577800529e-01+0.000000000000000000e+00j), (8.266172848559878439e-01+0.000000000000000000e+00j), (1.664805906121984980e-01+0.000000000000000000e+00j), (-2.199063062347412500e-01+0.000000000000000000e+00j), (3.494924072715652891e-03+0.000000000000000000e+00j)
 (-2.336204364905333508e-01-6.042726284847443896e-02j), (-3.745415480561802846e-01+2.657426967292901843e-01j), (-2.758959476016416001e-01+1.732481892811824353e-01j), (8.692398124717923280e-02+1.648087714549952842e-01j), (-5.961458257334877331e-01-2.147273966197742467e-01j), (-1.993768291189521036e-01+1.212189764221831279e-01j), (1.578362828393557460e-01+3.128869943393747244e-01j), (2.927714813108811716e-03-1.812944312412472989e-03j)
 (1.983769127650124864e-01-3.153951338196354093e-01j), (8.269271142243985739e-01-2.142229318094697188e-01j), (2.069946708993050943e-01+2.817629345904814828e-02j), (-2.214828140470993523e-01-2.934463581311205216e-01j), (8.132223676717423300e-02+1.711076140671022594e-01j), (7.917354775486981633e-02-3.514695021410501052e-01j), (2.119587975783859546e-01-5.436705056694451921e-01j), (1.453179883810873634e-03-2.955524848158702297e-03j)
 (2.610561982333916564e-01+2.068583044501888790e-01j), (-6.755831145525597048e-01-4.301269337834475737e-01j), (-2.979561247601965057e-01-3.407256570642607230e-01j), (-5.227738559651257111e-02+5.806021477962342026e-01j), (4.257471671532734869e-01-2.644139557730663115e-01j), (3.034396607116435218e-03-2.480233305695125900e-01j), (-6.754220584004133610e-01+2.320483738511052718e-01j), (-3.447797156555076469e-04-3.036624187316813890e-03j)
 (-6.662912342265585319e-02+1.903644059671628919e-01j), (4.155912847934065818e-02+9.904575102898567351e-01j), (5.270637658498564249e-02+3.826915786755865495e-02j), (3.654461953413835062e-01-3.262287630528313276e-01j), (-4.281225604219288106e-01+4.002397552423173632e-01j), (1.029352846299275703e-01+3.279814278855925913e-01j), (5.726469901852160316e-01+4.365298048297804323e-01j), (-1.774535139014097153e-03-2.101899576557086750e-03j)
 (-1.526037156705793429e-01+8.093170071399601040e-02j), (4.023344897980598578e-01-6.750095555736531638e-01j), (4.421711202048352884e-01+9.255162150760778972e-02j), (-4.788659564504151867e-01-3.974828731124049330e-01j), (-5.786019024729030513e-02-2.156217432790171751e-01j), (9.770462034492627401e-02+4.172794561280421810e-01j), (1.036709266780385802e-01-6.986182239899731972e-01j), (-2.327728015941440270e-03-6.021695598441575243e-04j)
 (-1.290442537723038852e-01-9.879918277041575825e-02j), (-5.436312168267773970e-01+1.071015119003663682e-02j), (-2.056732651711820903e-01+2.200090083445324640e-01j), (1.969856186377271778e-01+5.542411514242626680e-01j), (-7.266971492632771923e-03-9.630364559811160907e-02j), (-1.790021969330268803e-02-1.165230546391552158e-01j), (-6.387996162555558133e-01+2.634869978730804418e-01j), (-1.884964946494522772e-03+8.107490533838685462e-04j)
 (-1.692270780944569487e-03-9.791479098833494321e-02j), (3.289471580211608126e-01+2.790859526440549465e-01j), (-2.355604537736313842e-01-1.250182137961637630e-01j), (8.000747781405298520e-02+1.239221396587968232e-01j), (7.131235958505257599e-01+2.681467594711829383e-01j), (-3.264969244101658674e-01-4.241005593057442513e-01j), (5.180124169538081746e-01+3.418952535764130385e-01j), (-7.483556125695921919e-04+1.568333977578405258e-03j)
 (4.510581459948276306e-02-1.044413402754378051e-01j), (1.101844082296356830e-01-8.841642454332998557e-02j), (4.088286433625092087e-02-2.781070316356197836e-01j), (-2.428478368562894119e-01-1.819708747611306632e-01j), (-6.350709412525478159e-01-4.600740246432336034e-01j), (-1.078252525216719104e-01+1.335743513415882933e-01j), (-1.490844465799878032e-02-4.947902507131157201e-01j), (5.089895191872037018e-04+1.423669877099309651e-03j)
 (1.533059856544123356e-01-2.008102344405490042e-02j), (-4.586493529529513946e-01-2.542604881763254054e-01j), (2.874541308288045549e-01+4.676677946244326423e-01j), (1.181798975108490773e-01-5.310450435250448908e-01j), (-3.186669499388532500e-01+6.450847628862950156e-01j), (4.598069277855960646e-01+8.249886877441317545e-02j), (-2.656023074987685639e-01+2.024761130604517123e-01j), (1.305288448031880627e-03+5.407129792255479205e-04j)
 (1.073672765693330922e-01+1.369326016167914661e-01j), (6.029172510644206784e-02+3.921203768362072628e-01j), (-3.992675831510295037e-02-2.305305719549152407e-02j), (-3.396740867083478110e-02+1.652989685369282979e-01j), (7.047553637459786913e-01-3.613139746833810007e-01j), (-8.933926559334873230e-02-8.074018632410008556e-02j), (1.392169622368020221e-01+5.839379346226481610e-02j), (1.305263850440985512e-03-5.999912548258299477e-04j)
 (-7.259669787957086229e-02+1.937906039731117636e-01j), (8.474224409142939729e-01-5.310624750139221195e-01j), (-5.876666673435875232e-01-6.552477629391573188e-01j), (-8.243436915649836327e-02+4.984960489822725660e-01j), (-4.646011149612374602e-01-7.028683992773271383e-02j), (-1.332395326068296360e-01+1.515718790827195184e-01j), (7.507548844775083219e-02-1.785569913150944488e-02j), (5.556264550814007681e-04-1.431163189553539584e-03j)
 (-2.369104385637983146e-01+1.725066228298040294e-02j), (-8.785400021959266503e-01+2.615012647955510250e-01j), (4.460516575000814665e-01+4.350035928686680209e-01j), (3.455801190539709022e-01-5.688114711054974987e-02j), (3.747160910572424064e-01+1.300633528897442714e-01j), (1.606055834628335177e-02-5.207703575844929711e-02j), (-8.113648196864228779e-02-1.562911530280335637e-01j), (-5.550098977260297696e-04-1.557251606762043552e-03j)
 (-1.008851736890032658e-01-2.136222605706906141e-01j), (2.749903405505649268e-01+7.137239782017834600e-01j), (6.243497305369642980e-01+3.259992703444523077e-01j), (1.589146722300270598e-01-6.318634643976082099e-01j), (-3.461727419404162509e-01-2.396033736925329283e-01j), (2.281705808988995082e-02-1.367069378760922826e-01j), (-8.031432468924246115e-02+1.885475832266468865e-01j), (-1.487412558308822156e-03-9.250951198728987355e-04j)
 (1.317200930935383263e-01-1.465035651084666823e-01j), (-5.078465216756242184e-02-9.555507742902896728e-01j), (-8.310834282108150450e-01-2.359151637351817321e-01j), (-6.283959862928336637e-01+1.803638714365896067e-01j), (1.017721818186664295e-01+5.766534448921083467e-01j), (9.711690183323016742e-03+4.250196147478065012e-02j), (1.791721196265170235e-01-4.982790429101618956e-02j), (-1.802808443269838514e-03+1.664440561554018558e-04j)
 (1.463045121956275119e-01+2.341103748588661132e-02j), (-1.703240136949398520e-01+1.183234831520187935e-01j), (-3.420876194735115172e-01-1.989216760558575881e-01j), (2.384181880774907392e-01+7.379476847670792816e-01j), (2.199307335926980467e-01-6.948508931660752896e-01j), (-4.847323232631676332e-02+5.448571838989294674e-02j), (-1.533334677837202009e-01-8.860877229113896247e-02j), (-1.358505522511402287e-03+1.216166323904141434e-03j)
 (6.842762693094461834e-02+1.108119450516045490e-01j), (3.544261884713094668e-01+3.449077904151243712e-01j), (7.122590421162537933e-01-4.044616772940516636e-02j), (4.592914216913934200e-01-3.085455725557348927e-01j), (-4.938478254633114073e-01+3.404002202959488521e-01j), (1.240014286350105965e-01+6.729177403688091363e-02j), (8.734151309777597738e-02+1.659302365923984168e-01j), (-3.617952165731902502e-04+1.755962247083354879e-03j)
 (-4.583324947712760777e-02+1.157558375541038742e-01j), (3.861887524354722101e-02-1.383372474603313251e-01j), (1.891225665343103657e-01+1.637114092607872551e-01j), (-4.789223989152561756e-01-3.114531741560021549e-01j), (6.923909362002100831e-01+2.644286181977819616e-01j), (-1.537708732983856380e-03-1.379779951045628783e-01j), (-2.982478239207431853e-03-2.017313373378752939e-01j), (7.369556212946019955e-04+1.562147869999672188e-03j)
 (-1.170659823407891459e-01+3.873436914325754932e-02j), (-4.796345002149512426e-01-1.983443847414486094e-01j), (-4.477075203181292151e-01+2.653302705053505184e-01j), (-3.925391488888888558e-01+1.035864869834477731e-01j), (-4.622934902853040318e-01-6.768220709154968429e-01j), (-8.238817474508916550e-02+8.533021878152535766e-02j), (-1.145532257895119227e-01+1.874147105119559065e-01j), (1.457445850286011009e-03+7.476937297060424559e-04j)
 (-1.084419609997510497e-01-7.600144732686200943e-02j), (4.081038270935207213e-01+5.408931375528069907e-01j), (-1.132170417923707567e-01-3.703309439257332913e-01j), (3.211453779265874831e-01+9.903673061032837455e-02j), (-1.384182462815489179e-01+6.615584682942412531e-01j), (5.825646486335727542e-02+9.120713320457861373e-02j), (2.523204107515477079e-01-5.943647290490466223e-02j), (1.507862125812701841e-03-3.020717216048748139e-04j)
 (-9.313944861894277519e-03-1.258282070316691370e-01j), (9.071739919890034476e-02-6.410863284383918614e-01j), (1.978178797146277756e-01-1.474581145546660366e-01j), (3.994069798142242389e-01-6.586848981096990463e-02j), (4.473879448351947841e-01-3.195061988407896791e-01j), (-1.453767951957513072e-01-6.977783736927622993e-02j), (-2.493371485121088915e-01-2.085862062236407688e-01j), (9.088943648735722629e-04-1.114979294594704417e-03j)
 (8.778798076795046867e-02-1.147628203009019021e-01j), (-7.178217567222544560e-01+3.990282579121616213e-01j), (1.835083352917609434e-01+4.158294301475868315e-01j), (-2.806760409097368569e-01-2.997026368387998296e-01j), (-4.764541295826495437e-01-5.137889821665630324e-02j), (-4.054707073410509371e-02-9.982197067904469145e-02j), (-1.894272190476308654e-02+3.705740679883032795e-01j), (-2.953140586094423034e-05-1.349379760418574839e-03j)
 (1.785900032314615138e-01+1.714907367696097765e-02j), (8.621238641272955805e-01+8.135149564259479271e-02j), (-1.166319021033335041e-01-1.056058278630818692e-01j), (-2.640328705069296122e-02+1.742948138248238132e-01j), (4.268626677997481300e-01+3.967269969741675784e-01j), (1.805106606882631581e-01-1.510315523020519524e-02j), (2.899489321019050880e-01-2.054763803998762017e-01j), (-8.622777533961013081e-04-9.427555658464688380e-04j)
 (6.814641810281571455e-02+1.610013463411350543e-01j), (-4.625440628154852685e-01-6.427516926225795846e-01j), (-3.157223726374265294e-01-1.073046438470271757e-01j), (3.069695510085760914e-01+2.892160061003085092e-01j), (2.849844109644579515e-02-6.296121797080026505e-01j), (-2.264374171081896120e-02+5.718641312000473376e-02j), (-3.021340044820289283e-01-6.905460238177456300e-02j), (-1.217918021586789556e-03-1.263697753625685660e-04j)
 (-9.603880182187134185e-02+1.488366469430935646e-01j), (-1.942666734803745812e-02+6.285266590691453992e-01j), (4.244282900069713538e-01+6.663737431766385277e-02j), (-2.864074335690599549e-01+2.323985240124620544e-01j), (-6.234416759882719372e-01+2.286995855828243274e-01j), (2.864263223681191850e-02-1.209369770445258008e-03j), (1.803647970772402354e-01+2.359126067514912828e-01j), (-9.644227160154432692e-04+6.951575808241750639e-04j)
 (-1.897573296794298758e-01-4.425975090528996847e-02j), (3.904441454711007342e-01-1.483765825526051629e-01j), (1.298500093684265555e-02-9.114975696882911260e-02j), (-1.449007816165371054e-01-5.234426110520791209e-01j), (4.833714415665502084e-01+4.951410465989770637e-01j), (5.005139486368409552e-02-1.548976556290821045e-02j), (3.576712631576401541e-03-3.367583441643199338e-01j), (-2.572783028486610784e-04+1.138202716263079280e-03j)
 (1.358243419056890701e-02-1.738156551388686522e-01j), (-2.290220206805643754e-01+5.002635578906831915e-02j), (-4.303098537780518096e-01+2.399373333371265238e-01j), (-1.216973289061083416e-02-2.808559735288608250e-01j), (1.788106609722132090e-01-4.836942993958987524e-01j), (-5.595492607518785105e-02+1.751480780627813760e-01j), (-2.836669196471510723e-01+2.581364899314578243e-01j), (5.470282891396024191e-04+1.015610237717769638e-03j)
 (1.359180510763296490e-01-2.718243336204712382e-02j), (-2.270904846151037548e-01-1.847198002704353859e-01j), (1.458757185642948206e-01-6.701569684690317219e-02j), (2.894252887200934876e-01+7.336402575421911987e-01j), (-3.089296756169674363e-01+1.929779806820941176e-03j), (-1.331077191752365052e-01-4.175311715280601715e-02j), (3.925589221879799418e-01+1.002451402124970442e-01j), (1.066222511629575645e-03+4.129970495058408499e-04j)
 (7.560249711652805571e-02+1.193497370718318018e-01j), (6.278789586996127992e-02+2.087510202847474294e-01j), (1.696860265461803130e-01-2.891062808347929503e-01j), (-3.062878244619347823e-02-3.878888623590977525e-01j), (1.337144028795638206e-01+9.126199937836795839e-02j), (-7.384552052253379184e-02-1.690220325373609778e-01j), (-1.116367880404129653e-01-3.899927010869939092e-01j), (1.070950910511472842e-03-3.650731688721361025e-04j)
 (-1.118435289737922111e-01+9.438028992732572231e-02j), (4.351183125418879860e-01-2.094211678354575557e-01j), (-5.124079746494115267e-02+6.263222160774044311e-02j), (-2.553091328404447635e-01-2.408563589207434463e-01j), (-3.015189838503511410e-01-1.366647254972248593e-01j), (1.691259392268112671e-01+1.348912578421159955e-02j), (-2.369707737590116825e-01+2.814437894863152101e-01j), (5.836951741313388658e-04-9.481662439496344342e-04j)
 (-7.649743651582040227e-02-7.316683594223305498e-02j), (-4.367783700693899096e-01+8.987143251676203703e-02j), (-5.245443007406865032e-02+1.402718796848770322e-01j), (5.475907911176816079e-01+4.726689223916026861e-01j), (1.166616069357604979e-01+4.252059425407352933e-01j), (8.217581688918559890e-02+3.012984579191535506e-02j), (2.968065646828238480e-01+4.997380032256693028e-03j), (-1.446853883561680532e-04-1.076390380180437681e-03j)
 (1.393648314221438214e-02-5.384369901587212487e-02j), (8.871079221972072437e-02+1.711080943007513566e-01j), (1.334647285468439082e-01+8.082868185672288652e-02j), (-3.820468025561485348e-01+9.065712248799748241e-03j), (5.182609935983308880e-01-2.584351342844936061e-01j), (-7.872783830280222217e-02-4.335800439966444597e-02j), (-1.707429548702897315e-01-1.834077713786617103e-01j), (-7.642941350042374961e-04-7.164702410225448886e-04j)
 (3.830653035899423547e-02-1.093749155405557283e-02j), (5.153704715862690577e-02-3.430152457523361065e-01j), (-2.005413541035877198e-02-3.119761769260340212e-02j), (-4.318939879552138317e-01-1.892150690909034372e-01j), (-3.915416034665501477e-01-3.181034253135013312e-01j), (4.159551312557929759e-02+9.882957357689570177e-02j), (-8.495552159720465984e-03+2.623199015307760007e-01j), (-9.958845149042833220e-04-6.562051312637717532e-05j)
 (-1.385028666131402769e-02+9.425538486098877095e-03j), (-1.340127621674111480e-03+2.657907957962540868e-01j), (-1.593649133060451861e-01-1.049730679031757735e-01j), (5.599686053343361225e-01-2.417754752627483961e-01j), (-2.842993194380055710e-01+2.696142667114123093e-01j), (-9.914476490835915506e-03+8.645281128207413235e-02j), (2.217769819179759017e-01-1.831831740791705632e-01j), (-7.590425013281095878e-04+5.536341685884065868e-04j)
 (3.157573584326641564e-02-4.537556262129205376e-02j), (5.018039582900030160e-02-2.566560906577194934e-02j), (6.206157329518217913e-02-3.804636536715409745e-02j), (1.309945020330372523e-01+3.678807104856011145e-01j), (2.134183653011066939e-01+2.147416800574502849e-01j), (-1.359251016517036836e-01-7.789243636789955350e-02j), (-2.549982799895400554e-01-6.892118727813542622e-02j), (-1.999602630204518842e-04+8.531065673898009013e-04j)
 (5.517685371743156347e-02+4.993692998289522844e-02j), (-1.315096771962736000e-01-1.436349926989267667e-01j), (3.856549156288215791e-02+1.844372420273008573e-01j), (-3.454774146473896801e-01+4.830451837417052557e-02j), (1.953991622003320439e-01-9.724175900016575336e-02j), (3.407409242512128567e-02-1.074856289965975542e-01j), (3.801298588381086391e-02+1.864589023970734116e-01j), (3.901135805152797643e-04+7.148023025522969682e-04j)
 (-3.422120595033567581e-02+6.342238017317779197e-02j), (2.615316156252085744e-02+5.045663418803474770e-02j), (-3.328883859132228396e-02-2.531640611095242743e-02j), (-6.585238229661877218e-02-4.507269658421457770e-01j), (1.474583010362748303e-02-2.136442866274692043e-01j), (1.336483662981586273e-01+5.310284494315885978e-02j), (9.172236424125870813e-02-4.808765281797586222e-02j), (7.222591825228443299e-04+2.390869073791278157e-04j)
 (-8.586609180933831020e-02-1.552488578185986720e-02j), (1.167663765355391042e-01+1.270760737702738563e-01j), (-3.702237216255271912e-02-2.507331903003639506e-01j), (2.638910718778337272e-01+2.599247692218319972e-01j), (-1.982671789903692194e-01-1.553430000072349680e-02j), (-4.467562473772148518e-02+7.515160646622509599e-02j), (-4.636132358277894605e-04-2.866709726013401405e-02j), (6.497894420338064855e-04-3.144375348002034017e-04j)
 (1.283154618788281964e-02-1.017666975000916796e-01j), (1.977972848460121669e-02-1.344969692588333099e-01j), (1.070853788950048291e-01+1.923048285322115913e-01j), (-5.451291863034490176e-02+2.967352423417909391e-01j), (-1.323710455293730659e-01+1.705281113519776515e-01j), (-9.344174951004649565e-02-9.600100832953900598e-02j), (-2.325878423166653775e-02-5.884541482864040496e-02j), (2.335759449361135944e-04-6.608042829814191922e-04j)
 (9.705073555206175651e-02+6.226218996792390326e-03j), (-1.555947743072542688e-01+1.676864412992645423e-02j), (2.515344000881029884e-02+7.179689794732767305e-02j), (-1.681668598244111801e-01-3.177952433803992172e-01j), (1.322883885534646975e-01+5.375531890339052543e-02j), (2.674351843253881811e-02-1.362497309067537896e-02j), (-7.801287010855162407e-02+5.194782465734383570e-02j), (-2.961415454566452199e-04-6.309182505694831914e-04j)
 (1.640383040593323266e-02+8.992559106636766053e-02j), (2.192604445560186743e-03+1.390723642464343768e-01j), (-2.391435469847332518e-01-1.580825141314594895e-01j), (2.027488172614070050e-01-2.252095178906986517e-01j), (2.613262062613149750e-01-3.030629425502144592e-02j), (8.092388408748227291e-02+1.180200230426725477e-01j), (8.153113912349738146e-02+6.214690135304737351e-02j), (-6.595397338594838170e-04-2.513812835103471002e-04j)
 (-8.734022379109832035e-02+3.288133183785243302e-02j), (9.827686063497524660e-02-9.918380739825988224e-02j), (1.774666835146305466e-01+4.357507597986066267e-02j), (-4.364207345842779917e-03+3.275869072156863404e-01j), (-1.270980868379062434e-01-1.845555800787040401e-01j), (1.497287194697601714e-02-7.485710435660963835e-02j), (1.571609026296667821e-03-1.011938559316145209e-01j), (-6.678665829728694468e-04+2.741192792225627373e-04j)
 (-3.040164793816211436e-02-6.177025850585211864e-02j), (-3.072615640189657604e-02-1.500828259415882826e-01j), (1.045520902624210158e-01+4.687809523130798128e-02j), (-1.851913286839433070e-01+1.451142719376830315e-01j), (-2.935718010406876965e-01+8.055077404874651237e-02j), (-6.726932749761797836e-02-2.611227341800714460e-02j), (-4.803470252974245680e-02+8.038270179876402799e-02j), (-3.158021670893754944e-04+6.701696062460982175e-04j)
 (2.160945439271019786e-03-3.041931870074572955e-02j), (-7.868459436187152933e-02+2.356124954562611729e-01j), (-1.865441668841100464e-01+2.427920515325049378e-02j), (6.534143924328129904e-02-2.442375812342212349e-01j), (2.064889205703646646e-01+1.126165837040498663e-01j), (8.630972140512555360e-03+4.681803737858493408e-02j), (8.492515137153372473e-02-5.734606526444487734e-02j), (2.184637426756733591e-04+7.282511361054724505e-04j)
 (4.156620329771340550e-02-5.235877687801345631e-02j), (2.055536170100201732e-01-5.997332887784941058e-02j), (4.639462742465272349e-02-1.367125516124731710e-01j), (1.077896607880961394e-01-2.919445977399562353e-02j), (9.888397289381413435e-02-5.272518206629592252e-02j), (-3.700803485690232209e-02+5.526928944044780939e-02j), (-1.179592423462087480e-01-1.644907585475611361e-02j), (6.636092622184274273e-04+4.102156079554111811e-04j)
 (6.334395749676027809e-02+3.058804395785997415e-02j), (-2.693112108196852317e-01-2.191053642535010226e-01j), (2.474715294491920681e-02+8.846577688950518770e-02j), (-4.224956478543198668e-02+3.797118113076589085e-02j), (-1.416132612570246418e-01-2.599605299346020859e-02j), (2.302024894649271070e-02-5.092010672860101256e-02j), (7.047393653102999866e-02+1.140600422540960918e-01j), (7.903002398488017007e-04-1.333035014772413591e-04j)
 (2.442975069378207353e-02+4.386037611921852347e-02j), (1.731491696958523951e-01+3.387223905770585519e-01j), (4.492101982955451489e-03+1.506144010199327032e-01j), (-8.102780211036716973e-02-1.976164531827175053e-02j), (2.923426063229456195e-02+2.264766973637963310e-03j), (9.241867408419434521e-03-3.361189050321451016e-02j), (3.566862075544722371e-02-1.395777317038415510e-01j), (5.244988743938244682e-04-6.372306599149078982e-04j)
 (-2.592656194905212583e-02+8.718349958334044303e-02j), (1.446345348827219879e-01-1.993093331242825061e-01j), (-4.313579313145625427e-02-2.257713342469379603e-01j), (5.332290658518297477e-02+1.769278971100481657e-01j), (9.164135379749034638e-02+2.241694198628779028e-02j), (-1.242187779920562313e-02-2.852162632937187484e-02j), (-1.256352950454775186e-01+8.021030973382428653e-02j), (-1.584747037244508107e-05-8.517405124845461471e-04j)
 (-1.073663640987545798e-01-9.215096723402434187e-03j), (-3.874192966544183214e-01+4.450543181518301639e-03j), (4.899611584659642471e-02-3.504856201885749034e-02j), (-1.024656720447304770e-02-5.962944570775230435e-02j), (-9.859091530888526578e-02-1.133072324409825360e-01j), (4.464810644863470568e-02+3.644364684985681654e-03j), (1.499171802720579150e-01+4.332651639353309048e-02j), (-5.775669731981146037e-04-6.637522744951064244e-04j)
 (-2.160557680713198411e-02-8.461267946370659709e-02j), (2.112833375127776137e-01+1.147047807823926985e-01j), (-2.449846804859736465e-02+1.634988254522344309e-01j), (-3.043253664804560638e-02-2.343387361431815696e-01j), (-1.030401893740612584e-01+1.026566298083742557e-01j), (1.450421449613087388e-02+3.888891555913515097e-02j), (-6.092134845505096929e-02-1.541415312786353908e-01j), (-8.939283835880811090e-04-1.516651154056865183e-04j)
 (5.290708475143326983e-02-5.464623992869861724e-02j), (1.229631913584715713e-01-1.541578004704793337e-01j), (-1.775776812697241885e-02+2.397646059945420655e-02j), (1.585885862295931537e-01+1.043247119659813371e-01j), (2.064787932175556895e-01+1.579801587383562189e-01j), (-6.435234247330211266e-02+5.183581133005177310e-02j), (-6.616735769151091406e-02+1.436683502551941438e-01j), (-8.118881776940453264e-04+4.521332131790978173e-04j)
 (6.418500378542472962e-02+2.590493659678639454e-02j), (-1.553668129574101719e-01+8.480101545576945732e-02j), (8.687301453294467291e-02-1.511661438235779031e-01j), (-1.113322984135680788e-01+1.737695361810214500e-01j), (-1.394702530883919905e-02-2.093732192177741869e-01j), (2.466923116541889713e-02-1.251674434754045627e-02j), (1.068754612638108670e-01-6.378571785405759420e-02j), (-3.639247563420600073e-04+8.717450985984927020e-04j)
 (4.425345941293023361e-03+4.939527016165660978e-02j), (-4.547964909053377192e-02+9.407648171099308732e-02j), (-6.216965350674802382e-02+2.179514329780600501e-02j), (-1.459117641435697943e-01-6.160268977854715944e-02j), (-1.001056428890644973e-01-5.031070276685743053e-02j), (5.541387759298456450e-02-3.463663346180434477e-02j), (-1.014550118269239021e-01+9.921335244730343506e-03j), (2.489002121086284370e-04+9.173937105332080795e-04j)
 (-2.743924977518801683e-02+3.260648976263608168e-02j), (1.406943485407366468e-01-1.365870504102439376e-01j), (-1.725341428798518595e-02+1.752051211586033996e-01j), (2.706249228381882865e-01-1.618985721859370619e-01j), (1.418841821025704913e-02+1.192633247882209785e-02j), (-1.124401615991508646e-01+1.976107611003308229e-03j), (9.090870844156799524e-02+6.557753548208936079e-02j), (7.529583392540712024e-04+5.722846931780088599e-04j)
 (-4.081001747004219665e-02-2.769151249453715574e-03j), (-1.588198759422115303e-01-6.349063278626806972e-02j), (-5.760230806774534196e-03-1.292339533002298813e-01j), (-1.327315904889731293e-02+1.255191832165897525e-01j), (-9.501110393956602174e-02+2.029257441771074588e-01j), (-1.875843253448634257e-02+6.643739006997658597e-04j), (6.463380020467472675e-03-1.419241648714273107e-01j), (9.299760166043522262e-04-3.494385831051235233e-06j)
 (-2.754526767621311850e-02-2.726943390269703435e-02j), (1.379199066354011016e-01+2.197943497828791226e-01j), (-9.605828995954482363e-03-8.879407699696661993e-02j), (-2.997216015572225500e-01+1.273471203778743788e-01j), (2.318331293708981167e-01+1.422587226552349260e-02j), (8.647074194345105713e-02-4.950779853439100930e-02j), (-1.396767817695084013e-01+8.504872516229278201e-02j), (7.156370033673535754e-04-5.517863024469562248e-04j)
 (5.755575338098756211e-03-5.183843485203856044e-02j), (2.934540657454941248e-02-2.025953109811201858e-01j), (9.861646039345489667e-02+8.442390415609563048e-02j), (8.057051756157171396e-02-1.785277685595990094e-01j), (-3.400943180212863404e-02-2.953038877841758225e-01j), (4.436045884263822847e-02+2.814277682741966186e-02j), (1.393974033489655262e-01+6.426318876937825442e-02j), (2.232035393181122478e-04-8.383159812835074259e-04j)
 (5.530493983876694220e-02-1.530987155792715680e-02j), (-2.010601531702589373e-01+9.151296546558050637e-02j), (-5.383885846950241250e-02+1.012381780492154493e-01j), (2.923336656377282239e-01-4.566785164164002125e-02j), (-1.689718508957456788e-01+1.236351949689879354e-01j), (-3.285012688604699305e-02+3.292364413028647796e-02j), (-1.452878143400261612e-02-1.284095676676492714e-01j), (-3.165281170547777113e-04-7.588449896776298335e-04j)
 (3.197201536270490724e-02+4.286316636317304141e-02j), (1.829212456045478108e-01+1.953052595431717386e-02j), (-7.938431368857337689e-02-4.806903264276689292e-02j), (-1.895304293570470033e-01+8.268195082787181682e-02j), (6.320610460032256850e-02+5.334017366869784477e-02j), (-4.326435956128343169e-02+1.099966285442204733e-02j), (-8.165694290642944164e-02+7.297967454903211970e-02j), (-6.675268584776187369e-04-3.799666837763215617e-04j)
 (-2.790734337840651558e-02+3.540065314859386358e-02j), (-2.656477062477391460e-02-5.782297065070601816e-02j), (3.421766041156883847e-02-1.693503215938386985e-01j), (-2.255643883238747649e-01+3.849877984339722392e-03j), (-5.730553520515147686e-02+6.068482051524668602e-02j), (1.718061280134337149e-02+7.376929396359102609e-03j), (8.613440390081200659e-02+7.063222860080858173e-03j), (-6.978094681528684406e-04+1.021769987705099195e-04j)
 (-2.442503689766860331e-02-1.095310640506519384e-02j), (-5.193590867000336814e-02+5.115890517055804443e-02j), (1.095429649915769799e-01+7.933356868033160370e-02j), (3.381714363626666664e-01-3.351938419569514688e-02j), (1.822427094314299501e-01+1.492249998128881983e-02j), (-6.323269937423978138e-03-6.486471054683440318e-02j), (-2.942049939367270828e-02-4.509482309653931043e-02j), (-4.338493093989396684e-04+4.621182032933719057e-04j)
 (-9.740527777163859868e-03-1.419145751975380010e-02j), (-2.490339951620554326e-02-1.670550961538906642e-02j), (-6.153007825246532836e-02+1.591927446038370331e-01j), (1.001678492974225065e-01+4.916484025904244159e-02j), (-2.681148608944512735e-02-2.769675043602467523e-01j), (-1.438501419772718337e-02-8.435645631093748736e-04j), (-2.878400195504844661e-02+1.390083736346237053e-02j), (-3.652894168116842667e-05+5.536362654625973621e-04j)
 (1.300081855365613215e-02-2.207596515884319849e-02j), (1.041758220257537892e-01-3.773253099363012286e-02j), (-7.031082289374129823e-02-6.786662006774699107e-02j), (-2.940151774469219603e-01+2.107707825282822967e-02j), (-2.034510218662186065e-01+1.828614091095910332e-01j), (4.960648337799572483e-02+6.182237664736078137e-02j), (1.533553975810336700e-02+4.188716670314167334e-02j), (2.861867784951561034e-04+3.739728493498117043e-04j)
 (1.741992783766733305e-02+6.404308758048577951e-03j), (-5.378000235937448192e-02+7.795360991482411239e-03j), (8.526429242444666379e-02-1.697331129041660391e-01j), (-2.792497844895390491e-02-6.516644456786968576e-02j), (1.575829345797942205e-01+1.071257357169280722e-01j), (-2.122484891967323789e-02+4.269408414262584883e-03j), (3.585415353838449642e-02-2.513950951854447557e-02j), (3.845350253169049076e-04+5.450261615089137691e-05j)
 (1.591144067028478493e-02+8.860498648348601874e-03j), (-1.709512672699002936e-02+1.305249718110289003e-01j), (-1.461181219934799130e-02+1.357991151867211643e-01j), (9.722571679291140689e-02+6.223978501015962894e-02j), (-3.705963157001118669e-02-1.652320883498949733e-01j), (-2.942937733538115302e-02-5.650541430903867346e-02j), (-1.695883679068643790e-02-2.703992888390718136e-02j), (2.377715168824874516e-04-2.143254680531797834e-04j)
 (-9.646416793837438164e-03+3.627934215440908883e-02j), (1.786130302205805875e-02-1.507363261135476473e-01j), (-5.184219033966744328e-02+1.067736266778576693e-01j), (4.479832314756500289e-02+2.288258715010023023e-02j), (8.268137247288573355e-03+1.139054238608740444e-01j), (4.817402281626752963e-02-5.478548711880804056e-04j), (-2.733995745119185278e-02+9.966346384112298451e-03j), (-4.312151468841116282e-05-2.839133755297786098e-04j)
 (-3.529331401446463012e-02-9.081776070105941623e-03j), (-4.572707380612048289e-02+7.281215361967380284e-04j), (1.977576923582693297e-02-1.794152011546058800e-01j), (-3.367420033449428085e-02-1.759541727433915348e-01j), (6.683217586184993231e-02-5.105968225943674499e-02j), (-4.471788803011239599e-02+2.953958671816536014e-02j), (1.440386447822655791e-02+2.045497406614281768e-02j), (-2.796780159614892388e-04-1.229274725049758982e-04j)
 (-6.998595132387541717e-03-2.337171230649139064e-02j), (6.480838669538011021e-02+8.619603806957647218e-02j), (5.482712837781079929e-02+4.059000727649358931e-02j), (3.560729699154951966e-02+9.237099994484926357e-02j), (-1.285960394450586519e-01-5.924610032488966671e-02j), (-5.365097373480204324e-04+1.301865894474819353e-02j), (-8.559708376042071687e-03-1.524216400747768763e-02j), (-3.226718376144951939e-04+1.699930529370953102e-04j)
 (2.043536095986653311e-02-2.813228169912812549e-02j), (-2.213898200117753873e-02-2.606094466123659581e-02j), (-4.728832796033629465e-02+3.856469846464706530e-02j), (-3.621201257433603882e-02+5.377316197583898588e-02j), (3.252670361852554037e-02+5.577428189871493081e-02j), (7.820130841045684622e-02-3.849920515612059724e-02j), (1.282915201049324161e-02+4.009881760356656666e-02j), (-1.314329108217992875e-04+4.211076537662643152e-04j)
 (3.632101728702612220e-02+2.142791528023566330e-02j), (-1.041928230096417218e-02-9.162797363988428589e-02j), (-7.251612745110347369e-02-5.771553755733651453e-02j), (-8.057143380355091811e-02-3.960403731562717189e-02j), (4.709823135725210025e-02-2.583040169348502224e-04j), (-4.681398378746955830e-02+2.895951503193640308e-02j), (4.281225952240125254e-02-4.956889926339282104e-02j), (2.043793287709943997e-04+4.748039027749409446e-04j)
 (-9.971286555927307005e-03+3.515275970949711948e-02j), (-1.522978446565731447e-02+9.175039811355892305e-02j), (1.628436949440481840e-01+3.855216007667260081e-02j), (1.516080977584223777e-01+6.783077521217727168e-02j), (-2.368628013335485893e-02+4.786213392760991364e-02j), (-5.998567683567342795e-02+2.967098663827857224e-02j), (-7.654168098232544404e-02-3.121085531067287894e-02j), (5.110264130723878549e-04+2.770407092873778993e-04j)
 (-3.590265108481650869e-02+8.738081586091539857e-03j), (9.763164545637181835e-02+4.312042561210040204e-02j), (-2.581811979770128052e-02+5.211414120771628439e-02j), (-4.661625838082494866e-03-4.993939803156228346e-02j), (4.317842680769551356e-02-3.681055433456024983e-02j), (3.901536268623870263e-02-5.108575029253234479e-02j), (8.351382765923467955e-03+1.006230527050532286e-01j), (6.209264699160507847e-04-9.369420072412245086e-05j)
 (-1.751032178952617591e-02-3.056273684160305121e-02j), (-1.089494237281426608e-01-1.238703572311726508e-01j), (-1.492620581977924799e-01-4.522289264818141891e-02j), (-1.301900473630880628e-01-7.343588300879606845e-02j), (-4.788727722418904820e-02-4.929321713673759375e-02j), (8.430529014904306062e-03-1.457642936778702492e-02j), (7.052909207833210625e-02-7.579269667275462252e-02j), (4.607021358067211287e-04-4.637946725412560420e-04j)
 (7.284595732332803386e-03-1.672512320356793133e-02j), (-7.716426527440686800e-03+1.229643304849044882e-01j), (8.944321734863434903e-02-6.762471006710851773e-02j), (4.014112136215580717e-02+2.754409908043277400e-02j), (-1.052655660920244485e-02+3.450700432709594145e-02j), (-9.332330040843495045e-03+1.572180213874625754e-02j), (-9.245492531340887554e-02+9.808514207057437984e-03j), (9.204589582956196987e-05-6.515664015470665552e-04j)
 (1.602272478201011846e-02-2.103742016996250699e-02j), (1.059901835952126586e-01-8.174931626238679527e-02j), (1.017811943981114520e-01+7.533972350266177065e-02j), (5.023856659181608758e-03+1.532014615986226624e-01j), (-1.896881732535438125e-03-2.564705699924831050e-02j), (5.096095313808845367e-02+1.938812536876841422e-03j), (6.295112455514850769e-02+6.064310891729583070e-02j), (-3.158340176360612027e-04-5.600066763127994288e-04j)
 (3.294098573287949222e-02+9.035193598266599846e-03j), (-1.079309776398791748e-01-3.090189188221144356e-02j), (-1.452520013473180549e-01+5.587787804005917014e-02j), (2.548828286176822722e-02-8.730238191768720235e-02j), (-4.599442573532654122e-03+1.018344473659376359e-01j), (-5.379298900444126619e-03+1.717513577571810890e-02j), (2.355952138727755718e-02-9.532682459487945570e-02j), (-5.690173977078460434e-04-2.283394976013862130e-04j)
 (1.408512763309283447e-02+3.122751420371438005e-02j), (4.971815630550859011e-02+1.222194027122259219e-01j), (-3.151617086093191911e-02-9.708568166666063648e-02j), (2.475364682420219675e-02-1.939411282951822302e-01j), (1.217465372115274641e-01-2.626655759372755611e-02j), (-4.997182758786512802e-02+2.101995741169772336e-02j), (-1.053030353133572183e-01+4.018646240250477869e-02j), (-5.458598358447817270e-04+1.842906026767051307e-04j)
 (-3.081494694480278393e-02+3.995950804653521787e-02j), (4.471910762633046765e-02-5.498730867421225410e-02j), (1.500124926473892506e-01-2.965752297238416491e-03j), (3.179712867752547412e-02+1.518393424826907923e-01j), (-1.024114597472708665e-01-1.761974466378256610e-01j), (-1.590935386339197358e-02-1.376195981173241288e-02j), (9.840443844461566059e-02+5.293294841316898564e-02j), (-2.595978363024346132e-04+4.757852878855499791e-04j)
 (-4.783122515719356871e-02-2.642184223864708914e-02j), (-9.677920995306325824e-02-8.087587200616615235e-02j), (-3.798092301834945367e-02+6.928705872414622768e-02j), (-1.002662943229926662e-01+9.199202618779864227e-02j), (-8.939926417750450327e-02+1.607104027089893139e-01j), (2.785508755496905395e-02-8.376473345881235710e-03j), (-2.978569666502756813e-02-9.895092834344078325e-02j), (1.453333546442974215e-04+5.011349174087081134e-04j)
 (4.041426535908190093e-03-4.250089011852525855e-02j), (2.063948248602301416e-03+1.105901074816734025e-01j), (-1.386101806740874520e-01-1.730993931278575204e-02j), (-2.307995832027396471e-02+5.382490046352411683e-03j), (1.621392419650911909e-01+2.074729173850852620e-02j), (-1.302057810596320142e-02-2.810779342702030004e-02j), (-4.408373647600520584e-02+9.424320107646139144e-02j), (4.625280210464550795e-04+2.460077184372201609e-04j)
 (4.173402112185733287e-02-2.583310429450073192e-02j), (1.312594219053213329e-01-3.169631852938681327e-02j), (9.796818784744813768e-02-9.688900269289445200e-02j), (1.872630573164318912e-01-9.944556713147312266e-02j), (-9.209583917123866093e-02-8.372789226850646527e-02j), (4.236076525034295631e-03-1.779907166378486005e-02j), (1.033267925466878623e-01-3.889236353333917762e-02j), (5.250919043387934030e-04-1.631368965255180809e-04j)
 (3.991468063584666104e-02+4.106364621869047771e-02j), (-1.116318271737448825e-01-7.298821532977599336e-02j), (7.750747854412222415e-02+4.421848913730642983e-02j), (-2.219723571118917271e-01-5.626624678054803486e-02j), (1.344346682464724052e-02+9.902888742786680742e-02j), (4.286893120806500174e-02+3.113955348539422172e-02j), (-9.367102802963631070e-02-5.753676476423524866e-02j), (2.896919473032345143e-04-5.185189273664057115e-04j)
 (-2.367150495565427393e-02+3.946845344006669892e-02j), (-2.397721748867906455e-02+9.583019811160581325e-02j), (-4.009341159901140539e-02+7.802860551344681372e-02j), (1.445137960000850152e-02+1.062191435396572098e-01j), (1.060116156095650131e-01-1.179854774914247256e-01j), (4.080369264019764741e-05+2.698116684253423075e-02j), (-3.379622700621989773e-04+1.102546920737183939e-01j), (-1.385862741108032873e-04-6.319859538576004911e-04j)
 (-4.234352609157203406e-02+3.004442698968238720e-03j), (1.117854926754158346e-01-1.310733602782040985e-02j), (-2.326417744472721039e-02-6.853076589046053213e-02j), (1.909434828044994092e-01-1.458333980671789043e-01j), (-1.766878459246410682e-01-3.472619000891422059e-03j), (-1.757629182264715262e-02+8.868565270866976546e-03j), (9.618952814418942066e-02-6.964500312926481806e-02j), (-5.538313588144990179e-04-4.285889338564882701e-04j)
 (-1.551354982152427196e-02-4.404798775718399978e-02j), (-5.210472307960567484e-02-5.658512690203022777e-02j), (1.285856791600552274e-02+6.716339151615810521e-02j), (-1.579819571892403518e-01+1.603334963154663673e-01j), (5.198345336353689394e-02+1.488476387331332529e-01j), (-2.827022327692247164e-02-1.265551101164568565e-02j), (-1.194949963348418409e-01-2.294439652115890654e-02j), (-7.473498555094707906e-04+1.310571078885520036e-05j)
 (2.305932278075060321e-02-1.434525363043881799e-02j), (-7.569112993190862948e-02+5.661471567486030254e-02j), (-5.661598685636734518e-02+4.125025126943454579e-02j), (1.288905710763444956e-01+8.667835156908798577e-02j), (9.065673500933868478e-02-1.279033109170297777e-01j), (-3.181039412226134566e-02-1.970019089014973801e-02j), (5.650908392479356279e-02+9.740351695455407022e-02j), (-6.093087299549536070e-04+4.945034758004069730e-04j)
 (1.987688114878099349e-02-1.664621936015491313e-02j), (1.237820806389081096e-01+2.050595677921647486e-02j), (-6.029054879897571134e-02-1.451128625325549815e-01j), (-4.791469652662325163e-02-2.621051761039032701e-01j), (-6.728293548097157017e-02+1.753918147834100660e-02j), (2.400791049674909361e-02-1.910030823650116921e-03j), (4.849911687081512324e-02-9.416988826161806769e-02j), (-1.848163720511351534e-04+7.892617285581236385e-04j)
 (4.445533356111494583e-02+3.014720773221215427e-02j), (-6.194412942681822021e-02-1.354670114147113469e-01j), (1.398849110760495285e-01-2.581378261970366378e-02j), (-1.355314126305427191e-01+1.101019868651170602e-01j), (1.068461019498039011e-02+5.458388448018162975e-02j), (5.650733137610206708e-02-2.109949975359589475e-02j), (-1.107032953558813038e-01+1.439074940047917195e-02j), (3.432577291505940396e-04+7.508066308641791683e-04j)
 (-1.981214416801048428e-02+4.736211991344480704e-02j), (-8.183191353701552151e-02+1.530778559499226255e-01j), (4.118159405480784074e-02+1.304317495661223847e-01j), (6.201692046894277666e-02+7.373719184627595957e-02j), (-1.534662300503780719e-03-5.493319321878149808e-02j), (-1.681545262958637071e-02+3.996943851575826545e-03j), (8.817197557018233156e-02+7.186463071751636456e-02j), (7.374775162412130266e-04+3.837958280029653800e-04j)
 (-4.200191057955050128e-02+1.482270183556234910e-02j), (2.024542113292442380e-01-3.635411376551472840e-02j), (-1.376240277457014827e-01+1.308771714856522828e-02j), (9.450271236571547440e-02-4.133232580979775972e-02j), (-2.371648269918380514e-02-1.669148890177679645e-02j), (7.152429710242521124e-03+2.881251229984394327e-02j), (-4.478035199672734945e-03-1.063285828605347455e-01j), (8.161654748486440103e-04-1.549098321703863419e-04j)
 (-4.473369962513695786e-02-3.828741513894720616e-02j), (-1.601573356233752798e-01-9.657773775512468184e-02j), (-2.097891335009641200e-02-1.396805876167149241e-01j), (5.739057618943014388e-02-4.094066762069656362e-02j), (1.286880950668876922e-02+7.742856143456712525e-02j), (-2.276520374596759794e-02+4.906598146137074873e-02j), (-8.848699363202523760e-02+5.197457407239421123e-02j), (5.388399935398250056e-04-6.268235192822303736e-04j)
 (2.447416207065076024e-02-5.020756089375155717e-02j), (-2.269569107995060564e-02+1.386271365094001728e-01j), (1.453955132591781552e-01+4.669197800234296813e-02j), (-1.886174998370450662e-01-3.764758127313215519e-02j), (2.990598706710118071e-02-2.764242582516510810e-02j), (-4.663566064376937353e-02-3.094699961637368407e-02j), (8.772319743654032054e-02+6.542152131600233178e-02j), (2.638846168161553723e-05-8.210983209469833229e-04j)
 (4.296403897845575692e-02-2.976461960047287886e-03j), (1.312018891144356436e-01-8.569154473774306946e-02j), (-5.627538844934741602e-04+1.214328475855256662e-01j), (5.133389814578039057e-03+1.057389545432283473e-01j), (-3.353840345357189667e-02-4.103488503017999056e-02j), (4.264998794105877983e-02-6.655632823000809384e-02j), (1.981657703575748219e-02-9.956705742354496347e-02j), (-4.935987280520102126e-04-6.513498615491612916e-04j)
 (2.518564245409917607e-02+3.720461803388901145e-02j), (-4.406252207406503862e-02-1.833617176853297170e-02j), (-1.320604263858480010e-01-9.685331851196940511e-02j), (1.309834597566184866e-01+2.147173743548926039e-03j), (4.806781496406727083e-02+2.235219135739320573e-02j), (2.348663171318962628e-02+4.418414865842233696e-03j), (-7.737305583232262363e-02+1.024954629303320708e-02j), (-7.906901949386233291e-04-1.949014523801216809e-04j)
 (-2.784245861001587857e-02+2.841099002368355220e-02j), (-7.467891017644415208e-02+9.446722880057992211e-02j), (5.047376062186469114e-02-7.140723043037967843e-02j), (-6.883776330588033121e-02-6.208970712156286487e-03j), (-3.817251249335196217e-02-2.012370820232353696e-02j), (-2.360769359536542267e-02+6.137629507819941654e-02j), (2.935688072658368397e-02+6.047268863206198275e-02j), (-7.361387871593949627e-04+3.434268030045290018e-04j)
 (-2.124698946180327702e-02-9.599865418974614512e-03j), (6.044509650502022380e-02-5.426813870006917673e-02j), (6.210345709447697565e-02+1.509277244271372553e-01j), (5.089940343400611855e-02-1.171459490225887773e-01j), (-5.606911531518407599e-02+5.363010218545866126e-02j), (1.680392385047775258e-02-9.192548857991533762e-03j), (2.544592303609211070e-02-5.450718850369533353e-02j), (-3.597002168711103866e-04+7.254511612729045399e-04j)
 (-7.190281320476108948e-03-1.441379392822756192e-02j), (2.268563024702414943e-03-6.763452192249957973e-02j), (-7.584345747253556924e-02+2.154267673237793279e-02j), (-8.551807551594869938e-02-1.641111362303954158e-02j), (9.348315596794315452e-02-9.377427401353083392e-03j), (-1.832480714178384013e-03+8.048146602997185983e-04j), (-4.753334287032878747e-02+1.623206491856468703e-02j), (1.667566681614179587e-04+7.874060301086595326e-04j)
 (6.057686665423026202e-03-1.273494784602944435e-02j), (-6.572350000677497361e-03+1.086772601860866577e-01j), (-3.226276042429215146e-02-1.792504062503426088e-01j), (-2.673336266409670481e-03+2.132170599620631379e-01j), (-3.286768926519023637e-02-5.364810349653767463e-02j), (-4.170434468181352661e-02-1.500172139773770993e-02j), (3.062544967010732977e-02+3.983175071417162372e-02j), (6.098910596291413520e-04+5.115228331380205270e-04j)
 (1.042927747028042640e-02-3.968828081384344342e-03j), (3.130195672700761267e-02-2.196256446628401526e-02j), (6.377440583446848665e-02+2.883827196441525464e-02j), (1.030908500371130743e-01-1.367129352826160216e-01j), (4.172761933012897329e-02+7.598642806638741809e-02j), (-1.120591594109884154e-02-1.772009513307538919e-02j), (3.967466641329445154e-02-5.922461627841790754e-02j), (7.812088479134173544e-04+2.940433511983641356e-05j)
 (7.004884790175462672e-03+4.666980416785489194e-03j), (-9.723491603190587140e-02-3.609110137401079499e-02j), (3.048511483443040043e-02+1.282185993247093037e-01j), (4.482439950671102125e-03-4.058382783446404241e-02j), (-4.927639118850721256e-02-1.097140950732835435e-01j), (8.562261802573242764e-02+1.920180017988204826e-02j), (-7.989247778115085574e-02-3.876074143446622822e-03j), (6.195540002437327932e-04-4.423964732189046654e-04j)
 (5.482799083172035237e-03+1.764430012183258734e-03j), (8.220646267827871889e-02+2.367060978108537217e-02j), (-5.830384154192626289e-02-6.989153479297381677e-02j), (-6.426794451637699024e-03+1.187494703577162691e-01j), (-1.312097244798856588e-01+8.910384053183956210e-02j), (-3.184357064057334596e-03-1.081184696658775424e-02j), (2.802699033483865843e-02+6.009298653135275448e-02j), (2.127435227315794229e-04-7.027906246666038286e-04j)
 (1.716612127776476204e-03+1.459407591480240199e-02j), (3.942661638308558869e-03-3.965855053854012990e-02j), (3.863233246409779331e-02-7.102398380391988786e-02j), (-1.535303913230639528e-01-4.707610077053109299e-02j), (2.423689717787318176e-01+2.949715188329549848e-02j), (-7.257340689499502950e-02-6.300354983851015611e-03j), (3.766391060494367338e-02-4.429687320194260203e-02j), (-2.492643127263098721e-04-6.551274185574041536e-04j)
 (-1.261984219724258081e-02+9.976108149089835120e-04j), (-4.007450003289803053e-02+6.624393403549928838e-02j), (2.308909384413110333e-02+1.131145837684006256e-01j), (1.484675645158982718e-02-1.140614839545889270e-03j), (-4.770439081700943162e-02-1.331259379632868112e-01j), (1.290741777914054117e-02+7.142527903488915531e-02j), (-6.262642473373433716e-02+6.938498374551849146e-04j), (-5.652405416371149901e-04-3.443436797813561982e-04j)
 (-5.011753050534653586e-03-3.629787116561727922e-03j), (9.320875741603312781e-03-3.779094250194825477e-02j), (-9.854281293689298726e-02+2.269221625892085814e-02j), (1.322196229023114011e-01+1.273192108601217676e-04j), (-1.320777828754804151e-01+1.529732276103179800e-01j), (4.135864815953278761e-02-3.133475829585403993e-02j), (4.907757570243410916e-02+4.558613804780137224e-02j), (-6.136872159956818654e-04+7.238470396925863592e-05j)
 (3.030494978399564387e-03-1.435081082332945179e-02j), (-3.829641865890704572e-03-7.583743517079299945e-03j), (5.555024943966710427e-02-1.254197786430535366e-01j), (-7.096930928532058092e-03-4.440426870345490218e-02j), (1.027461190146753967e-01-8.069226616859126455e-02j), (-3.743023071605665331e-02-8.079063817121662217e-02j), (8.717618648143868332e-03-6.241898773160735325e-02j), (-4.019211767021768872e-04+4.045369147821576208e-04j)
 (1.838702631922926184e-02+1.200870580245899655e-02j), (5.433691244261601438e-02-2.448537844374454320e-02j), (6.059930200284413537e-02-2.928451613814074539e-03j), (-3.890379195664983580e-02-7.347156841884949774e-02j), (-7.900653968325142829e-02-7.403567223753537707e-02j), (-9.764696905048414477e-04+3.883068640046855036e-02j), (-5.434207590915475505e-02+2.081418918401713516e-02j), (-5.275727758507760094e-05+5.173635014776209982e-04j)
 (-1.560154916102080014e-02+1.634709693038095477e-02j), (-5.365955013529177808e-02+6.334731807337203036e-02j), (-7.609196422772736279e-02+1.663227320164619161e-01j), (-2.537606223455876608e-02+1.187648187666107275e-01j), (7.501888731527805998e-02+1.857298872967172720e-01j), (3.373471504660496834e-03+4.968608163104318298e-02j), (5.070641963760036397e-02+2.016922600555480505e-02j), (2.613774122685936412e-04+3.890477744518968761e-04j)
 (-1.948798108211727276e-02-9.364634603821843373e-03j), (-6.669540997333633925e-03+2.617177247798635475e-02j), (-2.423032563903296244e-02-6.417379260323391454e-02j), (6.738505343689561722e-02+1.040184986694637492e-01j), (3.983570657839682894e-02-1.265349154837268064e-01j), (4.101884672766268475e-02-4.803019619329507162e-02j), (-4.407920837113741414e-02-4.488660496277474543e-02j), (4.027655647790219680e-04+1.109974953367206911e-04j)
 (4.816654601288479151e-03-2.797636714385145357e-02j), (1.135523797790411599e-02-1.096264386918211486e-01j), (7.109690365324344841e-02-1.066490047088926862e-01j), (-2.623110086772362237e-02-1.257707610158550759e-01j), (-1.425254433648232566e-01+3.071564152366645928e-03j), (6.931451382321401899e-03-1.715492173598286846e-02j), (7.244538810254413930e-03+8.889279261014899902e-02j), (3.300952601001817116e-04-1.653215525739832725e-04j)
 (2.867845536355699554e-02+4.655658603786354266e-03j), (2.965344330485003566e-02+1.960093352388309063e-02j), (-4.764364907560367235e-03+3.359554559624935988e-02j), (-3.831557288724321553e-02-1.156641099695697450e-02j), (8.783358769633584084e-02+4.276602311170663029e-02j), (-3.960938750381082923e-02+9.372229620424589458e-02j), (9.369531027016893276e-02-7.244848680972135191e-02j), (1.095121575331093645e-04-3.062425201909357636e-04j)
 (1.889806009652897356e-03+2.064728465880530384e-02j), (-1.592995712018580035e-02+1.026474460233505193e-01j), (-8.665437918774110404e-02+8.478722434756783000e-02j), (-8.825369384087733415e-03-5.174064814303110105e-03j), (1.850328596807987447e-02-6.837842252678821842e-02j), (-2.733791158777491154e-02-2.317315336209678500e-03j), (-1.290986910226397943e-01-5.661295438537367053e-02j), (-1.270881155298487358e-04-2.593733065918518666e-04j)
 (-1.809815146268073036e-02+1.318903751236533139e-02j), (-2.570708759178197064e-02-4.051317547198853009e-02j), (5.753388644863347001e-02-1.845365552221371608e-02j), (2.011157690880172044e-03+3.772962989929729005e-02j), (-4.121155418909333568e-02+6.740841720487020239e-02j), (3.066878681708410520e-03-1.134286842675056167e-01j), (1.356812153589264172e-02+1.433602130729058066e-01j), (-2.529571470219395962e-04-7.271454490499350450e-05j)
 (-1.159025015625900906e-02-2.230006223581188635e-02j), (-1.666272660479553580e-02-9.436966168624599804e-02j), (6.219865149491193845e-02-7.572000954567949249e-02j), (9.330620184594612398e-02-1.116151515865212995e-02j), (1.280551510370819823e-02+9.995657767824045470e-03j), (2.308720956322141138e-02+1.438715921547025628e-02j), (1.028251276105991013e-01-7.474682890050271533e-02j), (-2.100123501792948845e-04+1.373001174889769112e-04j)
 (1.720494750513922033e-02+5.616556381801612874e-03j), (8.720240568997542074e-02+7.472358541021326128e-02j), (-7.117369255393846128e-02+8.707378033896054359e-03j), (-9.411722690586818429e-02+1.263384607769202361e-04j), (-4.485897632934943147e-03-2.990429780560699413e-02j), (1.636146052841754711e-02+5.691298949640469923e-02j), (-9.824369183916087378e-02-3.066653924881669602e-02j), (-3.391993691723464363e-05+2.500898424457763847e-04j)
 (-1.806251621613441660e-02+1.286394693137266065e-03j), (-4.190115408922301388e-02+1.286812099930989550e-02j), (-1.450496901114273207e-02+1.909050622092967053e-02j), (1.540845190022821498e-02+2.774498595495389353e-02j), (3.467167564917814082e-02-3.736636198391485308e-02j), (1.070557564140280950e-02-1.624338646404070371e-02j), (4.232469800504232160e-02+7.466180749884633594e-02j), (1.697519040710618234e-04+2.036923646586593349e-04j)
 (4.117627416816371788e-03-1.563741011034168460e-02j), (-8.554942407983920361e-02+1.200936661049256671e-03j), (6.674415070379319248e-02+6.681459303816705830e-02j), (7.079195508999863717e-02-1.212478513096984511e-01j), (-4.312805427920804457e-02+2.041026071643220474e-02j), (1.788329659283934003e-02-3.730372613540769433e-03j), (2.169455457166795387e-02-8.327821029540183329e-02j), (2.839230544966254727e-04+2.448191071245870484e-05j)
 (1.366457443835158991e-02-9.907706723784083513e-03j), (1.095930785300296417e-01-5.241622795379351218e-02j), (1.643198951471050440e-02+3.292829009675368734e-03j), (-1.007853330050345331e-01+1.193566787950546826e-01j), (-3.225531198797876309e-02+6.003749397853080233e-02j), (-4.709462056518584627e-02+3.792417281267966567e-02j), (-9.428379003708278749e-02+3.054390870996676055e-02j), (2.418411876379984726e-04-1.897639069665983062e-04j)
 (2.304312912804980240e-02+2.235371028314610264e-02j), (2.292694230705327740e-03-3.546201652609659583e-03j), (-1.161298998628855217e-01-8.416211361632924826e-02j), (4.051084636066663858e-02+7.481120491531706440e-02j), (6.781933143410398546e-02-2.921581436730409653e-02j), (-5.821604362673506866e-02-9.341586939591473016e-03j), (8.069218237513525738e-02+8.197926208010186677e-02j), (6.076542644723945119e-05-3.230027883388235507e-04j)
 (-2.757767856227098108e-02+1.859702921538050613e-02j), (-5.675399622214821749e-02+8.151412746061159620e-02j), (9.578851976389312489e-03+8.750806365779885410e-04j), (2.305403085962402787e-02-1.832955446088055662e-01j), (8.836311149304221235e-03-4.668266628223483039e-02j), (5.852451205123796601e-02-5.270859228446238276e-02j), (3.884825287679260358e-02-1.117498544826823204e-01j), (-1.687231353522972589e-04-3.018802045317995676e-04j)
 (-7.947197046430862222e-03-1.801399778514068545e-02j), (1.358413955289514141e-02-3.734396091816688523e-02j), (1.055019849042345415e-01+4.284598291248131741e-02j), (-2.518263664883918507e-04+6.799826294371186242e-02j), (-1.807613802993129903e-02+1.253681053783728405e-02j), (3.977305951506091009e-02-2.202371190485610808e-02j), (-1.075405230117686128e-01+1.011113804211140332e-02j), (-3.309374283373193960e-04-1.330681201032043125e-04j)
 (7.216821906495998057e-03-6.014530179782526242e-03j), (2.233174952666838742e-03-1.435236395997870062e-02j), (-6.269201715649624918e-02-5.614675977561128795e-03j), (-3.301243715030283132e-02+4.408218463857745129e-02j), (-4.084071107921605215e-02+1.748866878888283294e-02j), (-2.725199840750808233e-02+6.287163512290276646e-02j), (5.092556077218444305e-02+8.323499437711162630e-02j), (-3.450790098690948880e-04+1.014763242444178572e-04j)
 (6.262838088810336427e-03+1.066853410045121714e-02j), (-3.851976711738064330e-03+7.035202601656187493e-03j), (-3.062664763856716432e-02-1.745127475271016776e-02j), (-6.877555678191318855e-02-4.048330026834236206e-02j), (-1.725958176436065417e-02+3.885539979531439647e-02j), (1.339623906668829800e-02+1.752902408130069256e-02j), (3.705046228195571500e-02-7.946936986033040218e-02j), (-2.059549462629905450e-04+2.878243406241685204e-04j)
 (-2.186172140576014833e-02-1.466610975458929045e-03j), (2.090390209338899297e-02-3.835116329378507327e-02j), (9.459651835956159327e-02-5.074398955340939099e-03j), (1.394979415529669642e-01-1.910914224878829115e-02j), (9.213257171245903265e-02+8.664646056666204521e-03j), (-1.936787889369988303e-02-1.440078034228617354e-02j), (-7.412930105958559501e-02+1.365715841198761327e-02j), (1.500962348960181714e-05+3.388221366814563170e-04j)
 (9.510593990857435509e-03-2.881470103151404991e-02j), (-2.244628965264947040e-02+3.866280489000650800e-02j), (-1.876521808304051908e-02+2.842881868016501612e-02j), (5.466261676236552902e-02+4.204593419062277460e-02j), (1.304357910761945460e-02-1.370601634995221585e-01j), (-3.333906332514396248e-02-2.053410380578798988e-02j), (4.105388909479222581e-02+5.501778339386648176e-02j), (2.080871277785752930e-04+2.377573677038780141e-04j)
 (3.467133166502546493e-02+8.106878480502593964e-03j), (1.823860109112005606e-02+6.581643149194027487e-02j), (-1.120594776817335214e-01+1.778208600853391913e-02j), (-1.547297812363526703e-01+8.594319933983157744e-03j), (-1.482359502185300326e-01+7.216911497924724528e-02j), (2.785180682292998089e-03-7.938488030255513861e-03j), (3.940432189653625406e-02-6.480194623200896675e-02j), (2.823417736624240278e-04+4.481220730019564932e-05j)
 (-4.241221482043866509e-03+4.420614806728846713e-02j), (2.269096630522826619e-03-1.052391473610615469e-01j), (3.316507781468430727e-02-7.390734297302350986e-02j), (-9.611153474403621999e-02-9.519875725246429443e-03j), (8.439369264713164620e-02+1.211066904374845654e-01j), (6.271522250128591658e-02-9.193757578791997287e-03j), (-8.439833469374008468e-02-6.132004001060606391e-03j), (2.116897972884087544e-04-1.362676371477339072e-04j)
 (-4.864552048094863967e-02-6.418643111091248965e-03j), (-3.276916903508558798e-02-6.246903716421281505e-03j), (1.313021722525656021e-01+7.879212231787020154e-03j), (1.799086279447201786e-01+2.038798524276100310e-02j), (6.105017609563229836e-02-1.391536991960823089e-01j), (-2.172420322218406030e-03+2.623633090749152852e-02j), (3.491587241099772254e-02+7.538692644048641811e-02j), (4.631622013016303482e-05-2.133040950563300925e-04j)
 (7.477872451647465946e-03-4.221267294059931341e-02j), (3.294278905126518664e-02+8.194458155665819421e-02j), (-1.572079048384292244e-02+8.430035635721408460e-02j), (8.093198707656817925e-02-8.834932578230171585e-02j), (-8.139141569986857450e-02+2.404949986466119183e-02j), (-3.279162173931710056e-02+1.430486260015137456e-02j), (4.354816144833802138e-02-6.281261740003796223e-02j), (-1.158956298698589349e-04-1.536366076831525681e-04j)
 (3.675160163071363589e-02+0.000000000000000000e+00j), (-2.279531222865779916e-02+0.000000000000000000e+00j), (-1.452470517121918769e-01+0.000000000000000000e+00j), (-2.429385297895818030e-01+0.000000000000000000e+00j), (4.851047544579328852e-02+0.000000000000000000e+00j), (5.690478769221532507e-03+0.000000000000000000e+00j), (-7.318742386094603813e-02+0.000000000000000000e+00j), (-1.824662899853868835e-04+0.000000000000000000e+00j)
