 (2.122777463293080980e-01+0.000000000000000000e+00j), (1.123463318430933278e+00+0.000000000000000000e+00j), (7.844827850827408300e-01+0.000000000000000000e+00j), (6.396678534878414979e-01+0.000000000000000000e+00j), (8.185237910646865345e-01+0.000000000000000000e+00j), (5.685914398897329303e-01+0.000000000000000000e+00j), (2.402673574304953208e-01+0.000000000000000000e+00j), (2.871622609871936627e-01+0.000000000000000000e+00j), (-5.338434730556468333e-02+0.000000000000000000e+00j), (2.521245485447454193e-01+0.000000000000000000e+00j), (2.536736384460217542e-01+0.000000000000000000e+00j), (1.450780055725562623e-01+0.000000000000000000e+00j)
 (3.410385581604748195e-02+1.193068773239143454e-01j), (-7.262907273758014703e-01-3.772047031952913687e-01j), (-4.431563173047758930e-01-2.114235487185303630e-02j), (-1.396039199088785487e-01+1.295394187442952538e-01j), (-1.343367796035505046e-01+1.992350421997914345e-01j), (-2.496874511713281786e-01-3.142900389047157406e-01j), (-1.776687653629031027e-01+2.211785951677027184e-01j), (-1.179591991881286384e-01-5.986651735170142596e-02j), (1.071599205931008103e-01-7.608067259897230428e-02j), (-2.012664363734341655e-01+6.322927158816656068e-02j), (-1.164344900464946431e-01+4.491056135742881039e-02j), (-5.577129775632020531e-02-1.175574209363283579e-01j)
 (5.364334695341391873e-02+1.457382063581159348e-01j), (6.347678269544607121e-02+5.940395182116894324e-01j), (1.548479957388172040e-02+1.551132339937512095e-01j), (-3.649465766806125888e-01+7.841914637938988270e-03j), (-6.584190950591501945e-01-2.875841172087396647e-01j), (3.934606838041640638e-03-2.311218114194372730e-01j), (1.247811149522089214e-01-1.012405816193036601e-01j), (-2.341124578210862506e-02+1.036040094602919473e-02j), (-1.004192616622921197e-01+7.249143116854678270e-02j), (8.536198436673776702e-02-7.118246590454285760e-02j), (2.180286736006839532e-02+4.584916710886868980e-04j), (-5.139450615139193324e-02+8.256966211998925664e-02j)
 (-2.529206091852280736e-01+1.437286445930627266e-01j), (4.481957818181927511e-01-1.551861156922024199e-01j), (1.396284382978115468e-01-2.216855034045010220e-01j), (8.015438284864617735e-02-1.726357110922701610e-01j), (2.645746911204740481e-01+1.621854470928594250e-01j), (-1.782762887754416603e-01+4.614220155983184135e-01j), (4.280080347679482422e-02-2.025834044912339649e-01j), (2.492687088474856288e-02-8.616306156059722055e-02j), (3.456450262689855779e-02-3.407098114208848005e-02j), (3.143777804074486537e-02+1.135912962895169603e-01j), (-1.429872517761175948e-03-5.034702041457211896e-02j), (6.873133853145138583e-02-1.530431113206637619e-02j)
 (-1.527410970106815036e-01-2.220262278025865454e-01j), (-4.299632047195157125e-01-3.491346483018605840e-01j), (-1.772781044765051328e-01+1.569347946142056471e-02j), (6.041179069589942829e-02-5.193539453931538680e-03j), (4.796830816300139411e-01-9.859869520212204141e-02j), (2.126718164053956195e-01+7.478454027385020297e-02j), (-2.046928737836276602e-01+2.887276355291324981e-01j), (-1.000156608840090111e-01+1.590733925759487133e-01j), (-1.001668399633524054e-01-5.515038146290859866e-02j), (-2.479819221650608058e-02-3.152934290973072318e-02j), (-9.011398702046469200e-02-1.329550342544931485e-02j), (-4.766718039555317699e-02-2.673718152533990922e-02j)
 (7.306767889434703789e-02-1.993724452052463569e-01j), (-3.219221430830107034e-01+3.618456741061768511e-01j), (1.810715337505972716e-02+2.389023298307407783e-01j), (1.776855178444275984e-01-9.435054865499409998e-03j), (-4.669285563702283426e-01+3.476322553854788860e-02j), (1.988570005559367471e-03-2.619127300762633670e-01j), (8.376045204424836799e-02-1.381298067811741193e-01j), (1.418018811672564286e-03-8.508932473407260222e-02j), (1.642879009265027501e-01+7.370545425776464654e-02j), (-3.102478116412219628e-02-1.288391626903650500e-01j), (5.079725514684460541e-02+6.191965320443983123e-02j), (1.509641305223821846e-02+3.489625180502402974e-02j)
 (3.064458775370114130e-01-4.309990867308684248e-02j), (6.559685161663715292e-01+3.557759779345932849e-02j), (2.251273444654530997e-01-2.401215191320175135e-01j), (-4.340351783016826309e-02+1.427091891206558327e-01j), (-9.711842334225340156e-02+2.230227765497161674e-01j), (-1.414291578941909155e-01+6.917522562880333570e-02j), (6.480061899096632716e-02-8.729036367666047347e-02j), (2.116865899360165226e-01+4.903092919328858740e-02j), (-1.507259194513861922e-01+1.138700019675755043e-01j), (2.195254536099880416e-04+8.062730301196366356e-02j), (1.670675390877568792e-02-1.543700217713719382e-02j), (-6.274715168377326124e-03-3.118588614312924404e-02j)
 (5.358061747951305132e-02+3.726270975336795632e-01j), (-4.987244509909825874e-02-5.564850386597729459e-01j), (-2.234840244987223445e-01-1.654843754823855789e-03j), (9.142986822014999293e-02+4.791613263449789190e-02j), (6.271733871733231602e-01-3.441239917176032170e-01j), (5.562289960249199722e-02-2.622061767978687286e-01j), (-1.257490913690355594e-01+6.008223541006634666e-02j), (-1.841569665226236996e-01-5.703290811123493120e-02j), (1.258803203189305941e-01-2.202629900545197694e-01j), (-5.777513219637295944e-03+8.950751217314962746e-03j), (-2.195470938464361144e-02-1.051343349587311078e-02j), (-1.501103182129698288e-02+4.535332344475850180e-02j)
 (-3.523517033375180296e-01+3.650070087659348234e-02j), (-3.627630607820788722e-01+4.722314809889191500e-01j), (1.569104171510824625e-03+1.835049748434200989e-01j), (-4.294376394816115106e-01+6.512287409918514347e-02j), (-6.549760362772595323e-01+5.846764559957673413e-02j), (-5.485095189302519741e-02+3.387743405544359487e-01j), (7.201914017256103029e-02+2.153055250542904586e-01j), (3.150934114084712190e-02+2.490681920088660961e-02j), (-1.539438881920958749e-03+1.725038580083163575e-01j), (-7.340626318018093031e-03+4.099051953899113254e-02j), (2.750806640644048832e-03-5.219276418791891914e-02j), (5.804495031533822569e-02-1.829463333736834965e-02j)
 (-7.490629318500430234e-02-3.317864683094849387e-01j), (-2.195814789689112811e-02-2.349019455275258572e-02j), (7.875255965955073323e-02-9.082978386848826469e-02j), (1.892126999061187198e-01-2.127122115619101417e-01j), (8.845405345837589750e-02+4.293020138656104545e-01j), (1.731526639169754800e-01-7.480207426872587106e-02j), (1.537481927248956493e-01-4.204779264292500818e-01j), (7.575345112941647696e-02-1.083945594209864971e-01j), (-7.799054843299933759e-02-1.625653959646138902e-01j), (4.047157008806935574e-02-2.542221918208884684e-03j), (3.635817086972240042e-02+1.045088787179555140e-01j), (-4.438469447663687117e-02-3.953235177399828937e-02j)
 (3.779693956757624318e-01-1.433719180887985944e-01j), (3.107905571036073678e-01+3.373373044578312774e-01j), (6.952501584727305284e-02-3.156888133171918687e-02j), (-1.154293187431042894e-01-6.410257192960013006e-02j), (3.954261164170033149e-01-6.196374150210497422e-01j), (3.288332266152731859e-02+2.160517937278194633e-01j), (-3.953495559617246635e-01+4.330438398295717306e-01j), (-1.331282681177104465e-01+1.705120706968198951e-01j), (-3.722844981858051960e-02+1.482094930401644250e-01j), (-3.812133185905606375e-02-1.000489125991437522e-01j), (9.709868793807054782e-04-6.469089053968776759e-02j), (-4.269711077032989181e-03+4.708933748817129006e-02j)
 (1.853277466089506831e-01+4.128307944862272816e-01j), (1.986347836989828530e-01-1.035906653290745938e+00j), (-2.813065503914451981e-01+1.866285586097711155e-02j), (2.888054929888341782e-01+8.872834738347626371e-02j), (-4.264116662613718356e-01+3.111375515537676550e-01j), (-2.836208098311595593e-01-2.806055321136270986e-01j), (2.662224792649142691e-01-6.973493522110016385e-02j), (3.391660452374927609e-02-3.401858110557025999e-02j), (1.184875411208351353e-01-8.153387287016830576e-02j), (9.724795594305475632e-02+1.015549808378367197e-01j), (-8.860909231792623436e-03+2.794125335406708217e-03j), (2.781972435588462439e-02-2.568069896478266875e-02j)
 (-3.190287697999918959e-01+2.191832859039539172e-01j), (-1.014504850965501692e+00+6.823223259818853581e-01j), (3.227695825970711141e-01+1.387470536914190977e-01j), (-1.193814817183010829e-01-1.742248615882283913e-01j), (3.404864460587510022e-01+2.877098527987881349e-01j), (-7.657069381732012348e-02-1.180254476265832769e-01j), (2.222218921488193499e-01-2.045613605369500654e-01j), (8.180205357934326738e-02+1.666172842516742622e-02j), (-1.343628009502709497e-01+8.380018713909001549e-02j), (-1.254167879757327464e-01-7.747724335200961709e-02j), (-3.941907760428439711e-02+2.117198292465285320e-03j), (-3.515905613880025704e-02-1.532732642771368874e-03j)
 (-2.914980733730360152e-01-1.181528507067502592e-01j), (1.294683949622569497e+00+4.471328767596966514e-01j), (-1.500904859471741404e-01-2.636469079615665900e-01j), (3.033921799057743840e-01+4.260597842686334458e-01j), (-9.595310699642051189e-02-5.380203001779030325e-01j), (4.300745955194970049e-01+2.017841091202178805e-01j), (-3.728761937880880617e-01-1.562356643446806415e-02j), (-3.456370774577841032e-02-6.784829893148706069e-03j), (9.127264480035965355e-02-1.132823277826228991e-01j), (3.230149024385693679e-02+4.041904085241249112e-02j), (6.237342602638939505e-03+2.507482339659144674e-03j), (1.565468815591872231e-02+2.380010074967209982e-02j)
 (-4.427084661081202854e-02-3.684352598596355999e-01j), (-5.766907340179607822e-01-9.892305942325152479e-01j), (-1.041401454317140984e-01+2.097332797371497803e-01j), (-4.818870006536968287e-01-1.851886387842107407e-01j), (-2.728581044266759625e-01+1.750907112765286988e-01j), (-2.018212093171807275e-01-1.051952589743029715e-01j), (2.703257591800394682e-02+2.950290893511634538e-01j), (1.837720451163253610e-02-1.685598658392185867e-01j), (3.902050651423199373e-02+9.152644167846965551e-02j), (1.331444910137494220e-02+4.557286413900377142e-02j), (2.004484738733756932e-02-1.030249173023661639e-02j), (3.171355611441223007e-03-1.714548551608649496e-02j)
 (3.605983911316486545e-01-7.944649490198732456e-02j), (-2.795695223785080730e-01+7.260011469594964684e-01j), (1.711166435250829898e-01-5.188724267025043857e-02j), (2.217613602972590484e-02-6.277703273288588737e-03j), (3.392357473760101300e-02+1.900020477705717803e-01j), (-3.306843795873082997e-02+2.361698785712139925e-01j), (2.326862866481011205e-01-3.792461673304373115e-01j), (-6.399402320994174165e-02+2.207551049662697662e-01j), (-7.560576586608955263e-02-1.181765420403325766e-02j), (-3.527912897287377447e-02-4.256923993688593866e-02j), (-4.667655905925717497e-02+3.351391283493596746e-02j), (-7.943984566620720250e-03+1.318716095239743508e-02j)
 (4.247288580747604625e-02+2.574663038084766820e-01j), (2.540655386650122471e-01-1.930652748184760459e-01j), (-1.030897823205262909e-01-2.251887680586915352e-01j), (3.729899897441173451e-01-2.645535742873370566e-01j), (2.456754589803302191e-01-1.520099403782879388e-01j), (1.862762687830172570e-01-8.220910691909100176e-02j), (-2.550251626316550890e-01+2.798494263118358472e-01j), (-1.965562430947000866e-02-1.149982564638026561e-01j), (4.808975310854710083e-02-1.894649982278512335e-01j), (1.423487179101162736e-01+3.384605968475912219e-02j), (7.108290239778421171e-02-1.786441429868811104e-02j), (1.874893515899339960e-02-1.471747074960265671e-03j)
 (-1.634434153970484860e-01+2.221096686781037083e-02j), (-3.055945774985271979e-02-3.899794998374012112e-02j), (9.553174712683429326e-02+2.643541809518472618e-01j), (7.599600610544147983e-03+3.862651190811188240e-01j), (3.845586016299821219e-01-1.290805154975467051e-01j), (-1.543435984284003137e-01-2.254244647269859625e-01j), (2.045945789549080684e-01-8.783734180755572996e-02j), (3.588800282956239318e-02+2.428958919811066014e-02j), (1.679546417896906479e-02+2.484216057590795113e-01j), (-6.858121943959684386e-02-1.076036225472775387e-01j), (-1.422337410038339994e-02+1.301576187926131722e-04j), (-3.603734474619631721e-03-1.599854579779856623e-02j)
 (-1.512730186997968823e-02-1.656821543052628964e-01j), (2.523177360038774131e-01+4.061139539665843678e-02j), (-1.427144773006333300e-01-7.687352813772335702e-02j), (-4.145055419491539550e-01+9.694267476749840462e-02j), (-8.309886471526652940e-01-2.047387564345733851e-02j), (-2.545936909135574355e-01+2.388061638403898290e-01j), (-4.906747063333479625e-02-1.555993709851574425e-01j), (2.006538993245522706e-02+3.255744411504193220e-02j), (-6.521777564634786972e-02-6.704631174795602777e-02j), (-6.725980244759427462e-02+5.496854923274747950e-02j), (-4.568117103933588830e-02+1.153489500236422327e-02j), (-1.163351975927049559e-02-1.539949044738108709e-03j)
 (2.174969403801841894e-01+3.651737501622030063e-02j), (-3.880424309855769471e-01-1.573069101374168777e-01j), (1.593411367631566711e-01+1.100965857378631702e-01j), (-1.122109569880707369e-01-4.093329590103218507e-01j), (1.774219500736176625e-01+5.341446918902632568e-01j), (2.416251093399281458e-01-1.700580368518516128e-01j), (-1.860530847461738246e-01+2.462662996464487219e-01j), (4.864489981455187573e-02-5.289532325562214948e-02j), (1.371667831721246240e-02-6.536000573309347361e-02j), (4.082252403914910649e-02+5.435379683428251396e-02j), (4.974722735018459463e-02-9.455774719126921329e-03j), (-8.129117054281365801e-03+1.014428467892366723e-02j)
 (-1.229401013082292160e-01+2.095123900589480337e-01j), (4.147577893881859712e-02+2.235190723156699755e-01j), (-3.253802639746294911e-02-2.497301760196577458e-01j), (5.141498537478805808e-01-9.144554595870263425e-02j), (4.224801127037386417e-01-3.572571142744198625e-01j), (1.564310796623434030e-01-2.156429628743417731e-02j), (2.056059884256040693e-01+5.135920562904169873e-02j), (-5.818175939296813676e-02-1.962612871204882925e-02j), (2.039018130015908190e-02+1.251864082431177194e-01j), (-4.643763938908340716e-02-1.155883988423590802e-01j), (4.155320263464695046e-03-6.754774538425515826e-03j), (1.105373161351165534e-02+9.955377702727950112e-03j)
 (-1.297341574824293908e-01-1.636370342149205404e-01j), (-9.585951856368044727e-03-1.842942981579260564e-01j), (-2.666930540946531591e-01+1.486781697446189210e-01j), (-2.011085482020452953e-01+3.569333097996709725e-01j), (-2.288875105196046811e-01-1.694911037768497275e-01j), (-1.613965439637427834e-01+1.627065430697516302e-01j), (3.102039423688631933e-03-2.881136752927543343e-01j), (-2.627524656026377498e-02+3.389750492636889323e-02j), (-7.153366955305145991e-02-1.910274041311623705e-01j), (5.609917192398429509e-02+1.263704209580870375e-01j), (-9.682260119049998850e-03-3.276295157571588838e-03j), (5.124185899360665652e-03-1.104478608250864489e-02j)
 (1.288595233585212996e-01-7.844983432194274631e-02j), (3.464593843638144599e-01+4.074010525311391046e-02j), (5.303558821104324972e-01+1.894493941527284342e-01j), (-8.753603772521906246e-02-4.614341560423459304e-02j), (4.570432338062550837e-02+1.859690191026622252e-01j), (-6.715083960409873320e-03-1.536455300846201882e-02j), (-1.114495425898157921e-01+1.440901522514297373e-01j), (9.598841669160138035e-02+5.147513472601421280e-02j), (1.188546069563135299e-01+1.665311419797436965e-01j), (-5.508940051275931782e-02-2.765712617012176192e-03j), (-3.201471823105004472e-02-3.159120639523751300e-02j), (-7.918783801481690462e-03+3.091051795131054356e-03j)
 (1.159890164800065071e-01+8.791472337256230063e-02j), (-3.479123337651816861e-02-1.651678188254911417e-01j), (-3.018093951939348485e-01-4.849904651806509759e-01j), (1.697784970301339236e-01-2.537274558209565156e-01j), (-1.592880012373033838e-01-2.101160434949784772e-01j), (-2.365199357398807892e-02-8.177172149755547459e-02j), (9.517910685950228822e-02+2.833727508101960106e-03j), (-9.672638758829335548e-02-8.993806259022694982e-02j), (-7.985160956152219380e-02-6.058275112436511955e-02j), (7.255396978252234841e-02-5.611618378880111474e-02j), (2.157787740700919422e-03+8.218944337142300438e-02j), (9.171533086529487511e-03+2.465952082707177032e-03j)
 (-1.003116258595221494e-01+1.734474149944135180e-01j), (-3.205089309878923487e-01+4.086709137568183547e-01j), (-1.784598205096601942e-01+4.709170138241743908e-01j), (7.110261071008580624e-02+3.127250432425392468e-01j), (-2.894240909405982817e-02+3.431303162422399966e-01j), (5.334260708324945616e-02+1.434712134697885833e-01j), (-4.645761454985628675e-02-1.146454707813959230e-02j), (7.285259343115854658e-02+8.256037372050793743e-02j), (-7.163944159298375053e-03+1.487950459137260539e-02j), (-4.733455231362867360e-02-1.838705654415636465e-02j), (3.181432479410448849e-02-6.349742428452537224e-02j), (-2.854389480924563773e-03-9.470731272505111820e-03j)
 (-1.608811037818685952e-01-1.219298537032172391e-01j), (1.747757651979942595e-01+1.307293813621420928e-02j), (3.529977217783614174e-01-7.861241483266659391e-02j), (-2.248156693794712835e-01+1.428057359548856875e-01j), (4.675764291019319785e-01+1.304206140259606822e-02j), (3.426645637781926268e-02-2.184562168400132898e-01j), (-3.414771315966896870e-02+4.277911894706298152e-02j), (-9.107887977169945581e-02+2.152505739824703539e-03j), (4.799209987178660458e-02+3.204773956654195094e-02j), (3.621330886855429754e-02+3.408736750856992265e-02j), (-1.240352571089636813e-02+1.542510011033924010e-02j), (-4.426609107169054633e-03+6.278389716678005675e-03j)
 (8.019652732961200792e-02-1.030324115072595026e-01j), (-7.688417217713947038e-02-3.353915984910972314e-01j), (-2.065730109644455803e-01-2.569274418443435737e-01j), (-1.523439062967773538e-01-3.996903370453137594e-01j), (-2.720511796146111716e-01-4.067574470503435569e-01j), (-1.446999908307501914e-01+1.183876913378349299e-01j), (6.619069761206494706e-02-7.386374902937914433e-02j), (7.516066869155672847e-02-5.437415377917840381e-02j), (-2.313282652995029415e-03-1.109378919857377660e-01j), (-7.137320264400157099e-03+2.582960978466205051e-02j), (-3.638438647403755694e-02-1.303735462244571923e-02j), (7.623946006819437744e-03-2.571893843558136546e-03j)
 (9.434941548130565403e-02-8.732193023436030099e-04j), (3.646806159047794732e-03-1.003467728411111537e-02j), (-1.228782033239456464e-02+1.770672314920072044e-01j), (3.093212391867506961e-01-5.533852438694638470e-03j), (-2.580467763238116774e-01+3.251022696488474750e-01j), (1.629349707371698652e-01+1.234596457593228058e-01j), (-3.790971148268634794e-02+1.133441332112421762e-01j), (-3.735684729786269836e-02+1.991164958334757512e-02j), (-2.249176290547269183e-02+1.268059111083222890e-01j), (-3.735123932255351997e-02-4.267183165763341335e-02j), (3.836500781892021594e-02+4.690189142684340201e-02j), (-8.324761080516353967e-03-7.462913108532484054e-03j)
 (2.810168424243366520e-02+1.521065429118333423e-01j), (3.139151548732225377e-02+1.710132101136427329e-01j), (2.798537162113648447e-02+3.193780897017078901e-02j), (-6.002987946709469058e-02+2.327901760816813992e-01j), (1.346181662720354888e-01-9.593202987295793016e-02j), (-6.350681082341991246e-02-3.173249379780989088e-01j), (8.916955155434992675e-02-1.188287737115732157e-01j), (2.219292342373754834e-02-5.039289284979815708e-02j), (1.946604475140430862e-02-8.393987319458617868e-02j), (4.138416217765707172e-02-3.850623641146429244e-02j), (1.492761999620890317e-02-1.454830498777191436e-02j), (-6.181980876460862334e-03+1.195981212784644546e-02j)
 (-1.971590498374334033e-01-2.468960118475086590e-02j), (4.087427335034111986e-02+1.525915013961181288e-01j), (1.112934347309061794e-01-1.123966608265631467e-02j), (-1.070054480196118707e-01-1.488047218416603534e-01j), (6.740732885040182781e-03-8.330912064385068150e-02j), (-1.181432706775399216e-01+1.626526362447373031e-01j), (-2.120928128831077730e-01+7.197253341182038161e-03j), (-3.783622765377961383e-02+6.647144766549761830e-02j), (-2.608818763114132896e-02+2.994418571506354126e-02j), (-1.285286473982165736e-02+8.731627111676659725e-02j), (-1.051430532856059696e-02-2.688268213698258302e-02j), (1.428855058159494984e-02+3.985909220377689341e-03j)
 (8.481739307302396669e-02-1.759634780552611355e-01j), (-2.380823163185132041e-02-2.346666296707146104e-01j), (-5.536257059482911635e-02-1.899628335070084606e-01j), (1.396188403530255195e-01+2.152440854168485851e-02j), (2.066512255568011547e-01+1.660721232714726103e-01j), (1.849653348067466785e-01+7.602312200112487650e-02j), (2.337039582357304801e-01+1.139426543577811146e-01j), (7.244903304903535513e-02-6.973414562855315135e-03j), (6.524590645815271303e-03-1.039249544361120839e-02j), (4.539267799771293070e-03-6.939228934317492881e-02j), (-3.796666094551096743e-02+1.466664193866115684e-02j), (1.339801739159142370e-03-1.567913634670749928e-02j)
 (1.240267717985605173e-01+8.887039658944134723e-02j), (-1.032869770417164240e-01-1.591813880463479602e-01j), (-1.814827693454961755e-01+2.200740273174797701e-01j), (1.910407943995109242e-02+8.913312669273681932e-02j), (-4.580880116697360477e-02-1.306122986704249256e-01j), (9.779776656640236376e-02-1.076519235421428133e-01j), (-5.840699241377653173e-02-1.804320380624926667e-01j), (-6.570501197977010599e-02-2.979115418498791065e-02j), (-6.322899398847952809e-04+6.437564590681871257e-03j), (-1.606262595420268266e-02+6.290058178424559610e-02j), (6.750081009802605392e-02-9.800059699615747133e-03j), (-1.526792319540038953e-02+9.887784530874530256e-04j)
 (-5.336656587895510090e-02+9.333793460362038719e-02j), (1.141192674284677300e-01+2.019576079455765172e-01j), (2.354857361748625422e-01+3.772575757125439661e-02j), (-1.673053711931156984e-01-2.063940555599290405e-02j), (-1.548435728047132809e-01+1.181036954220151536e-01j), (-2.997685785559750515e-01+1.101811080985218849e-01j), (-1.381014254919752382e-01+8.345577262104135474e-02j), (4.148117247717350575e-02+7.749686236353118922e-03j), (1.482825424293215261e-02+1.528120914171539682e-03j), (-1.006910101969516261e-02-3.597308627231964040e-02j), (-4.576594934197118769e-02-9.389060474201170806e-04j), (2.282078144609096283e-03+1.244181483846538289e-02j)
 (-8.314899045157750357e-02-2.189202823798574310e-02j), (9.562422166600756390e-02+1.235101405903362703e-01j), (-3.142111226657295225e-02-2.004488151301590526e-01j), (9.893052578121772078e-02-9.499786122891201723e-02j), (-7.167311794732253438e-02-8.546591741366432737e-02j), (3.430724553536952659e-02+5.651902699950043379e-02j), (8.692882186810968470e-02+1.490569735885327041e-01j), (-1.677791625954985072e-02+4.230415261863251786e-02j), (1.339378799092818054e-02+1.954590756458575093e-02j), (3.868926766901009673e-02-5.864992420360499309e-03j), (1.627968111897858637e-03+5.357531882485704749e-03j), (8.545453346030393305e-03-2.187943808766727553e-03j)
 (4.228524066888131316e-03-6.905750340744555571e-02j), (-1.523109510878478123e-01-1.470303538216436445e-01j), (-8.439565205449575669e-02+5.993778395666280595e-02j), (-9.313687190578345820e-03+1.138312241601671937e-01j), (1.470046199917582896e-01-6.119918177620393973e-02j), (1.467119889113100983e-01-1.889285390561400713e-01j), (1.486190170194949256e-01-1.835740862071990054e-01j), (-3.475429025070787825e-02-8.019121545002690088e-02j), (-2.793983558133121201e-02-2.761672243981424732e-02j), (-1.873288945891525559e-02+5.677081162116088403e-03j), (-7.212108710377653463e-03+4.767232707289793293e-03j), (-9.329899239385306721e-04-6.418170211499729140e-03j)
 (4.857090839681783151e-02-5.584185485800806023e-03j), (-7.087293207446104804e-02-1.807801325228095696e-02j), (-3.463534618492939560e-02+9.793737978039324110e-02j), (-3.573234876622301270e-02-2.315296212166661691e-02j), (2.021258104181233167e-02+1.705031798870573767e-01j), (1.058730066699478667e-02-5.148104631408124271e-03j), (-2.722813607449151574e-01+1.439096829384151760e-02j), (8.058283513102040829e-02+9.809504583611466932e-02j), (2.398443353580630155e-02-2.240170454808850659e-02j), (-2.027784846006934830e-02+8.253671871934391627e-04j), (1.478850897744304546e-02-2.354848262451289531e-03j), (-7.983954442620663783e-03-5.444217490016684240e-04j)
 (1.153323458027289208e-03+2.861355039850452253e-02j), (1.876091901289784758e-01+1.575371924793094597e-02j), (1.010377811917363838e-01-1.135013330453982748e-02j), (5.900096145446406815e-02-1.562993928165258284e-01j), (-4.011672937352676882e-02-1.795915565759357777e-02j), (-2.464837051000200521e-02+3.467317529939709098e-02j), (1.481519208736636339e-01+1.127920669434183953e-01j), (-6.575574393272878848e-02-8.749169060708496259e-02j), (-2.127778113747944705e-02+3.583184351390647504e-02j), (1.324293184558279247e-02+9.354256681113459065e-04j), (1.767684385854404600e-02+2.940763679251075409e-03j), (-9.316277418702462003e-04+1.238687615115693051e-02j)
 (-6.889967217560456075e-03-1.582037988185601082e-02j), (-7.458420250334103774e-02-9.070209650786139471e-04j), (-1.465384814693274085e-02-1.640482651785920010e-01j), (1.170321124219102574e-02+2.093182729239461415e-01j), (8.222917867217738319e-03-1.727436591656226761e-01j), (-1.166478553511020450e-01+1.287357095965442344e-01j), (3.261365454115337792e-03-1.122326033224974873e-01j), (2.917071103526344342e-02+3.515548438159386835e-02j), (6.978615989577798689e-03-2.985108991319968680e-02j), (2.022505105717604251e-02+2.103486118994267462e-03j), (-3.106334127419183716e-02+6.335310827283383538e-03j), (1.654153541251340842e-02-4.510950345607211368e-04j)
 (2.345291937385813458e-02+1.053260458185177086e-02j), (-2.205982804084379023e-02+1.282934508801097384e-01j), (-3.696045216965783420e-02+1.569334771804057616e-01j), (-1.291293433382571521e-01-8.252616560800588030e-02j), (1.484974074514976150e-02+5.911922462734185701e-02j), (1.417605871370297421e-01-1.085448871034720986e-01j), (-9.137752667791140815e-03+8.864715455730959315e-02j), (-2.680068189657394684e-03-2.790577969732165042e-03j), (-2.794686424151995169e-02+6.001275775299329263e-02j), (-4.034948035053792514e-02-1.299464292427594120e-02j), (1.133170798467407481e-02-2.113620927420740286e-02j), (-2.802253487689186119e-03-1.756153599016001265e-02j)
 (-6.164183557300369209e-03+1.221062236186681860e-02j), (4.050635278794328942e-02-2.383195079233771940e-01j), (3.623927919029767963e-04-1.057440565746686906e-01j), (1.517931548986795609e-01-5.060916112595760519e-02j), (-2.325215788534160111e-02+1.780219486358874253e-02j), (-2.023888762784134543e-02+4.820150488782190545e-02j), (2.224634639196406902e-02-9.563972436344927996e-02j), (-2.963049408810458640e-02+3.615368280089864550e-02j), (2.172464675135317089e-02-5.282941818196594530e-02j), (2.421853723167733188e-02+1.492451619429315673e-02j), (-4.433038497950706099e-03+7.172513593186905997e-04j), (-1.501799483886378898e-02+4.317047257550124528e-03j)
 (-3.664302420810783278e-04+1.712389565673343161e-02j), (-1.157440329123329142e-02+2.070585051942590571e-01j), (-3.312833128962981710e-02+1.560430745759730509e-01j), (-3.772099375596661697e-02+1.169205599273412666e-01j), (-1.049663167862565638e-01+6.786356318220773676e-02j), (-6.869818310430714225e-02-3.921550731775597098e-02j), (-6.878133350270687618e-02+3.711468570731513844e-02j), (2.938164485382030455e-02-7.462674541355798774e-02j), (3.814720442380130361e-02+3.050534310664308746e-02j), (-1.401447082655173093e-02+6.666658219778232725e-03j), (2.331383260596512144e-02+2.285681660624417494e-02j), (3.849519444152991327e-03+1.133459673282162863e-02j)
 (-3.257159500061736213e-02-2.872490075933840925e-03j), (4.341955794527564694e-02-1.590797886219882940e-02j), (1.628946610938248329e-01-5.434121814124767691e-02j), (-1.008514448665183694e-01+5.148250901522512940e-02j), (1.293443433106556406e-01+3.549170043553152853e-02j), (5.460606612767923002e-03+3.678661002018998594e-02j), (5.525769229540086758e-02+3.623582959461421615e-02j), (4.914146311228891062e-04+7.547591530597939913e-02j), (-5.749553512481524881e-02-2.710484673688433321e-02j), (2.703574750709728317e-02-1.777220576115157852e-02j), (-3.673519830566075034e-02-2.805510515910233926e-02j), (9.982847848534828761e-03-2.123569443144320782e-03j)
 (1.537894435481762176e-02-2.852883622332812522e-02j), (-1.566601411277321887e-01-1.521472612593884749e-02j), (-2.499702778377318191e-01-1.871367189517700869e-01j), (6.929488682231524366e-02-3.104574828035426837e-01j), (1.174808316084939436e-01-1.040961430638890628e-01j), (1.640854387898768585e-02-2.983058694443184444e-02j), (-2.147342672494925719e-02-5.260247984670446408e-02j), (2.577682040662143334e-03-6.702469929651090619e-02j), (3.248245692595273793e-02+1.303173478433344162e-02j), (-3.215121395200263611e-03+2.308456982740666671e-02j), (1.097819067728492831e-02+3.714866413401105710e-02j), (-1.190503646043546658e-03-1.260904205139299489e-02j)
 (1.797240736095350594e-02+3.626214930706983530e-02j), (1.002527117512553162e-01-6.196550381780234484e-02j), (1.430846832189472395e-01+2.112411410359038011e-01j), (8.837255771321020359e-02+1.458387959830178271e-01j), (-2.196859118535874900e-01-1.033012600133061398e-01j), (-1.337940831673292003e-02-5.621742117630598723e-03j), (-4.062759837118609663e-03+8.573365419030689813e-03j), (-2.517533180034559753e-02+5.627490363962917019e-02j), (-1.996456213626588566e-02-6.008569416654750694e-04j), (-2.254168618956105610e-02-2.825295529511212198e-02j), (2.470305734003208804e-03-5.439796563444593280e-02j), (-1.723629721862813408e-02+2.652040876689422920e-03j)
 (-6.779339757084920648e-02+5.102833657484383972e-03j), (-2.702597407618451131e-02-9.885298163721062403e-02j), (1.147397709123190307e-01-5.744463679858242272e-02j), (-1.174355571447382451e-01+1.926341659976447684e-01j), (2.234244915281920207e-02+9.941699113117703768e-02j), (7.701195578835569322e-02+8.115587459610884569e-02j), (4.699854090682124841e-04+4.409235814928200159e-02j), (2.070969183270676001e-02-5.877402034905426093e-02j), (2.601084236022298962e-02+1.979479844945730704e-03j), (3.394176810939172895e-02+2.835429158407803962e-02j), (1.844152516921589852e-02+6.384217069714044623e-02j), (6.281457628555260631e-03+1.932499480598721259e-02j)
 (1.633546182657631685e-02-9.031323988540555792e-02j), (-1.287634179481118163e-02+1.464148272681032870e-01j), (-2.281962001215531721e-01-2.753734590895459688e-02j), (-2.322297467156145268e-02-1.769837981885457046e-01j), (1.126975369366342988e-01+8.645036898620646337e-02j), (-9.236938114062856475e-03-1.534996592178204944e-01j), (5.813578734194524422e-03-4.805879260499430761e-02j), (-6.789130646240128242e-03+6.690166538152948761e-02j), (-8.316958348508178209e-03-5.372293801164690352e-03j), (-3.942224512278345860e-02-1.579744070504505299e-02j), (-2.555370098336116544e-02-3.332787411286115831e-02j), (1.530463153059446330e-02-1.004999459381386226e-02j)
 (7.849894090147756243e-02+2.799951515304410776e-02j), (9.347901306358752382e-02-3.808153190474936056e-03j), (1.555575183948186280e-01+7.484510136898014920e-02j), (1.658187516320804855e-01-3.309146584876003494e-02j), (-8.500726280204372320e-02+9.834567112854142312e-02j), (-1.421487972045941683e-01+5.449432867888794052e-02j), (3.970476150784791464e-03+1.978324418782110433e-02j), (2.178928718333266248e-03-1.979546174883903276e-02j), (-1.411010414368261100e-02-1.916125391363945885e-02j), (3.139152552084741032e-02-3.050200548750235663e-03j), (2.094435602905080421e-02+1.072526489046524145e-02j), (-1.134130228177875066e-02-5.770957070745348118e-03j)
 (-8.828280244368366669e-04+4.985493913638210095e-02j), (4.234883537985601604e-02-8.216981114883167847e-02j), (-3.823602113523413143e-02-1.418662258496185546e-01j), (-1.140201602459275654e-01+2.310631210236901989e-01j), (2.632571418781944061e-02-1.307525709213770981e-01j), (6.728645431247164133e-02+1.361808796156397938e-01j), (9.334372090028447005e-03-7.367500718588569641e-03j), (-1.160176685608003792e-02-2.547229304017980395e-02j), (-7.027095997734652405e-03+5.370426029029627679e-02j), (-2.182207675919958789e-02+1.801214114884755468e-02j), (-1.276540885053437449e-02-9.351870192778126770e-03j), (4.531773465494057587e-03+8.581121961357119493e-03j)
 (-4.861464897757691861e-02+4.586307765524259838e-02j), (-1.771932293177456708e-01+8.313993912105582806e-02j), (-7.663038668674547471e-02+1.260163315499500392e-01j), (-1.636269446902867963e-01-2.463009441535272126e-01j), (7.616271209707260736e-02-2.618841753029532704e-01j), (1.783767008102013496e-01-8.052172989063438591e-02j), (-3.511366589229972246e-02+2.030282457890081327e-04j), (2.986955457502757372e-03+2.327581119714096022e-02j), (2.716153173803462217e-02-5.970590838345560952e-02j), (2.144658549173169421e-02-2.107011685380993926e-02j), (6.389575866514223858e-03-1.298279257401172698e-03j), (2.479186991671654058e-03-1.006504962360599102e-02j)
 (-5.517440501445795148e-02-7.292841963434423813e-02j), (7.682896108645846656e-02+7.449867241506241688e-02j), (9.845522203329583333e-02+1.108598292448075007e-03j), (2.622808739069685258e-01-1.290728166925837056e-02j), (-1.322587907695200182e-01+1.630562686728365684e-01j), (-2.323266540007232761e-01-1.276726194053067198e-01j), (3.863191833298766642e-02+6.251811519858879729e-02j), (2.428391401171974689e-02-2.405722821176592419e-02j), (-2.754807484697806980e-02+3.189984690555194152e-02j), (-2.489882485112481988e-02-4.418100946908396637e-03j), (-4.110481267392655791e-03-5.772825639691798322e-03j), (-8.375481908221651256e-03+3.936343218463725542e-03j)
 (7.378670429252927321e-02-1.877674934304917123e-02j), (-1.337748347212444622e-02-1.553128863792268000e-01j), (-2.359962319069624018e-02-1.051950563090214008e-01j), (-7.730952166294463579e-03+1.625069710234662845e-01j), (8.984229045393243851e-02+2.293392406504635439e-01j), (-8.254009750166144133e-03+1.403409971939021950e-01j), (7.157487892331095003e-03-8.532343939447933900e-02j), (-1.823607396623021237e-02+2.167839049726967907e-02j), (3.437645396539840831e-02-1.493391192108924591e-02j), (1.836715753516993468e-02+3.294033693930620288e-02j), (-4.667527106611488175e-03+1.509313828816845858e-02j), (6.934849198663653111e-03+1.468246059146902528e-03j)
 (-2.482687853874038231e-03+4.163910985730602532e-02j), (3.692316427277109181e-02+4.066438164015286072e-02j), (-2.493572934639776834e-02+5.003964571590098498e-02j), (-1.452277637963077517e-01-5.082642176091696495e-02j), (-8.027046238877116879e-02-9.147392901065229398e-02j), (1.705922276087621370e-01+1.312380980057681334e-02j), (-3.155721374733828216e-02+1.676885477754976039e-02j), (4.790654940133713159e-03-2.490682369369331961e-02j), (-3.111236992145051394e-02+4.065266461222943190e-02j), (8.733720777181928560e-04-2.029709565212629505e-02j), (1.375894828026995309e-02-8.133852477426494615e-03j), (-5.963972002050832270e-03-4.601225189726466762e-03j)
 (-3.173519098765249097e-02+2.997813300295353034e-02j), (1.616010657130914629e-02-5.130813912278919808e-02j), (-6.880273971122737031e-03+7.585460646943317786e-02j), (4.464480824253155844e-02-9.333513883345839757e-02j), (8.623671556575390751e-02-1.072222995748911278e-01j), (-7.427694575156586210e-02-9.905529890584736930e-02j), (3.086421048609919865e-02+4.568568852916055079e-02j), (-3.340394461797653591e-02+1.874603822548779469e-02j), (1.144658067014511435e-02-4.989547243098221146e-02j), (-2.113554884437207626e-03-3.707988780458998379e-03j), (-7.922816613776379607e-03-4.549778442436905670e-03j), (1.604695357861359636e-03+9.686135320623640715e-03j)
 (-7.650669326456542574e-02-7.349114274516257983e-02j), (-1.779940574444912049e-01+1.825675185712868354e-01j), (2.458847317781222633e-02-8.386753895366341749e-02j), (6.183176983790928533e-02+1.284766733085602741e-01j), (-1.553800367906429253e-02+3.291659757193814151e-02j), (-3.297882303613629273e-03+7.370667336101220657e-02j), (-5.657641599702911001e-02-4.670045950330949797e-02j), (3.728037079566480505e-02+8.582064572918851608e-03j), (-5.619091493155273231e-03+1.503494271876722882e-02j), (-1.609799175038594335e-02-1.082224177241594004e-02j), (-6.173745760329621760e-04+1.694548014276644685e-02j), (8.209607417742122853e-03-7.686401180026442362e-03j)
 (1.139373358387289481e-01-8.825362701660680043e-02j), (3.398410880791036814e-01-9.295872193386542359e-02j), (1.500397175726506105e-02+2.507353601888449510e-02j), (-1.054795045147978033e-01-1.513082742738380143e-02j), (-3.996676020700497267e-02-3.785974666209447614e-02j), (1.035070286446088117e-02-7.628887355041777396e-02j), (5.892007906946450380e-02+2.741517741346284620e-02j), (7.539929778426490703e-04-1.755991938236514671e-02j), (1.811372625877891857e-02+2.696097091815414723e-02j), (6.984015548575757404e-03+1.881035788780734824e-02j), (-2.556801220352442061e-03-9.256793458422524906e-03j), (-9.851657960815683734e-03-3.152350449291808129e-03j)
 (7.939251596032348424e-02+9.480678084095268965e-02j), (-2.587425590484677684e-01-2.099767869088894345e-01j), (9.207663407155057544e-03-2.904220311998735593e-02j), (8.789016102491031823e-02-1.391263245816705130e-01j), (-5.130732155306211295e-02+2.233018286346384607e-02j), (-1.901284108149141686e-02+9.530594738491421358e-02j), (2.608804801499692294e-03-2.127479000970780229e-02j), (1.377769768303487019e-02+1.898902174417553546e-02j), (-6.687846548331304736e-03-3.527851867311802836e-02j), (1.689004832118745983e-02+2.631514173168258974e-03j), (8.154408329896053326e-03-3.428604293023176930e-03j), (2.070624118468122540e-03+7.022772304671163340e-03j)
 (-3.846392593915606145e-02+8.601969187623695334e-02j), (5.910228096555059096e-03+3.613691996017092123e-01j), (-9.360802705952706027e-02+5.006351568060696949e-02j), (5.215183285816858694e-02+1.418371725477435286e-01j), (8.576864833230821161e-03+3.366882109952736013e-02j), (4.402687528895598418e-02+1.342217372995113678e-03j), (-7.561624427563197470e-02-1.327249257185085518e-02j), (-1.559921364612599365e-02-2.625102911521318139e-02j), (-3.371082560723894644e-02+2.891712295712027536e-02j), (-2.232531256803182290e-02-2.283798586978037087e-02j), (-7.120248880963639740e-03-2.907493478250386051e-04j), (1.245097578270400445e-03-4.282650039029850357e-03j)
 (-9.570290417735739796e-02-7.812552034855535510e-03j), (1.090394174016969253e-01-1.719634228850082935e-01j), (7.658636024906068096e-02+1.588922898680797391e-02j), (-1.852167775991278298e-01+7.088881356013956858e-02j), (1.715573814463194069e-01+8.720846172692658937e-02j), (-6.100673949894019898e-02-1.072187553799084092e-01j), (5.817971556556306156e-02+5.761025237365689777e-02j), (-2.480435080040540446e-02+4.509850033280805165e-02j), (4.001229768623376648e-02-7.222161524646487224e-03j), (6.022028353424939071e-03+3.102634726827174783e-02j), (3.354971900187782817e-03+5.082198449437689766e-03j), (-2.254490880960188098e-03+4.048618964018198957e-03j)
 (1.525411589196549317e-02-7.035119209142359775e-02j), (-1.103624340459807424e-01-5.422536080632604089e-02j), (3.262378277646264813e-02-1.047381990625538828e-01j), (4.639994044065438861e-02-2.003100004914695198e-01j), (-1.141325329703301097e-02-1.647588866650575856e-01j), (-2.728773523682004321e-02+9.937208330149471802e-02j), (1.777208708530784304e-02-7.512281146266695797e-02j), (1.585821006498534108e-02-5.238010058494423776e-02j), (-1.145611023870874573e-02-2.654151588079809235e-02j), (9.709243604723609075e-03-1.706653457039057631e-02j), (-4.281823967136428807e-04-1.270160787179382654e-02j), (6.329415381260318149e-03-2.729767681606583805e-03j)
 (1.501247766753573479e-02+2.209135385168253807e-02j), (8.193848707850356905e-02+5.078087014968583890e-02j), (-6.649066342915246897e-02+8.162182518272928511e-02j), (1.556556163838739293e-01-5.331498422823575251e-03j), (-1.804026604654114796e-01-1.993167786171770595e-02j), (8.501408644882162136e-02-9.551408582486364818e-02j), (-6.863975272936065353e-02+3.008559489855788111e-02j), (1.025201753038987307e-02+3.216897830439754968e-02j), (1.924806667909530894e-03+1.387901677785744955e-02j), (-1.609302067327610802e-02-1.848246969050489075e-02j), (-7.990336025759122926e-03+5.615316325730370164e-03j), (-7.732980163317023509e-03-5.134103626148809121e-03j)
 (-7.914819181437431073e-03-2.348723674058691979e-02j), (-6.111561796766126764e-03+1.117891365173279833e-02j), (1.881910568935685202e-02-2.739874898458696459e-02j), (-1.730765469638414350e-02+1.984750101238515752e-01j), (-1.317233506781174956e-02+1.659046587506136372e-01j), (-1.507087780861026544e-02+7.810693807550773970e-02j), (3.426394961844621279e-02+5.288626474208019124e-02j), (-2.086395743222674987e-02-2.655749051193507723e-02j), (1.168306519949009400e-02+1.147946179898111721e-02j), (1.625867857077151202e-02+3.159423974632053628e-02j), (1.317192531294341870e-02+1.568650415040077212e-02j), (-1.650755019389918768e-03+9.987138935992156616e-03j)
 (1.694084066592061594e-02+5.968994930906513369e-03j), (-6.492102474951622071e-02-3.152868470790384792e-02j), (-1.958177929623883262e-03+2.746782770738073753e-02j), (-1.770110322122470103e-01-6.360947978501962918e-02j), (1.724624771837516835e-01+1.738658609779055939e-02j), (-1.496913904975466503e-02+2.644767419821905663e-02j), (2.627651701295451170e-02-3.848029515403393608e-02j), (2.239741091532834044e-02+2.022896068247548307e-02j), (-2.833600089249095275e-02-2.425648028181605007e-02j), (-1.196321088505107946e-02-8.394307541335941508e-03j), (-1.083413242798863738e-02-6.827048269224086224e-03j), (8.592224181715749087e-03-2.438532139470049424e-03j)
 (3.475180131163692343e-03-1.822486737049369698e-02j), (5.361785535167128136e-02+5.442981941216475800e-02j), (5.392154430206243937e-02-1.523566410464000098e-03j), (5.303671108887204194e-02-1.097847447478489252e-01j), (-5.699055836382060924e-02-1.417023766384281347e-01j), (-8.941843664679316461e-03-1.230287838709560322e-01j), (-1.878260600394210736e-02-1.235865723574409471e-02j), (1.304382137274281810e-02-8.261610094912530053e-04j), (1.207566323995287391e-02+3.150938295723774984e-02j), (-1.125756004312720646e-03-6.401565674546555451e-03j), (1.700039683886514497e-02-8.896058595059297067e-03j), (-5.788675302953969273e-03-4.978506030679546307e-03j)
 (4.865638213910580129e-02+2.994430482750207179e-02j), (7.546021717141339347e-02-1.517894668644221845e-01j), (-7.108385016615323404e-02-7.543593822414471073e-02j), (9.905088029405251238e-02+5.158974141290050691e-02j), (-6.984544844176897305e-02-2.963390374641438132e-02j), (-2.415166018666640296e-02+1.235328329024530658e-01j), (1.148634519061063342e-02-2.007548494040013037e-02j), (-4.816886663676830244e-02-1.685749695289448513e-02j), (-2.865526204725628995e-03-7.595671609725657136e-03j), (9.524458250357571015e-03+7.100452852703012518e-03j), (-3.256501875644794014e-02+4.616737090518057557e-03j), (-1.790835113837508166e-03+7.585531627446231648e-03j)
 (-4.693860723563417214e-02+5.548465833739132241e-02j), (-1.431997756450712200e-01+2.001149104681635704e-01j), (-5.374377517036038610e-02+8.871772672689343109e-02j), (-2.460959415671618022e-02+5.343462464480019936e-02j), (2.660376774821160417e-02+9.326952592631709837e-02j), (4.592379106699817637e-02-4.230295288301594292e-02j), (2.236918398319745482e-02+5.757045514546692278e-02j), (1.261702616328495841e-02+1.194104013164085099e-02j), (1.249720850936331812e-02-2.292370779078071324e-03j), (-1.319232951395757358e-03-1.389768100744090407e-02j), (4.030639397305707528e-02-7.219110754116804529e-03j), (7.537725651099808077e-03+1.001982506244697424e-03j)
 (-4.441313399738928275e-02-3.289154850556622045e-02j), (9.884789492178434889e-02+1.237858995564679321e-02j), (1.717774831891794585e-01+2.233740110196666406e-02j), (-5.039388779894190401e-02-3.845023124429850642e-02j), (9.057183874097739229e-02-1.236715796731000308e-02j), (2.057154012851756392e-02-6.403305850967797030e-02j), (-7.994579036524097904e-02-6.251778607447661118e-02j), (2.008971360309855930e-02+3.151037089974466354e-02j), (-1.196652452361758254e-02-9.917886935926482905e-03j), (-1.170527992903572581e-02+1.823286315104991062e-02j), (-2.809674153674582980e-02+1.783324592235748310e-02j), (2.664303923079583067e-03-6.025896807308259509e-03j)
 (-8.063667706301957949e-03-3.725063530054578687e-02j), (-7.358913373865043350e-02-1.470066215103331408e-01j), (-9.965829391469688270e-02-1.514624111602833889e-01j), (-1.141745130210567588e-02+1.718830030303321321e-02j), (-4.823374765188942481e-02+1.747677453059545694e-02j), (-7.833466865872527884e-02+9.150592660365775011e-02j), (3.034812661194006070e-02+1.578440571446875634e-02j), (-5.776681923966974636e-04-1.122298024029902072e-02j), (1.260250106057162964e-02-2.177485970626668807e-02j), (1.740600358591164187e-02-1.344235025364251546e-03j), (9.627962800023334364e-03-1.473819120732149969e-02j), (-4.156907541046550927e-03-5.156091437010731221e-03j)
 (4.592997303371026269e-02-4.562340117617982860e-02j), (-5.645466958770789523e-02-8.056287853211132471e-03j), (-7.149404378815744920e-02+1.653581990650234979e-01j), (3.270628220813139031e-02-6.180083606329390272e-02j), (-1.088616452583756611e-01-1.463232380603348912e-02j), (2.265324213366032291e-02+6.607180301072856921e-02j), (4.055913750864396927e-02+9.084904779977819034e-02j), (4.172735389357201327e-03-4.422156453580637636e-02j), (-1.732502965024566507e-02+5.309232469499274021e-02j), (1.383770695499823844e-04-1.446199690584093131e-02j), (-4.558099044580745697e-03-5.245965972116420351e-03j), (-6.527413660016066245e-03+3.271961402702579062e-03j)
 (5.498845294600390038e-02+5.357774575168020026e-02j), (1.325324067539058737e-01+1.091803257467578447e-01j), (1.455218796662637315e-01-6.091908395846153124e-02j), (3.776553547504581110e-02+6.238685019812353905e-02j), (6.017305496835544110e-02+5.185523012644938090e-03j), (5.153762942833104571e-02-2.065735980180127829e-01j), (3.228145733169540676e-06-9.993827904299776299e-02j), (-3.149762889034860014e-04+1.732460283532876247e-02j), (3.847897713136341075e-03-3.586324969722498590e-02j), (-4.972404766357400863e-03+8.173603597499344911e-03j), (7.058744572558514098e-03+2.049213097377903386e-02j), (4.027803325354109912e-03+5.772127715065670031e-03j)
 (-3.704847335109955064e-02+4.696309476814021500e-02j), (3.941156632420558109e-02-7.139636178165141567e-02j), (-7.198102709078466055e-02-1.854374411290538732e-02j), (-2.256193457049561479e-02+9.440076388727184492e-03j), (8.276265500487839377e-02-4.934395876744041010e-02j), (-4.445253047344506492e-02+1.103570123637329647e-01j), (-2.966776672155626432e-02-1.863891692975341158e-02j), (-1.890681718717221807e-02+1.813865726334112222e-03j), (3.217192975041029135e-02+2.462157913878595603e-02j), (1.033735836823503583e-02-5.560258039000025646e-03j), (1.187683691679512418e-03-2.174485101402072462e-02j), (3.193626239570178122e-03-5.804580095835868911e-03j)
 (-4.756203510396759399e-02-3.934746674022694679e-03j), (-1.400790143808208488e-01-1.258611163581437736e-02j), (-1.217335963627913520e-04+2.725399716219541885e-02j), (-7.089544892999309622e-02-4.352442588452561101e-02j), (-4.908830267177595463e-02+2.047626852071629533e-02j), (1.272942311156913253e-02+5.648678810638479986e-02j), (2.000622964129732811e-02+4.840917918516783602e-02j), (-1.905627130310732359e-02+3.300550494826639397e-02j), (-4.342996099585359759e-02-3.159650609954658962e-02j), (-2.613829440110489177e-02+3.455525723524968326e-03j), (-1.037031816893366903e-02+1.938209626786958212e-02j), (-7.056065109225044193e-03+4.781597537557771144e-05j)
 (-1.794121566796948175e-02-5.476151551071292700e-02j), (3.271915109179446279e-02+9.110711522501638293e-02j), (-1.332667444561579789e-02-1.316312106705512519e-02j), (9.198161831894810514e-02+3.428407444129754483e-02j), (-6.158914296989226322e-04+7.801922997517918290e-04j), (-1.698230455136673367e-02-1.368907965425808781e-01j), (-6.548696935699314936e-02+4.394526493453173449e-03j), (4.241841166836859273e-02-4.058198498642250768e-02j), (1.676441507790444110e-02+2.760385453123965702e-02j), (1.787135441197994223e-02+4.048744005094348508e-03j), (9.589073863748480767e-04-1.716125688245430381e-02j), (2.607173441078986659e-03+6.399358500652790882e-03j)
 (4.528914231005703311e-02-2.311128271218034630e-02j), (1.215511913826742285e-01-6.853313830107635174e-02j), (3.279310320733128115e-04+1.355800024928296293e-02j), (-6.503588936349273542e-02-1.515450769132310749e-02j), (4.273066575323276883e-02+9.938686346759137424e-03j), (5.058008151120528539e-03+1.375102509531299366e-01j), (7.089699862163188759e-02-4.258612720014251507e-03j), (-1.739638612702374548e-02+3.774857116999093265e-02j), (-9.187396661278303400e-03-1.449111253818977964e-02j), (-3.858880776342896515e-03-1.332117393389921529e-02j), (5.150564498393040216e-03+1.456882444576797914e-02j), (3.599891197622423229e-03-3.448271878399495650e-03j)
 (2.863915215597610114e-02+1.923979641279820185e-02j), (-1.350025869335422790e-01+1.293981759247594954e-03j), (6.586535764893788891e-02+6.710326692145952496e-03j), (1.856199428173194166e-02-1.650412376003977666e-02j), (-1.032638014410295346e-01+7.099175196358474549e-02j), (6.732446990728920000e-02-8.429425784632481322e-03j), (-1.133531288673814141e-02+3.251683666943483431e-02j), (1.629166107059550062e-02-3.935241011440354653e-02j), (2.382732721990427766e-03+1.046721659065370444e-02j), (-6.204555308976577449e-03+2.524436065699436904e-02j), (4.208116094291824809e-03-9.540349169863841794e-03j), (-2.157629361366765822e-03+2.649111287581010221e-04j)
 (-1.069272735856913181e-03+3.586808016273255323e-02j), (-1.106990782157041275e-02+7.615114074302539726e-02j), (-6.198652617772049123e-02-7.764517561492974285e-02j), (3.009613366236425780e-02-4.818365859329554884e-02j), (2.238775739526964459e-02+7.523210334109270425e-04j), (-7.319541923547270845e-02-1.557779004025756919e-01j), (6.839582461027116089e-03-6.305244711388306722e-02j), (-1.043093134170673675e-02+5.015859727519278444e-03j), (-3.910998464857070103e-03-1.117922815781995441e-02j), (2.331973937827582638e-02-1.790474693539375467e-02j), (-1.423218076290255762e-02-7.361754617765843556e-06j), (3.506987726163164794e-03-8.488625733769987990e-04j)
 (-3.036493147177114771e-02+3.085247289936039750e-03j), (7.050445312367452366e-02-1.218187354445282033e-01j), (-3.359142653677353596e-02+9.787065734270020134e-02j), (5.371569057900494465e-02+1.455356606323359725e-01j), (8.003821476556557957e-02-1.820446911394361100e-01j), (-6.548085401620443169e-02+1.283728178356804972e-01j), (-6.272751722088788784e-02+1.620957292217647255e-02j), (-1.911295541711740750e-02+2.033504190572992670e-02j), (2.843209875797127195e-02-3.318083362036705619e-03j), (-3.979972409254822763e-02-1.327819949241825642e-02j), (1.440953175987932586e-02+2.060413241646091680e-03j), (-4.344230791315551420e-03-4.846470691004117065e-03j)
 (-9.870385952208647617e-03-1.954167888041306866e-02j), (-5.764852331746478376e-03+5.682008057496301667e-02j), (6.012647526501627843e-02-3.159514078486628380e-02j), (-1.431474802701503124e-01-5.122171057811016753e-02j), (-6.061326661414467853e-02+1.660753524980906892e-02j), (1.504455058679110002e-01+3.132079198632660433e-02j), (9.022971581613223324e-02+1.944642386236900347e-02j), (1.770618723816734172e-02+3.009017890161442069e-03j), (-5.204377310137692919e-03+1.218317716807753442e-02j), (2.531217487795614507e-02+2.429418240398364959e-02j), (-8.750328365457419461e-03+1.244516092876716239e-02j), (-4.081031183305808621e-03+6.717677576572849384e-03j)
 (2.813669125239290358e-02-1.930313836367326952e-02j), (-6.154948222381828593e-03-7.029766741577750389e-03j), (-2.119045375181496244e-02-1.563188837499846981e-02j), (6.338561037284973221e-03-9.078034521741391860e-02j), (-9.797600734524014587e-03+1.677603094092253999e-01j), (-4.340084680831550468e-02-1.219704694656200683e-01j), (-6.307280031050097047e-02-1.865509176288564219e-02j), (-1.027546352610168336e-03-2.944144660329477137e-02j), (-3.696523399012840994e-02+3.379496211668650552e-04j), (-2.753320475185499529e-03+1.166595309063566191e-02j), (1.103826292273204016e-02-6.783698005983199511e-03j), (6.755214158590768826e-03+2.054394389004509346e-03j)
 (1.280239196747924579e-02+5.175933071831191612e-02j), (-7.718125908571152327e-02+1.642524051473905067e-02j), (3.775873481794243813e-02-2.842622718053737507e-03j), (1.514078203365284425e-01+3.244451055329544698e-02j), (5.491570802740012441e-02+5.885976489447802829e-03j), (-8.236159835044247479e-02+9.302221513196275160e-02j), (3.232019603407135927e-02+7.637910240354123248e-03j), (7.298080215528400874e-03+2.558577875100072688e-02j), (3.363706043701508025e-02-5.619601137641141650e-03j), (-5.424153799799145449e-03-2.759963261199826351e-02j), (-7.414983581868692109e-03-1.726333896249142991e-02j), (4.170849274608102661e-05-4.366808315738723162e-03j)
 (-5.699854959318281095e-02-4.769155441948558227e-03j), (1.210527420276199390e-01+1.053451755952700131e-02j), (-9.014419101045594018e-02-8.169525760342334630e-03j), (-1.249960157130242389e-01+1.020973806451353216e-01j), (-1.889321069595371883e-02-5.208719539131229787e-02j), (8.353798720762944940e-02+6.662114383172525189e-03j), (-2.143552954330173177e-02+6.697768580171993558e-03j), (6.451385986517477536e-03-1.163318323013615152e-02j), (1.633098181469817833e-03+7.338345455849345708e-03j), (2.003529637610905814e-02+1.133668427328484926e-02j), (2.314266712160541195e-03+1.967899538809784674e-02j), (-7.367399969621301822e-04+1.010543483983641390e-03j)
 (3.504691711763489176e-03-3.505557638492262651e-02j), (-1.189298107433635343e-02-7.619280937746314430e-02j), (7.687518441939596159e-02+2.763053152525735828e-02j), (2.072910735106478497e-02-6.883128349512111777e-02j), (-1.929054518799268314e-02-1.049597048814226025e-01j), (2.194138738312867432e-03-6.637083447150526894e-02j), (1.254692767039256029e-02+1.361955431402699090e-02j), (-2.626569530929510898e-02-5.554692833757875203e-04j), (-2.486106400609527922e-02-5.679111255704853700e-03j), (-2.831259762071405145e-02-1.911440001728537119e-02j), (-7.607556418232256680e-03-1.463379180338980970e-02j), (9.396043375953494871e-04-2.320643413248155585e-03j)
 (1.480952150568468767e-02-2.323101008168772241e-02j), (-9.786376370666308167e-02+1.083061168651810735e-01j), (1.245522713821903965e-02+4.878403658805707810e-03j), (1.343465967832326718e-02-8.864612497550215797e-02j), (-2.114457505016496819e-02+6.269939544845241908e-02j), (-4.038144270515492407e-02+4.611485885111216154e-02j), (-9.534841882343419311e-03-3.218614075154017234e-02j), (1.252810354153987595e-02+4.714432032791768604e-03j), (7.396823522088678132e-03+8.366222548911346479e-04j), (9.279847414517995371e-03+3.046948149727039812e-02j), (1.087838164658993037e-02+1.036455591891850998e-02j), (-3.453515646433829526e-03-3.010789637778602326e-04j)
 (4.836041008497833638e-02+1.469674942619902946e-02j), (6.004430654158555286e-02-3.617127682107665332e-02j), (-2.003421940472756291e-02-3.256655429226229526e-02j), (6.518667981531243993e-02+1.155604561481361897e-01j), (-1.460289892492985797e-03+1.057975716789365528e-01j), (-9.158400026644919478e-03-5.620412844901802318e-02j), (3.926159329206030391e-02+2.967831983279119873e-02j), (-1.012563381078754494e-02+5.241409849222628675e-04j), (1.371382430401628903e-02-2.228694366667183235e-02j), (5.488644072110710620e-03-1.037095589393199208e-02j), (-6.775333629555866342e-03-6.819491880836536096e-03j), (1.303531298792277512e-04+2.586627967135961791e-03j)
 (-2.043627360087360567e-02+5.565644297557793829e-02j), (3.254851409085397079e-02-3.388796909010885483e-02j), (-3.539801442978911250e-02+1.270941616371536187e-02j), (-1.026531303397775208e-01+4.388703693194009881e-03j), (2.186296218473547659e-02-9.847684342756933551e-02j), (-8.522094425402151896e-03+7.363997318275102011e-02j), (-6.536099995551522546e-02-4.940192563123080305e-02j), (2.113034497805248157e-03+5.636967159844991082e-03j), (-1.443241462233740315e-02+4.836086981390995410e-02j), (2.663611896780857663e-03-5.554445234808557882e-03j), (-3.514776584104681995e-03+7.546065639081748697e-03j), (8.872656414459874005e-04+2.451128735360495053e-05j)
 (-5.637329886175034693e-02-1.733424126985893057e-02j), (-2.868859898601067160e-02-3.618669645346878072e-02j), (4.287078485843436038e-02+3.199679136286803088e-02j), (1.272482966953913941e-02-7.611665558306561497e-02j), (5.302140865250461188e-02-6.123259025095624530e-02j), (9.242749074405152976e-02+3.259960270638127822e-02j), (5.117731862825548872e-02+4.757560232032137515e-02j), (1.024411773502187893e-02-1.770195969562602528e-02j), (8.486176436554276892e-03-4.378699388196494180e-02j), (-3.877165205778675475e-03-1.756785050180223115e-03j), (1.340955367104808282e-02-3.848633779178139286e-03j), (4.300794747528788146e-04+8.451147698218704207e-05j)
 (7.299900285585657345e-03-5.722777094382569540e-02j), (-7.994605432635983056e-02+1.026967596634010410e-01j), (-3.634674337295941415e-02-2.979643628580212755e-02j), (6.234382720703421366e-02+5.299035362659385018e-02j), (-1.122532334433642975e-03+6.553996356563401848e-02j), (-5.945086010348989841e-02-1.700511598882850639e-01j), (-4.533531450109860861e-02-2.751977994283042600e-02j), (3.674539451075263183e-03+3.078899324741126917e-02j), (1.288444326592465966e-02+2.568346864745440009e-02j), (1.387031197634263149e-02-1.034315094839128105e-02j), (-1.179220008983205073e-02-7.929112275510921681e-03j), (-5.585494140657905338e-04-2.893441999352850975e-04j)
 (5.117491967042347989e-02-9.689712012905627586e-03j), (1.590618724607626433e-01-2.734391908851974834e-02j), (2.572654358101802985e-02+1.521425603889012268e-02j), (-2.978825137390620978e-02+1.103666528732627494e-02j), (-6.013927045474525002e-02+2.308521319081277556e-02j), (-2.695661313280008076e-02+1.710743919519347456e-01j), (7.834776379729485596e-03+2.475001250621672311e-02j), (-9.633396407889157145e-03-3.360172644415046483e-02j), (-2.362465645854297525e-02-9.664216185184600072e-03j), (-1.646201347058308395e-02+2.460059328659744068e-02j), (-5.026324250652625808e-03+4.696423287275534875e-03j), (9.381805531167956846e-04+2.464497747625256363e-03j)
 (3.311861545847141763e-02+4.263904799346899394e-02j), (-6.380840203557096302e-02-9.868872909762199663e-02j), (2.898661847512708223e-02-4.387783414047055630e-02j), (-5.231437229194738081e-02-4.606392070711057968e-02j), (-1.058658544962653297e-02+4.024890276049357396e-02j), (4.772802918974047848e-02-1.467652214692426876e-02j), (3.893379799057997137e-02+2.796642773131065296e-02j), (1.525304409002600434e-02+1.342483548595234388e-02j), (1.249654733636403753e-02-2.158168630639716035e-02j), (-1.123412656349042846e-02-2.331812012855873084e-02j), (1.377580004345821223e-02+1.911537113743257132e-02j), (4.327379605324814700e-03-2.886484796991215570e-03j)
 (-4.219211959663808631e-02+4.201083839786019791e-02j), (-7.931603130522996148e-02+1.717545727534398603e-01j), (-8.727966572333691053e-02+2.186061450303983245e-02j), (8.332839427730305559e-02-2.045876564038969642e-02j), (1.386868935324227919e-02-1.013239912699548731e-02j), (-6.342519776964308797e-02-1.588879228181327985e-01j), (7.471189042473562469e-03-6.117954685208704807e-02j), (-4.027656399760342135e-03+6.363096822620400994e-04j), (-6.270242600232820568e-03+3.556271178275365041e-02j), (5.194699152786055180e-03+2.644471855836782667e-02j), (-9.506603356300474122e-03-2.401458199302658469e-02j), (-4.303913867507487209e-03-4.821604382177646468e-03j)
 (-1.893296386287562222e-02-3.725154128095135159e-02j), (7.141381432725238398e-02-1.057208220239416741e-01j), (4.603578035569869109e-02+6.967407208571700650e-02j), (-2.961640041677447016e-02+1.075270353284194652e-01j), (5.500659097208537851e-03-8.110073644879708943e-02j), (2.836132584000020107e-02+1.731286553712148291e-01j), (-3.009918883908200074e-02-7.967142447741729083e-03j), (-2.074644665710637104e-02+5.220359765588041684e-03j), (2.641036392143653738e-03-3.573243538967499355e-03j), (1.611972151991219668e-02-2.388813457969971021e-02j), (2.764626295736031213e-03+4.770779493223984390e-03j), (-3.566917251644501421e-03+3.884921684344437836e-03j)
 (1.056735675945578296e-02+9.993869081448414696e-03j), (-6.645612967162285722e-02-5.885961316359072937e-03j), (5.231871324430668879e-02-1.193861435399820314e-01j), (-3.496665722715529279e-02-6.056352250814492355e-02j), (7.535591852953146819e-03-6.810072291147352408e-02j), (8.704800562200874781e-02-5.995057210100983303e-03j), (-2.612414186809797895e-02+2.550462440910163803e-02j), (1.311973698426461415e-02-1.983873944318360893e-02j), (8.535945969187724511e-03-1.240303709843866564e-02j), (-7.075998224877887155e-03+1.819561306325458150e-02j), (8.368529553450581790e-04+8.838955914774610997e-03j), (1.369088796138596747e-03+1.456769877371900945e-03j)
 (-4.919321497795847015e-03-1.702626054842458145e-02j), (9.024504410762120010e-02+2.546553628068841738e-03j), (-8.396098516813890744e-02+8.078406499074985980e-02j), (3.531538341602961928e-02-3.917439729872360110e-02j), (3.049039927459970545e-02+1.203422555624555357e-01j), (-1.155950636100119416e-01-1.476642933377727562e-01j), (2.152644886148207676e-02+2.761837934250552240e-02j), (1.429123320236019498e-02+1.824506263403355769e-02j), (-3.569576235802198599e-03-2.520342161164562667e-04j), (-3.585371440897947015e-03-7.071625631878894480e-03j), (-6.038134794526311619e-03-1.179988355132358287e-03j), (6.700211069620744253e-05+1.962175884053290673e-03j)
 (1.045990703549474522e-02+2.349063198174766720e-02j), (-5.956266810682098178e-02-7.293008458441919972e-03j), (4.564013251800973225e-02+1.103395382698567524e-02j), (2.394165647531140695e-02+1.446983171930808776e-02j), (-3.345767837474619699e-02+4.414541958607659522e-02j), (1.194162978153921403e-02+9.260872477864010022e-02j), (2.160276127251957445e-02-1.273777559905542311e-03j), (-2.137891749462091789e-02-1.763853860867345413e-03j), (-1.955775345042246732e-02-9.543903770178312901e-03j), (2.515278331095214745e-03-6.411219974838030730e-03j), (1.870889434362037890e-02-9.044191910002198631e-03j), (3.904276025882087633e-03-4.950399844292109608e-04j)
 (-3.010985532643569579e-02-1.881432880902474125e-02j), (4.615955315428840050e-02+5.485815523982860015e-02j), (-2.834667089826811009e-02-8.751038606778963058e-02j), (-8.128345555707479353e-02+5.144261243814615692e-02j), (-1.208906015077330399e-02-5.484177273075115100e-02j), (6.074986488439541865e-02+3.623298432131376312e-02j), (-6.350317605804928212e-03-5.302602279280987235e-02j), (-1.023998864399458530e-02-8.146673024315431721e-03j), (1.938833007704934136e-02+2.985498996621633455e-02j), (1.774361084760710944e-03+4.437666225488201728e-03j), (-2.463965403921580463e-02+3.572020530640193647e-03j), (-2.446943547622937917e-03-2.761908335018715445e-03j)
 (2.884773960549542188e-02-8.562883466962295520e-03j), (-5.050305805418361937e-03-4.970469228476826623e-02j), (2.519895447967232180e-02+7.843810871477960300e-02j), (6.542221642004367177e-02-3.050797884195437931e-02j), (3.941387740361323305e-02-2.630608630333481843e-02j), (-4.980002767050340645e-02-4.058830506566019070e-02j), (-1.175389315174769911e-02+2.854305448880027629e-02j), (2.385182419755126418e-02+1.049939053424582547e-02j), (-1.735014828664369416e-02-2.220081602274517549e-02j), (1.593644110115735590e-02-1.211581541359643341e-02j), (1.402134517741011541e-02+7.683766907642687431e-03j), (1.372131309900908713e-03+4.304016455610079096e-03j)
 (-8.201171120615802224e-03+1.749688655957404304e-02j), (-3.071362397249211007e-02+6.120595563738264605e-02j), (1.427102124132887534e-02-2.018100789428084463e-02j), (-1.766323080968742326e-02-1.284425372986860298e-02j), (-6.924032761618154064e-02+4.597462510110323503e-02j), (4.576307793491041914e-03+3.750144434292531498e-02j), (-1.112266223306745960e-02+2.705525277009677987e-02j), (-1.353083849160807012e-02-4.693708378168372913e-03j), (2.115342954235094677e-02-6.721298765578277538e-03j), (-3.144884913807889648e-02+2.433318690224091016e-02j), (1.216775950329074610e-02+8.438965175096677269e-04j), (4.238855967416836450e-03-6.445549386441247995e-03j)
 (-1.829789561360160161e-02-1.339472440746242166e-02j), (2.517685484876408530e-02-8.373246030854572530e-02j), (-6.385135620950832536e-03-3.861185167731519263e-03j), (-2.392498629031328261e-02+2.764885798344954293e-03j), (6.659779006412948343e-02-7.871808938656288390e-02j), (3.447856934087970004e-02-3.971395843487204175e-02j), (5.259935033222195438e-02-4.638549028534207086e-02j), (2.318556260291527657e-02+4.345857277916562005e-03j), (-8.656110736504348674e-03+1.987674810300440326e-02j), (-1.622309082086455419e-03-1.181217462715221725e-02j), (-1.263397064897412922e-02-1.426154761609068830e-02j), (-9.601215309305272116e-03-1.640480000553490997e-03j)
 (2.850863068954086199e-02-3.264889667599690792e-02j), (-4.705156949616924600e-02+1.833745375816771273e-02j), (-2.988566049766500088e-02-5.640556165248347686e-03j), (6.875910369031287828e-02-1.735045528983910484e-02j), (3.270391059489379665e-02+1.458323720369941734e-03j), (2.904527754826870256e-02-7.780946631210719500e-02j), (-6.351410159616113771e-02+6.628744232812094905e-03j), (-3.010987431442210122e-02-6.559451895073623723e-03j), (2.456483240394462773e-03+1.619177635392848869e-04j), (2.786634853214393567e-02-7.732414146957775763e-03j), (-1.415715236809958477e-02-3.634751367854896584e-03j), (2.235355401766597923e-03+8.938477363138516013e-03j)
 (3.164473019719641483e-02+4.400893977578196337e-02j), (3.641072775360103264e-02+6.569303515045593622e-02j), (1.323673915636483164e-02+3.062124710842004105e-02j), (-1.319422734956228471e-02+4.984450487136096730e-02j), (-1.077169874882862866e-01+1.714998833351779328e-01j), (-1.519629919719826805e-01+1.086928432146742063e-01j), (3.538489530298477570e-02+8.668761807830070720e-03j), (1.263502738374081003e-02+4.575728578431935423e-03j), (-2.680548336598748485e-03-1.308589075308132579e-02j), (-3.403251414754633782e-03+1.123929178818255242e-02j), (1.029841452663365214e-02+2.147565980781717537e-02j), (4.717465503880012914e-03-4.999235599903540349e-03j)
 (-2.790350520644538368e-02+2.188183658909050727e-02j), (5.972522055885039205e-02-4.512707789416799814e-02j), (1.674659397498536040e-02-3.639805126520965356e-02j), (-5.223740088846975937e-02+3.510934622760558677e-02j), (5.110967009932727845e-02-8.880252068303487456e-02j), (1.126726816076249610e-01+2.903929562475847381e-02j), (-3.499165602613420190e-02+2.467219024899823879e-02j), (1.584967055120086940e-02-7.148630547490455317e-03j), (6.347942624831282715e-03-2.329596955616278567e-03j), (-1.602151029651559602e-02-2.078422288468363688e-03j), (8.568582678830323485e-03-1.322606312036955258e-02j), (-4.814577779548970086e-03+7.887878794014316613e-04j)
 (-3.782277241995021105e-02+5.205959391174116990e-03j), (-1.110334759489760292e-01-4.080190175203031455e-02j), (-3.073985567803502739e-02+6.227020147857021543e-03j), (-2.811404392352896686e-02-8.924212569616135626e-02j), (2.511563088362977342e-02-1.403099357848668072e-01j), (3.728941487312729952e-02-7.788877825698170554e-02j), (4.349267628330481805e-02-1.348853435481900398e-02j), (-2.312206888202258948e-02+1.051051641438603343e-02j), (-1.582126005862209694e-02+4.507813441043444225e-03j), (9.334699578988917695e-03+2.879957768244761906e-03j), (-8.748855512035528387e-03-3.908810955480703647e-04j), (4.696493743829370862e-03+1.793933061559814697e-03j)
 (-6.238447004150216024e-03-6.795018296067614760e-02j), (2.231706825365328134e-02+8.157790583750273994e-02j), (1.736004865430013436e-02+1.036219288282319573e-02j), (6.700920336445162495e-02-4.693028747346821711e-03j), (-4.192139946029985187e-02+1.253329981938550997e-01j), (-5.568661553245649737e-02+3.271860466127907152e-02j), (-3.403288451242078572e-02+3.933784009796742476e-03j), (9.611012214342781745e-03-7.718290099196742880e-03j), (1.783198129102941606e-02+6.310695969011195783e-03j), (-6.473886180053508438e-03-1.296869359465411750e-02j), (4.222924754792221208e-03+1.446834254434002653e-03j), (-2.001925890686328396e-03-5.265999484473360241e-03j)
 (6.474399825243644380e-02+2.278100238167079378e-02j), (5.689430976931886264e-02-4.246944272858185765e-02j), (-1.197259963173351316e-02-2.673734835387520103e-03j), (1.458772508294159387e-02+4.577443265791805715e-02j), (2.114805743162473384e-04+3.017800193009259613e-02j), (-5.504396222542159989e-03-6.049036657735860911e-02j), (4.708030058911829435e-02-1.155489360590309170e-02j), (-4.967920961640184818e-03+2.076997135060321131e-03j), (-1.120085427052981697e-02-4.364450405538802813e-03j), (1.129190320943353892e-02+1.152882039824632346e-02j), (-6.801002338139185491e-03+1.002474764015504928e-02j), (-2.883686897694221797e-03+4.012200881059253821e-03j)
 (-3.052298968639728660e-02+3.320169957992447768e-02j), (-1.944779123679331312e-02+1.394519355128561941e-02j), (3.923340302777356126e-02-2.076743739894620217e-02j), (-2.637207772715371989e-02-2.901844422055349648e-02j), (2.876813781037790285e-02-8.900199466390243397e-02j), (1.481239083130914125e-03+9.027753476652292108e-02j), (-5.043929370824551395e-02-1.073134452166273067e-03j), (7.707158210136927368e-03+2.063234883176377678e-03j), (6.939983334918291280e-03+3.927702271772422205e-03j), (-1.225763427474699588e-02+5.093944024839841545e-03j), (1.239211053436115734e-02-7.997957881090268437e-03j), (2.994603143516020010e-03-3.706990960551160598e-04j)
 (-2.876711800644075889e-02-9.728723982246570423e-03j), (2.008814068031208877e-02-4.471895711430845521e-02j), (-5.613377554216147231e-02+3.571883480597770610e-02j), (-6.341708528607624407e-03+6.556947711631447295e-02j), (-4.680740884274223190e-02+9.620882994820112444e-03j), (2.045028952726802435e-02-2.257124807093612712e-02j), (4.436656489504874762e-02-1.349187619465858946e-02j), (-1.162055438873584035e-02-3.944790673418296922e-04j), (-4.891862574067058073e-03-1.092572047027927720e-02j), (4.547706631512903053e-03-9.705154209193262230e-03j), (-5.044702434863622409e-03-4.888528905882916914e-03j), (-2.278525593565031322e-03+1.328954966864403023e-04j)
 (7.340545439143572604e-03-5.707243630081264285e-02j), (-1.139696062627261058e-01+6.928594890720247979e-02j), (4.707864378636178460e-02+6.138769071302729863e-03j), (-4.697853149942431139e-02-5.252569148077985972e-02j), (6.788389243065076628e-02+7.655265504069552751e-02j), (-6.297654902659745313e-04-8.210433550668204405e-02j), (-6.772883410082083944e-02+1.145000048180732158e-02j), (2.247347834866292998e-02-1.176626307334445454e-02j), (1.074033196322703165e-02+5.045836622825729950e-03j), (8.215724550982572705e-04-4.721664922453745750e-03j), (-8.605224988891099075e-03+5.829327215955200370e-03j), (3.010759426202652168e-03+2.058939947225473920e-03j)
 (6.114690846404395586e-02+2.990657937457072771e-02j), (9.483496921583606243e-02+7.747601237753344583e-03j), (2.093253166019282130e-02-6.941754492656959652e-02j), (3.346032571061843819e-02-2.819202846089324116e-02j), (3.672389779814191901e-02-8.084142818423734056e-03j), (-3.734670044316694415e-02+7.515495709931072077e-02j), (6.118079150027765784e-02+3.310101103046249327e-02j), (-2.808799697607614748e-02+2.934838806745605419e-02j), (-2.098109345589974778e-02-2.637423711185832298e-03j), (1.248361076698102645e-04+3.716291405832892070e-03j), (6.762208465363956159e-03+1.952044612515127162e-03j), (8.077531156024816104e-04-3.555307315664048892e-03j)
 (-2.602813043071493249e-02+2.616721688106800336e-02j), (-1.572754045155744587e-02-1.392849138392405484e-01j), (-1.219262925567665967e-01+5.412491835112820393e-02j), (7.611317939762832219e-02+4.287059072983184782e-03j), (-1.158428641434368911e-01-8.982626743387690793e-02j), (5.338059935550489715e-02+5.690798842613643826e-02j), (-2.089227452715202576e-02-2.781035223784045218e-02j), (1.496607152512358270e-02-3.730078900502442618e-02j), (1.007794869698928203e-02+8.861120366756056188e-03j), (4.326652639275022083e-03+8.126980883519555054e-03j), (1.031082554283928483e-02-8.172701878700668748e-03j), (-1.434186928818681744e-03-4.739301740872819274e-04j)
 (-8.998325495960413090e-03+1.540960267168003939e-02j), (1.118048707286789165e-02+8.849832495449488912e-02j), (1.402210752055381149e-01+4.838922034267297001e-02j), (-3.956046670564219991e-02+9.744072731628533601e-02j), (-3.698101091030578380e-02+7.207939540765703756e-02j), (-2.391917736206097822e-02-1.226588027790782298e-01j), (2.389297826833954030e-02-1.556097336836010162e-02j), (5.989533102558335098e-03+3.920742024664364278e-02j), (-4.774453332024839597e-03-1.011744326796622240e-02j), (-1.079454823083925152e-02+2.224648014059284196e-03j), (-1.828096676315171462e-02+6.568967578516765951e-03j), (-2.181532249750678387e-03-1.734171537412462251e-03j)
 (-3.676529875703649086e-02-3.624203535896942246e-02j), (2.107715678799698678e-02+2.245258149014599247e-02j), (-4.242166916711079261e-02-1.150868971490718456e-01j), (-5.594129756221749572e-02-4.293777902863582518e-02j), (1.305605171822112331e-01+1.847893913201942295e-02j), (-1.591101830271286766e-02+5.390200410692946864e-02j), (-3.320089791571181892e-02+7.858919394525015756e-03j), (-1.100836774740185722e-02-3.587135134222940031e-02j), (1.429748147436825205e-02+1.763082097340605559e-02j), (1.352076256781595438e-02-2.000446813067763285e-02j), (2.880463076854522519e-03-8.546225304410220297e-03j), (-3.582200114699945516e-03+5.215319574629834545e-03j)
 (5.875468857797862959e-02-1.111363398555430260e-02j), (-2.554042896176686450e-02+3.147933198250171816e-02j), (-6.135963673332283513e-02+9.777033116507843902e-02j), (-1.838202268831962138e-02-7.062235653975093563e-02j), (1.010090291721760236e-02-7.253158568563139452e-02j), (3.706502580970028049e-02+2.352757658964098331e-02j), (-1.626650009625967008e-03+1.425763732642418291e-02j), (7.285005598834879900e-03+1.282571748318021149e-02j), (-1.121580691440948047e-02-7.778278180421770854e-03j), (-1.418375790565753330e-02+1.540918955446833605e-02j), (8.837903888686392956e-03+1.060569149175000572e-02j), (7.459920776405518095e-03+2.723806503798632643e-03j)
 (-1.374291568629121274e-02+4.204376206115788966e-02j), (4.602394522599172200e-02-7.224148099213338614e-02j), (1.063869107714935647e-01-5.616667834484304067e-02j), (1.074492282368319507e-01+9.308189432101182659e-03j), (-1.220672592057298056e-01-1.111036904928536240e-02j), (-6.610719568704928606e-02-3.385732844157218757e-02j), (1.200095602449043064e-02-6.940901033641970475e-03j), (-2.706392735686707907e-04+7.123216235085591541e-04j), (1.384200350158588944e-02-3.965923983651753471e-04j), (1.427867472198798837e-02-2.928471063715770706e-04j), (-2.061147705454430268e-03-3.834391173123737062e-03j), (-2.445870646497533187e-04-6.963016320685079877e-03j)
 (-2.042135115434897882e-02-5.070819019284661389e-03j), (-9.873810120245517241e-02+4.987587912242527621e-02j), (-1.204391404664224841e-01+1.316518802865440652e-02j), (-5.455634219910679428e-02+4.687142345878045346e-02j), (7.202738232737354585e-02+8.278579475335989812e-02j), (8.312754966070914908e-02+3.198039223516196267e-02j), (1.053592495636822279e-02+2.002703670598793284e-02j), (-2.051462708116789241e-02+4.863585463448727442e-03j), (-2.012442419095372692e-02-7.578704465600119566e-03j), (-1.041727122611381395e-02-9.408952730790299743e-03j), (-5.195392361545883575e-03+2.221043914670678410e-03j), (-3.455299137333969067e-03+3.193368314209668515e-03j)
 (-2.536947525628663325e-03-2.322278217127411032e-02j), (5.347679189339531181e-02-3.193231084231751282e-03j), (8.373938788867700544e-02+6.417802390051424721e-02j), (1.304577021131994932e-02+3.772131858043518277e-02j), (3.034924283844651210e-02-3.939854541190905557e-02j), (-3.487659647225371112e-02-5.023864065207359064e-02j), (4.805004110965488406e-03-3.410884712505141136e-02j), (3.730313074232759901e-02-6.641745467403925574e-03j), (1.778654899182903482e-02+4.789311250599764119e-04j), (6.576619577951983708e-03+1.201044006571050544e-02j), (1.028365964875684740e-02-2.851907328772392003e-03j), (4.004482132733967227e-03-1.306588477713432200e-03j)
 (2.519649138854342107e-02+1.690567820071997573e-02j), (-6.838106692333695280e-02-5.180931936097582513e-02j), (-1.699432781963119282e-02-1.021557004877166608e-01j), (-3.126889882123004560e-02-8.857231565798465156e-02j), (-2.597262380891812716e-02-7.620039183648119607e-03j), (-1.244648957642428833e-02+7.991498702916714769e-02j), (-4.791544995266844992e-02+1.692848943659086558e-02j), (-3.289587438761468891e-02+1.704850691146592156e-03j), (-2.255376533034655212e-02+8.436291754008874710e-03j), (-8.116801724444362015e-03-1.367424087350540760e-02j), (-1.373879307071072982e-02+2.237105427444872549e-03j), (-4.655495975262534739e-03-2.073874662852010983e-03j)
 (-3.130565410304489427e-02+1.039648646857359304e-02j), (1.195273252142786680e-01+3.636880423398652917e-02j), (-4.316076586527062275e-02+1.129774002703437530e-02j), (1.090274388216583290e-02+3.809066609840414119e-02j), (1.215772544993984350e-04+1.442175327501438176e-02j), (2.978784713204077339e-02-4.594119249996393706e-02j), (4.540524086331138021e-02+3.442577455554812760e-02j), (1.103813462671980779e-02+1.041688059032686367e-02j), (1.000230288120101257e-02-5.286200599828851099e-03j), (-2.945868961274734216e-03+1.202961744971550555e-02j), (1.206296702230235177e-02-4.695154785714781426e-03j), (1.284501655801824696e-03+4.802419056809644274e-03j)
 (-1.019013434439214327e-02-1.848846939967570269e-02j), (-2.423112792128051529e-02-4.865442972817635159e-02j), (3.911549891453305894e-02+5.889730801384122916e-02j), (1.970686681006915408e-02+3.187965910616921694e-02j), (-3.389651250289449358e-02+3.422649163508087455e-02j), (-1.069781316219790279e-01-5.256732913931323747e-02j), (3.228711772818979031e-02-8.101871080038985928e-02j), (-4.326523240883242694e-03-1.717135286171670230e-02j), (2.256385489482021223e-02-1.364173269421316281e-02j), (1.183023863065589543e-02+1.826064762188461116e-02j), (-1.359248741611818710e-02-8.214180316409606594e-04j), (2.013732865862413735e-03-3.777763774056901429e-03j)
 (9.037109210597540909e-03-3.663928138166960835e-02j), (-8.668501660938195130e-02+8.389896632890386785e-02j), (2.740561321810491835e-02-1.898787859090410660e-02j), (-2.588606566879417259e-02-5.073884982235574159e-02j), (-1.868168290564156675e-02-4.503818617520319312e-02j), (1.003060237731989157e-01+5.247475866591561067e-02j), (-1.065276095766347630e-01+1.501283741819754713e-02j), (1.890771324281288399e-02+7.206251865780723478e-03j), (-1.051950487985651994e-02+2.727894623940682606e-02j), (2.658881139976809749e-03-3.560373168968013202e-02j), (4.774330936887805424e-03+1.008336749930857645e-02j), (-3.737731867701222718e-03+1.633688668343385303e-03j)
 (5.082169898810101616e-02+2.022557141568848138e-02j), (7.652561201427099391e-02-1.400918268865639082e-02j), (-4.249422811215836093e-02-2.307315579217332838e-02j), (4.011847619178442181e-02+6.757292039789836169e-03j), (3.478898986034817398e-02+1.047844897240357565e-02j), (7.643185728246273958e-02-1.989070224455478930e-02j), (5.451190422946233793e-02+1.015375639638547156e-01j), (-3.052285663894045709e-02+5.959991739021078261e-03j), (-1.753849503309469829e-02-1.012031184437869880e-02j), (-1.498981967983428060e-02-6.920320988107617199e-03j), (1.228706185408565826e-02-4.969858314712929936e-04j), (3.653286219792000085e-03+1.267113258704294365e-03j)
 (-2.069174998890344411e-02+3.674321771383887159e-02j), (-7.795070829068440066e-03-4.954490255505351881e-02j), (2.969155047715429929e-03+3.125554099317413848e-02j), (-2.713339499052110082e-02+6.876089265492238423e-02j), (4.992433337667254167e-02+4.452367295621484367e-04j), (-1.225152413009752972e-01+6.031536408294532747e-02j), (7.955341735182445972e-02-8.795806006866724314e-02j), (3.396681579842342202e-02-1.822462573185262141e-02j), (-2.493097252512274653e-03-1.662122642805241579e-02j), (1.436971665905366000e-02+3.508228787495200340e-02j), (-2.501515024527486974e-03-1.374472049053961087e-02j), (-1.887077038879539370e-03-2.656427348915139236e-03j)
 (-3.259468066745202508e-02-4.811617622707195507e-04j), (-3.255629878787782983e-02-1.695413866003581127e-04j), (2.262940368562142354e-02-3.541221744283939987e-02j), (-4.732607044016726161e-02-5.822678517081572580e-02j), (-1.590638482319051139e-02-7.154123338378134966e-02j), (2.526221458292687155e-02-5.616712384306554728e-03j), (-1.175053823757900573e-01-1.982435505300395029e-02j), (-3.096797451612473551e-02+9.619205090465335339e-03j), (2.251217994218703000e-02+2.353468179120254966e-02j), (-1.839288392888985615e-02-5.678040759899406070e-03j), (-1.126432978059389509e-02+7.361732162258320666e-04j), (9.841363164675744069e-04+3.639510392874859696e-03j)
 (-3.688573388323027058e-04-5.019618815376353238e-02j), (-1.812093946775640563e-02+1.438895713181531644e-02j), (-4.254167651394963334e-02+5.635508060747796560e-03j), (4.097185747062769001e-02-6.870895217601194482e-02j), (-8.109916770321240476e-02+6.365747764621174087e-02j), (-7.892877616863240575e-03-6.136059287755021852e-02j), (2.912819557127159509e-02+9.312813539958689213e-02j), (1.794703238520524435e-02+8.739977976245792007e-03j), (-1.621542484950143359e-02-1.654716630220925966e-02j), (1.336739669220044294e-02-1.859660591390496776e-02j), (9.287530950404070118e-04+9.966917660465956716e-03j), (3.049513518533210517e-03-5.542197189607349361e-03j)
 (4.315273697620475302e-02+2.578504155630401140e-02j), (9.827727881096093299e-02+3.074012084196605515e-03j), (3.371067944545760864e-02+7.179789299944629166e-02j), (7.603567701844837767e-02+8.014336031968528895e-02j), (6.117520929806208319e-02+1.091842064088238418e-01j), (-4.001333619729179059e-02-1.282296825018890141e-02j), (8.827436080893578951e-02-9.988637933433748561e-02j), (-8.231029623674224194e-03-2.622522267659112283e-03j), (7.741174589446953025e-03+1.207232753590310737e-02j), (-1.018494441240878901e-03+1.215145520087584224e-02j), (6.704741938206203004e-03+1.224645379719676956e-02j), (-8.990538316158820653e-03-8.329457215497347577e-04j)
 (-2.425721611568175742e-02-1.997114570571639769e-03j), (-2.914880684697049307e-02+2.389625089465316488e-02j), (6.689298971297483187e-02-1.021078870846374165e-01j), (-6.520715111568510525e-02+2.970291726578884808e-02j), (1.722217011544147081e-02-1.382098218495953212e-01j), (7.564107360979076267e-02+4.365727102493124900e-02j), (-1.344162414749366929e-01+5.219727849785912865e-02j), (1.868319079606915040e-02+1.810505210466303166e-02j), (6.331520643838017826e-03+4.898692745739390009e-03j), (1.323241250226779055e-02+3.530443918958348082e-03j), (-7.071874533595565865e-03-2.677732266436123887e-02j), (1.409160291976898835e-03+1.005429042144415606e-02j)
 (2.655610298132453362e-02+2.322123237780096550e-02j), (-1.003909481409563376e-01+2.927058251822464707e-02j), (-1.210219687087088769e-01+2.162372666628041562e-02j), (-5.449468102245481893e-02-3.211562390024631786e-02j), (-2.375204011518716740e-02-2.305116591412371962e-02j), (-1.014791303308341941e-02+1.712810370454703746e-02j), (8.493204990829894552e-02-1.413277466802773108e-02j), (-1.800234644395561773e-02-4.192511803908122170e-02j), (-2.067195126933304983e-02-1.690264466497358453e-02j), (-1.489617679356302488e-02-1.288436615965474728e-02j), (7.712889429536053110e-03+8.045670722392730262e-03j), (8.736067729747012955e-03-2.467658381578604829e-03j)
 (-5.297677739165931876e-02+1.218444158424189516e-03j), (5.680585216142566840e-02-6.474022857675794385e-02j), (1.032741758185823366e-03+4.128186262049524102e-02j), (4.717453300058932486e-02-3.234808627652709101e-02j), (2.978983583104000132e-04+8.492500053818556605e-02j), (2.879908892773494489e-03-5.846600425258383082e-02j), (-6.009681514593120943e-02-1.076130590217097560e-02j), (1.244957197597143170e-03+2.518894895788049287e-02j), (1.685585939722215529e-02-4.423537334307857394e-03j), (-8.522900100873097989e-03+1.864380277027538613e-04j), (-3.744114042805923945e-03+8.843633503035977506e-03j), (-2.219929247205675027e-03-6.083121297781618302e-03j)
 (1.774209091984964987e-02-2.533727823576634175e-02j), (6.629275775260629056e-02-6.130088259958688113e-02j), (9.558965578165606880e-02+2.145594358594747619e-02j), (1.955506405596141306e-02+6.613996761892050602e-02j), (-2.090736183968844308e-02+1.050261721100037571e-03j), (-7.305206287275029138e-03-9.290671435519468058e-03j), (6.095625567270648165e-02+5.004088856604096969e-02j), (-1.349597573928345076e-03+1.513444212390098638e-03j), (4.574640129050761006e-03+1.564705914600693012e-02j), (7.749193726142578065e-03+1.801258498785798107e-02j), (-1.501452434594562069e-03-4.728849265931546128e-03j), (-3.417554099408696283e-03+1.343479105790544581e-03j)
 (-7.672040252851383690e-03-9.596536748464862265e-03j), (-4.657014328609682119e-02+1.393362349448076798e-01j), (2.055014211350314479e-02-7.144750356822748838e-02j), (-1.749963483677246384e-02-6.399036249935362297e-02j), (-3.218748492658664306e-02-5.206877930763174900e-02j), (-3.189665201813746132e-02+1.004559992347190123e-01j), (1.078559125589580170e-02-5.216668688579501056e-02j), (2.145589605448160880e-02-1.208593252956499664e-02j), (-1.280683330981882695e-02-3.459100874075839160e-03j), (8.434740807201912549e-03-1.359759356747248030e-02j), (1.929107562929237296e-03-2.810585960270131634e-04j), (5.389880611732997262e-04+1.628346693461305006e-03j)
 (3.364788768658580342e-02+0.000000000000000000e+00j), (-1.488505392428995933e-02+0.000000000000000000e+00j), (-1.349050512109177813e-01+0.000000000000000000e+00j), (2.453324621050523291e-03+0.000000000000000000e+00j), (1.041499393509224269e-01+0.000000000000000000e+00j), (4.822106366096740038e-02+0.000000000000000000e+00j), (-6.751390948832060313e-02+0.000000000000000000e+00j), (-3.505192431406770059e-02+0.000000000000000000e+00j), (7.648611828073744595e-03+0.000000000000000000e+00j), (-1.274201482933705332e-02+0.000000000000000000e+00j), (-1.460421234145969915e-04+0.000000000000000000e+00j), (1.021328489826917041e-03+0.000000000000000000e+00j)
