 (8.310355613250559881e-02+0.000000000000000000e+00j), (6.964774054742077780e-01+0.000000000000000000e+00j), (8.235384792610968008e-01+0.000000000000000000e+00j), (1.677442488651990748e+00+0.000000000000000000e+00j), (4.353910895488876109e-01+0.000000000000000000e+00j), (4.716494147158635797e-01+0.000000000000000000e+00j), (3.372976299640583209e-01+0.000000000000000000e+00j), (5.189671389101450580e-03+0.000000000000000000e+00j)
 (-9.343050118463722131e-02+6.108897523532316742e-04j), (-3.490144795628024044e-01+3.687795417502390261e-01j), (-4.846400515463523684e-01-4.323319367288375736e-01j), (-6.521478052729956509e-01+1.622537148922559069e+00j), (7.141632068930485744e-01-4.897414835378336440e-01j), (-3.643065297924584778e-01-4.506024274565967325e-01j), (-3.255709584470205531e-01-9.121152415719967210e-02j), (4.562285018679699405e-03-2.400991759146013302e-03j)
 (1.498750437769046651e-01-6.062976979115809739e-02j), (-5.559444523052320397e-02-6.996073060796277610e-02j), (7.882205361754268669e-02+2.231150879650835306e-01j), (-1.157701885556098986e+00-1.122486491225232585e+00j), (-7.304886884471557540e-01-9.892148447593663851e-01j), (1.999734519425367396e-01+7.770843738393946598e-01j), (8.293572714161479009e-02+1.949822833674247080e-01j), (2.858675406543970121e-03-4.168342359258126080e-03j)
 (-6.169395006723372293e-02+2.059802436091336397e-01j), (2.463909968184859467e-01-2.320674948721992426e-01j), (-1.580838173671759647e-02-2.068015179896954270e-01j), (9.455721156887404444e-01-9.416319613235775154e-01j), (-1.200263135277788606e+00+1.456535836344912127e+00j), (6.970840749801442138e-02-2.854784186349539343e-01j), (1.853501873413348766e-01+5.566837938933080765e-02j), (5.581046318646079672e-04-4.858615674076405093e-03j)
 (-1.384006954450454352e-01-1.385413948366135406e-01j), (-9.479055682746713452e-02+2.023392483254444763e-01j), (-2.229196655038758468e-01+2.932427914602760977e-01j), (8.955050593409243920e-01+1.208611377876025905e+00j), (9.603896111386784895e-01+1.802501909709431915e-01j), (-2.708892694344288143e-01-4.862555469198612257e-01j), (-3.749363407972002016e-02-2.987146488295170377e-01j), (-1.709471633831670260e-03-4.346486173370762290e-03j)
 (1.131144636887622817e-01-4.991411363281696156e-02j), (-2.893572849411680803e-01+6.750446183318581372e-02j), (4.973622949723105480e-01-6.978557314167166403e-02j), (-1.358407783959211912e+00+1.016772211044962432e-01j), (2.395293429344766689e-01-5.968333979845572568e-01j), (1.067486613428055842e-01+5.157368731208217261e-01j), (-1.066537855400024187e-01+1.914057768417120053e-01j), (-3.356471434707720969e-03-2.849740803648880862e-03j)
 (2.078210995027070240e-02+4.226126731630762412e-02j), (1.707594309256359744e-01-1.787907051585211904e-01j), (-2.213309159672462445e-01-7.967142623517907418e-02j), (1.734318657855807577e-01-7.864806480970143454e-01j), (3.313154781957333150e-01+1.804604863093742240e-02j), (-8.387710598454109490e-02-1.866313020674942313e-01j), (1.252786373383834861e-01-9.835550768414863532e-02j), (-4.009751925580815751e-03-8.462732532567138113e-04j)
 (1.187782133835465007e-02+3.886864663828477201e-02j), (1.804855416974723570e-01+5.828023097948852732e-02j), (1.787133366590059474e-02+1.232643274150124757e-01j), (1.016615058009714634e+00+2.613814486613738053e-01j), (-6.651332366392175288e-01-6.780470844667145780e-01j), (2.887814522674171380e-01-7.359586036554383037e-02j), (-1.695474459680905988e-01-9.979701938865923050e-02j), (-3.606643097734973415e-03+1.085548958824087383e-03j)
 (-6.409510439818402738e-02+4.200062040527148544e-02j), (-3.634867430873084948e-01+6.207442813742460735e-02j), (-1.205179280484078436e-01-2.778681854710086108e-01j), (-6.958373932123564920e-01+6.160459126486970138e-01j), (-4.728609999476204306e-01+1.116571851544787330e+00j), (-7.570244769281235520e-02+1.941770258563204621e-01j), (-7.214917975566366437e-02+2.521391533535057294e-01j), (-2.387714723515572523e-03+2.447263209238959361e-03j)
 (-5.452831401024313407e-02-7.914209962905391360e-02j), (6.414597524076609547e-02-1.326483531233823010e-01j), (-1.392904796268403245e-01+3.765677456179524762e-01j), (-1.153803841567733329e-01-3.887214812431395994e-01j), (9.613505431332169948e-01-4.983480339264548253e-01j), (-4.732782926466172491e-01-2.977953478434139378e-02j), (1.787851288958046125e-01-6.007325425507852035e-04j), (-7.951833931253771744e-04+2.961370596286876274e-03j)
 (7.118632414222339500e-02-4.380376623906288847e-02j), (4.152906340084034920e-01-8.210680261782063449e-02j), (2.950336516068742254e-01-2.379776712031259761e-02j), (2.443623476878050704e-01-5.195854309235344026e-02j), (-6.404634528761186107e-01-2.160363548667728062e-01j), (5.437235785438763180e-01-5.765103605892121091e-02j), (9.520364684668855548e-02-3.544143367703151554e-02j), (6.827940337393605032e-04+2.629872057405380908e-03j)
 (1.918567384425419464e-02+3.099148060319176570e-02j), (-2.849429302525229302e-01+2.763165938039756631e-01j), (-3.482656610054209179e-02-2.762090802176745408e-01j), (-5.186873679714083529e-01+4.422405783422421743e-01j), (6.567317219480481860e-01+1.000744876631320279e+00j), (1.027059428304744060e-01-8.060502955838846906e-02j), (-4.577547390448254150e-02-2.025563318543799340e-01j), (1.666105420108930472e-03+1.698056266117444358e-03j)
 (1.524434919458426962e-02+2.780018733689949492e-03j), (-1.090354082217992460e-01-2.194601547021298588e-02j), (-3.668811271823532033e-02-3.421184747084273642e-02j), (-7.215406176519681414e-02-8.505126911441706072e-01j), (1.499288894258022919e-01-1.208010645934717964e+00j), (-5.815512564144311725e-01+1.733550817239627451e-01j), (-1.848621810980683178e-01+6.092502413602254863e-02j), (1.984045975992989805e-03+5.446190083287563970e-04j)
 (9.542881830010580685e-03+2.465207941799781727e-02j), (1.933114545640364224e-01-3.365224721301744992e-01j), (-1.180375536809187553e-01+2.049339809371426013e-01j), (8.585531770435219645e-01-1.806113922348375200e-01j), (-1.250061172064628412e+00-5.776868198002063637e-03j), (3.749414487427816245e-01-1.183757673450508419e-01j), (8.372474167171926884e-02+1.868200526001277950e-01j), (1.695673625503247694e-03-4.572665316718135722e-04j)
 (8.484424972275278476e-04+3.802317527190801627e-02j), (-1.240846445422992966e-01+3.716543798836294266e-01j), (5.863507321062691457e-02-3.519125804085193598e-02j), (1.928909405497364893e-01+9.495344609435445449e-01j), (5.343714256634926052e-01+1.160062216682903768e+00j), (-2.543741831389974006e-01+8.181958168934359843e-02j), (1.004737492608712701e-01-2.370933662367661898e-01j), (1.031628656641548573e-03-1.057426806833572158e-03j)
 (-6.706737046644248301e-02+1.745505166093059418e-02j), (9.043227272771046932e-02-8.651499145007493508e-02j), (2.174586623730691975e-02+1.288209757927194672e-02j), (-9.874393533370773302e-01+9.152164896923153936e-02j), (6.056786991137756981e-01-3.453347488927266395e-01j), (1.952349150263246458e-01-5.049135682184296980e-02j), (-3.162391186108987062e-01+1.740302918368775986e-01j), (2.872838513970287725e-04-1.186921578940306355e-03j)
 (-8.686650209877050388e-03-5.555791813428152814e-02j), (-1.232336404180212064e-01-2.433966711331674027e-01j), (1.959101774984599864e-01-1.873578736160620359e-02j), (-4.432514954451781397e-02-6.796132274581550003e-01j), (-2.153754963676566270e-01-8.119321782880892791e-01j), (1.835263825750708677e-01-3.268974402524492118e-01j), (4.174143384276737256e-01+1.846038374911084801e-01j), (-2.887832026235580989e-04-9.445208556910218538e-04j)
 (5.852673005395048200e-03-1.131850066123499254e-03j), (1.733341158292463768e-01+2.724591249554266792e-01j), (-2.611815314539305821e-01-7.814726306757775742e-02j), (7.466829912029346872e-01-1.753847953051638486e-01j), (-6.530890289732899090e-01+2.066193890525891419e-01j), (-1.673668816163569328e-01+5.441905494461891646e-01j), (-3.227232732911342050e-02-4.907657442971039008e-01j), (-5.703622839929714311e-04-5.264075954990003747e-04j)
 (4.581742849745586155e-03-3.221076975956246868e-02j), (-5.519458970429274441e-02-1.057423254097573234e-01j), (6.034983807479452761e-02+1.182234037384874148e-01j), (-1.018429134409608999e-02+6.398377947181194125e-01j), (2.717933938017158546e-01+5.823221451067932541e-01j), (1.196598983610321215e-01-4.691041335929506395e-02j), (-4.181557013497776421e-01+2.424613728825996128e-01j), (-5.707662094143891533e-04-1.333081705273751034e-04j)
 (3.872864070998047192e-02-5.675141491453303266e-03j), (-9.038420370810243409e-02-3.674617220119957839e-02j), (4.273212180182497932e-02-1.311580769656142120e-01j), (-4.655486744345045391e-01-2.135490872562717524e-02j), (5.754926221331173597e-01-3.251169250082128204e-01j), (-3.605927280368612653e-01-3.382609246219843158e-01j), (3.891690820908295656e-01+2.223696878542236188e-01j), (-4.039604210499957875e-04+1.064184381418174335e-04j)
 (2.996291007607134599e-02+4.859720129545265499e-02j), (1.527480925669765788e-01+1.081128729970162738e-01j), (-1.154402610982927929e-01+2.428331220391506118e-01j), (-9.244027051252648453e-02-4.664132050919974071e-01j), (-1.364896059943306872e-01+6.178510701081727646e-02j), (-4.562762854786914235e-02+2.837420405211690255e-01j), (-2.316510905791763913e-02-4.050031255027645161e-01j), (-2.134521822866188934e-04+1.701724277508061126e-04j)
 (-7.973716679001982555e-02+2.697672256976024752e-02j), (-1.072517028864160421e-01+8.907862690880818946e-02j), (2.034203362598389631e-01-1.372181378553131159e-01j), (5.981867973586951770e-01+1.439842700072757609e-01j), (-3.693233893528545253e-01-2.273365773973845538e-01j), (4.119171900443405754e-01-1.616181400063874118e-01j), (-2.954645108269803311e-01+2.072708838439487056e-01j), (-1.025966878935685148e-04+1.241137283619285188e-04j)
 (1.577540734903557298e-02-9.610520629590293962e-02j), (-3.255216882899814035e-02-1.557623907569715693e-01j), (-1.603095441881935701e-01-1.920949177099516014e-01j), (-1.092708019256932728e-01+5.029657673823592079e-01j), (-5.305917374840447565e-01+1.217247189026136600e-01j), (5.846753093777726229e-02-6.592875439261888793e-02j), (2.659520964847962299e-01+1.287827877606863569e-01j), (-9.537183192510277326e-05+7.028581505167111538e-05j)
 (7.437531843445888136e-02+4.939788422110491517e-02j), (3.351084855600956758e-02-6.608943236054559689e-02j), (2.615461338681907694e-02+2.795593675407924139e-01j), (-6.971638592947302371e-01-1.337000669441157918e-01j), (1.071003379797064392e+00+6.237783514229910953e-01j), (-2.739625164714646899e-01+1.106336684645596730e-01j), (-1.398910596983237928e-02-2.018546135711545009e-01j), (-1.406180591807278514e-04+8.579019603864639293e-05j)
 (-3.903369734730910423e-02+5.090546952827414845e-02j), (-9.401328148358228942e-02+1.020242410900971397e-01j), (8.136565138167911604e-02-1.784169618061621498e-01j), (1.850830636537647844e-01-6.910546503442765998e-01j), (2.503382122984412761e-02-8.847885829310722094e-01j), (-2.441409425456492199e-02-3.707717532603233695e-02j), (-8.082031186476057449e-02+7.095096637266232187e-02j), (-1.526825861135493905e-04+1.825047719022800769e-04j)
 (-5.794832608102888638e-02-2.093319901272354053e-02j), (1.271457783568820665e-01-6.253792848979232433e-02j), (-2.096638734580164032e-01+2.365613295176430264e-02j), (5.289962461562409679e-01+1.580133790620365519e-01j), (-1.021501693244770248e+00+4.623176720745972301e-02j), (3.495140738716796813e-02+1.650366093491269781e-01j), (4.475609853452654219e-02+2.758626826881310085e-03j), (-6.595909180506770832e-05+3.042402538303618951e-04j)
 (3.760020379042733341e-02-6.298422581730533931e-02j), (9.116261328486884030e-02-1.665388808821403541e-02j), (2.285865680724946947e-01+1.495420918474075211e-01j), (-3.252660456649998644e-02+5.008899481723587677e-01j), (6.077268378135644022e-01+5.434779832400411514e-01j), (1.101865359455238558e-01-1.643796540762420266e-01j), (1.075219574787265875e-02-8.037452771004358065e-03j), (1.238240643976799772e-04+3.601298403994217592e-04j)
 (2.694113475753554671e-02+6.250218113074203219e-02j), (-6.723219844039961257e-02+1.588904929979927938e-01j), (5.324570611266826736e-02-1.490581245190558679e-01j), (-2.576279107474279129e-01-2.085191235921484143e-01j), (8.060762067788160290e-02-3.162557708852694049e-01j), (-1.921825798197977775e-02-1.765899601180709669e-02j), (-5.752551320523501682e-04-5.866014120934966158e-02j), (3.511799202030680073e-04+2.765202228840131548e-04j)
 (-4.886056808924067740e-02-1.772270262106831473e-02j), (-1.079871932004439761e-01-1.092325718725400269e-01j), (-2.314262393440554288e-01+2.921284915548578998e-02j), (1.880812421030458176e-02-6.446611746088158623e-02j), (-1.865052080073972274e-01+2.510516462790662873e-02j), (-1.130195229701787957e-02+2.446869537870490774e-01j), (-1.198322067609210451e-01+7.125711841013248476e-03j), (5.090310032644111606e-04+4.170392761748902379e-05j)
 (1.310769161842012531e-02-1.810067491416633007e-02j), (3.016600904610972425e-02+1.189016715917860442e-02j), (1.078529677332727560e-01+6.086332203235915450e-02j), (5.301777888699824026e-02+1.792676645110836686e-01j), (2.995233972804431932e-01+6.400727712483861298e-02j), (-7.866927289201375295e-02-3.586447551945822765e-01j), (5.388868970181424217e-02+1.745433933367402934e-01j), (5.001611230505882168e-04-2.783987515781220171e-04j)
 (2.934468491387310848e-02-2.597558088907658477e-02j), (7.242457238283042664e-02+6.775593621571279757e-02j), (-7.137424829257475734e-02-1.299658221583250284e-01j), (-1.183085959554283084e-01-1.641820546762350064e-01j), (-2.737588275510826619e-01-3.840654532910506291e-03j), (-5.572613619019237130e-02+4.237295953657495978e-02j), (1.449320214042291999e-01-1.274497422772627453e-01j), (2.878967776625140787e-04-5.620232108072902803e-04j)
 (3.208692138726749327e-02+7.829516785410689517e-02j), (-8.152195917420274052e-02-8.863624689333934881e-02j), (6.703744496539429387e-02+1.760713206870404002e-01j), (8.736978907675035932e-02-8.924239865880626010e-02j), (-1.834365921522376486e-01-6.638052633787333567e-02j), (9.868986679678813656e-02+3.124596107533703093e-01j), (-1.415178796917509474e-01-3.793251828053018082e-02j), (-7.794510171185420322e-05-6.821168684515065356e-04j)
 (-1.001645124887180632e-01-5.295009725468409131e-03j), (1.047938295964064015e-03-9.556349626496001004e-02j), (1.153595143488357760e-01-1.265326313821705240e-01j), (5.782246580902981881e-02+1.494775640753468748e-01j), (2.554048177390823571e-01-8.254394770506809365e-03j), (1.182410330266481235e-01-2.379004128410213692e-01j), (6.768115045081268821e-02+9.857451332923490572e-02j), (-4.730668835660914538e-04-5.637349391595374449e-04j)
 (2.364039053832266146e-02-7.437708823627361965e-02j), (2.077496226857230427e-02+1.479301427931324908e-01j), (-2.095558541321674850e-01+3.888543559603088728e-02j), (-2.475998733490664128e-03+4.483176292441991284e-02j), (1.714853243156336249e-01+7.373708525566355365e-02j), (-1.067689707422081469e-02-9.281079699856545351e-03j), (2.831163181655388730e-02-1.572270062663260193e-01j), (-7.452314075950733146e-04-2.226892368641504539e-04j)
 (5.522908205611364724e-02-8.923442916410950776e-03j), (5.129276891485359813e-02+5.514312525909668625e-03j), (1.147286782179997022e-01+2.426161203181256831e-02j), (-3.227033358250160078e-02-1.629638303375112451e-02j), (-4.069577700879972726e-01-1.285297027218500476e-01j), (-1.480931540753934739e-01+1.500259475121176744e-01j), (-1.895887116335657763e-01+7.121949403858653105e-02j), (-7.765552908145045927e-04+2.326388224377376414e-04j)
 (4.167872878701270323e-02+7.919234356157409116e-02j), (5.989842346685227137e-02-1.722899526435064665e-01j), (-5.026934470433901819e-02-1.826328647944112926e-01j), (-2.848985688189346055e-01+1.712364894664718251e-03j), (1.302742022670874966e-01+3.296947711141196558e-01j), (-1.071894272547695703e-01-1.279352899934729226e-01j), (1.320697583940058095e-01+1.410086505226852971e-01j), (-5.353199914917067996e-04+6.389569253942438583e-04j)
 (-1.046734987331657540e-01+2.173786335473268383e-02j), (-7.075535601237645245e-02+1.923426602952731657e-01j), (-6.344600801947748725e-02+2.564877431559117182e-01j), (1.515177192683371254e-01-3.098946013336517646e-01j), (5.508918265053367458e-01-2.950166427918097245e-01j), (1.702584163793778305e-01+3.565451208351713003e-02j), (8.068072629172702570e-02-1.384349448841817876e-01j), (-9.473448930020414557e-05+8.409746872619907818e-04j)
 (2.758525861233382739e-02-8.015184790842522222e-02j), (-5.536170786710094271e-02+8.441379754408578906e-02j), (2.597484853268777205e-01-1.714681815943550763e-02j), (4.606142450841902436e-01+4.372102251567598630e-02j), (-7.418775451161525591e-01-2.868871811216427981e-01j), (1.674821156742955369e-02-7.017391180291522590e-03j), (-1.345970891232371458e-01-1.074025850031125155e-02j), (3.906000541782112413e-04+7.542328561076551158e-04j)
 (2.601690462315498290e-02+4.891562129088985328e-02j), (-1.147403536759749043e-01-2.186890112089911464e-01j), (-1.584913196475426223e-01-1.841635243380208009e-01j), (-2.398266968301110968e-01+4.766736926647838768e-01j), (2.467648175458531101e-02+5.414818956768226998e-01j), (1.915722924512501535e-02+3.313814033756663086e-02j), (6.158541213898745953e-02+8.463265947766090980e-02j), (7.423341242788416509e-04+4.018494407079268790e-04j)
 (-3.483556080046590342e-02+3.518890739617818592e-03j), (2.402585782471824971e-01+5.293087118059491836e-02j), (-1.243420443424730071e-01+7.798198492781716062e-02j), (-3.277022189082474113e-01-1.695662122943921712e-01j), (5.127344357473462289e-01-6.851898041829183883e-02j), (2.813957166170822505e-02-4.636998374460002403e-02j), (2.258902912139694116e-02-5.796407354088162212e-02j), (8.276215980201537519e-04-9.065911216361259974e-05j)
 (-2.805706100563474387e-02-2.589923363681040022e-02j), (-1.606018162934621379e-02-8.686412289266826764e-03j), (8.970082685715766169e-02+3.488624142791609678e-02j), (3.079242259072207943e-01-2.492320936097798256e-01j), (-3.483937614486060652e-01-3.510009255719000187e-02j), (-2.371530795578729311e-01-5.197832128372369132e-02j), (-2.303203958569177701e-02-2.968360818176997429e-02j), (6.122540813347388672e-04-5.414786861959798884e-04j)
 (4.358634825016284575e-02-5.629131048322352782e-02j), (-1.926634444529365942e-01+7.713403180121486402e-02j), (7.897398123286082650e-02+1.642009571696852535e-02j), (9.713191110633137559e-03+2.985325140529043741e-01j), (1.566942264410541852e-01-9.800099270928952500e-02j), (1.107901525654730879e-01+1.354440529815856831e-01j), (-5.565043299498259599e-02+2.080389332528392865e-02j), (1.760228648436389131e-04-7.818814649192844983e-04j)
 (4.978306038708298770e-02+6.576734274378485956e-02j), (1.367536872294050632e-01-5.088435450089684453e-02j), (-3.377022862055799324e-02-3.595579435900636556e-02j), (-3.895434858855470472e-01-5.653251934081992419e-02j), (-6.018126047101178544e-02-4.146651002886044823e-01j), (2.305915814165291067e-01+5.330786511049168813e-03j), (1.790178530188599182e-02+6.737546865068697044e-02j), (-3.164130105645648287e-04-7.216370404234222213e-04j)
 (-6.541093036703585217e-02+1.673811018168260001e-02j), (1.212250198276368374e-02+2.014042277401870140e-02j), (-2.953933688458600798e-02+1.722587958402038710e-02j), (2.470183764179443298e-01-3.622684829698846753e-01j), (-2.159282616293553003e-01+5.740872486451826795e-01j), (-2.062274758123274210e-01-1.298418984109406260e-01j), (7.502962789441731950e-02-2.366797492886123233e-02j), (-6.781290387049550110e-04-3.845271963110997136e-04j)
 (9.659359667223036544e-03-4.386314165676451216e-02j), (-5.081552841854759806e-02-1.618301299133380333e-03j), (6.451516102700532995e-04-5.084694187677937099e-02j), (2.868388007939373652e-01+2.212742063920251634e-01j), (2.742889554689848519e-01+1.238014089936185086e-01j), (-7.278340027737098539e-02-7.983013851746406653e-03j), (-3.105320420519587510e-02-4.463617479107811342e-02j), (-7.716061127544325115e-04+1.002103562744808825e-04j)
 (2.169905532224467026e-02+9.985592965402493790e-03j), (3.660534218067564016e-03-9.049116206134311113e-02j), (-5.318097062482932125e-02+3.047291773020906896e-02j), (-3.179229850357795373e-01+2.206757871536602633e-01j), (-5.861488764648864480e-02-3.795895856892732012e-01j), (1.144701518616879077e-01+1.370515845432404289e-01j), (-4.316749082014105510e-03+4.812705923960956811e-03j), (-5.614344992634487039e-04+5.472687230376877248e-04j)
 (8.849723919967463631e-03+1.412603418439510421e-02j), (3.118511031842792491e-02+1.243360453993480191e-01j), (7.730622434763506634e-02+4.434635961095126366e-03j), (1.555956510577415075e-02-2.568661152437475836e-01j), (9.071607412321384956e-02+8.428064208344160368e-02j), (-2.804588532766983527e-02-1.939357977310412345e-02j), (-2.191723040594976274e-02-1.486230463344977160e-02j), (-1.275396351957091548e-04+7.861711778163463964e-04j)
 (-1.933131981115357445e-02+2.597780193525979844e-02j), (1.410444412026406330e-02-2.408820284770100961e-02j), (4.474068982872902306e-02+2.593531300522200489e-02j), (2.539984840615348016e-01-8.193856233428817304e-03j), (-9.827281644944590999e-02-1.122419825411093974e-01j), (1.575746687635591614e-02-1.062566292727902539e-01j), (-2.161744195823082221e-02+4.638508824635480948e-02j), (3.659810230041579638e-04+7.260336416898818465e-04j)
 (-2.811198735415124106e-02-2.279762863561216393e-02j), (-8.169624794091744080e-02-7.842158287403487582e-02j), (-5.618526741601068825e-02+1.097797442324546444e-02j), (-2.550710122560333470e-01+2.622968298526558995e-01j), (-1.998497251537095787e-01+1.294416978672303653e-01j), (9.131526159960247357e-03+8.245598166666970319e-02j), (5.803176958561123006e-02-1.767112645448595809e-02j), (7.339265469322484936e-04+3.891931315429980370e-04j)
 (1.364612486903495070e-02-2.359270588686540951e-02j), (6.407856594945171569e-02+4.942156426952705461e-02j), (-6.683638382971354708e-02-8.570563472245917858e-02j), (-1.001974446114813622e-01-1.817934859557230054e-01j), (2.194045896834795895e-01+1.008870244856977932e-01j), (-3.977479885529872777e-02-9.665660187981907348e-02j), (-6.413372576283224435e-02-1.104592032141881591e-02j), (8.402123096326691255e-04-9.884667398507739262e-05j)
 (3.176132390164433661e-02+1.050874835687633929e-04j), (1.402506649497169827e-02+2.883220788119987207e-02j), (3.731570253348306943e-02+8.849202382930243527e-02j), (2.995749631810037394e-01-1.300889228515465790e-01j), (4.416480703699865451e-02+2.642074153148418758e-03j), (3.957607791017675458e-02+7.868894290176602080e-02j), (3.189668480935303752e-02+6.238498767610119872e-02j), (6.481124561410072944e-04-5.585266806601013601e-04j)
 (-1.828834031184880735e-03+5.604364316890877995e-02j), (1.909474721171624395e-02+2.340569714228427078e-03j), (8.762329170614224783e-02-7.467915354720423837e-02j), (-6.980577106721778946e-02+2.836504865876660064e-01j), (2.451185125706631385e-02-1.097866126334100384e-01j), (-1.132850737196602203e-02+1.122275636164475898e-01j), (6.812317019915428706e-02-3.735506464246464431e-02j), (2.316770046818077686e-04-8.247299948347401512e-04j)
 (-7.748124300512468365e-02-2.307116614754279801e-02j), (-3.804754991498634359e-02-6.608647651492920161e-02j), (-1.304476567555452049e-01+2.861439473665135236e-02j), (-2.351544408590903468e-01-4.255948590987885388e-02j), (-1.790928468524570771e-01-2.471782018871540032e-01j), (-1.415310127774914439e-02-1.730681465529475549e-01j), (-5.757408116957318800e-02-6.957423933554783557e-02j), (-2.550683060304455643e-04-8.079573202054707434e-04j)
 (4.500083983621509798e-02-8.013956537969585403e-02j), (-1.182705997284805854e-01+8.400653359248741459e-02j), (1.124506176005863889e-01+6.511491452675854941e-02j), (6.358952468889922383e-02-2.765004371550128792e-01j), (-1.117992356092279288e-01+3.891427179433586403e-01j), (-1.673519701028969298e-03-2.852730522790281054e-03j), (-2.891095436445141609e-02+5.055565280598538908e-02j), (-6.381392919911131698e-04-5.250162672194634648e-04j)
 (7.004345233051846586e-02+5.184133923606489003e-02j), (1.157227959371760762e-01-1.669096446996724825e-02j), (-1.366598293714860884e-02-9.556930791586171203e-02j), (1.857902490460290323e-01+5.539862496294956778e-02j), (4.047353891791777292e-01+7.387037658493078585e-04j), (4.614638641917242351e-02+1.296851319992883278e-01j), (4.725585708811716815e-03+1.081213253635204125e-02j), (-7.889544042219373034e-04-8.852027086344099673e-05j)
 (-5.151199498884945910e-02+5.948524800727116035e-02j), (3.207895182702528991e-02-6.192929048048248508e-02j), (-9.381036395940875461e-02+5.843508483457762748e-02j), (5.558281371551412192e-02+1.730798760364085087e-01j), (-1.664435513817546508e-01-3.855184904970838655e-01j), (-7.809054511911663055e-02-1.431812922532585686e-01j), (8.997281575796768974e-03+1.632416314460368931e-02j), (-6.699131155081095414e-04+3.392732376377667397e-04j)
 (-4.549171530291779703e-02-5.854345372427816052e-02j), (-3.183311899930710981e-02+6.190298139353057200e-03j), (9.615948665634216352e-02-1.683870005114327176e-02j), (-1.093472413309514446e-01+3.856648433043577406e-02j), (-1.665421398569586209e-01+3.894901877639503351e-01j), (-6.928171536763338967e-03+6.149896822915267708e-02j), (3.935224065584083664e-02+8.830707487359083785e-03j), (-3.436186721964228346e-04+6.092239220107011771e-04j)
 (6.767831195352751184e-02-1.833905874058921678e-02j), (-3.689184737019221560e-03-1.241424102587080844e-02j), (-4.469689217043671531e-02-4.041311269577597259e-02j), (-9.788267343796758224e-02-3.024906776412206871e-02j), (1.768390955295260636e-01+1.761944460916264887e-04j), (1.249724732662966520e-01+1.321968608690697322e-01j), (-8.553858141538889237e-03-6.381546111569366686e-02j), (5.615140068737975833e-05+6.399824738908259803e-04j)
 (-1.663335292310434005e-02+5.996634521461768202e-02j), (1.639565182988686476e-02+9.189960696097371207e-02j), (-4.195529090202518990e-02+7.422099070172544222e-02j), (2.558128287346453367e-02-1.125805599875931151e-01j), (-1.375025217711108028e-01-3.039220072634016834e-01j), (-1.827891314969966319e-02-2.163994148149530616e-01j), (-3.245821975147442084e-02+4.100304601349483158e-02j), (3.787948548244420314e-04+4.440841842949787722e-04j)
 (-3.003901490065227775e-02-4.097097162894520334e-02j), (-5.097704738408426889e-02-5.675917344714745405e-03j), (8.249338529765293249e-02-1.205186802861676898e-03j), (3.969230354273542427e-02+7.001161406657867292e-02j), (1.164674277305312033e-01+1.688470119337950326e-01j), (-1.190710045276066609e-01+4.433717247605813150e-02j), (3.867941992979995192e-02-2.112537516354637268e-02j), (5.144535929862407335e-04+1.169531290118245963e-04j)
 (4.460150806931498235e-02+5.942652769138852958e-03j), (-2.311728508039594121e-02-7.971967515965108775e-02j), (2.197871436173049614e-02-8.409517683704664792e-02j), (-6.198343231333114378e-02-1.346705556303809392e-02j), (1.048235954189093988e-01-4.796734952440263877e-02j), (2.024472172373124185e-02+1.821317504957321587e-01j), (-5.802764962217209915e-02-2.592290161298270446e-02j), (4.325498187265414867e-04-2.049369076605709076e-04j)
 (-2.803337696027682208e-02+3.508566569700447696e-02j), (1.388622686858536348e-01+1.626562145752823152e-02j), (-8.455458771467644352e-02+1.666569605729338599e-02j), (8.043403355395417620e-02-1.469879566716343067e-01j), (-3.086775062260816993e-01+2.846233725533814374e-02j), (3.824879314597391666e-02-1.917204530701301646e-01j), (-1.404360774443537407e-02+8.175469170626169235e-02j), (1.875669601531394900e-04-3.988811297095985493e-04j)
 (-2.712496735584648405e-02-3.007514834654551397e-02j), (-6.912321656005288029e-02+1.366523464123329222e-02j), (3.712386210983641827e-03+6.365839158895847394e-02j), (1.246588573358308194e-01+1.606107019191805318e-01j), (1.378125410666289075e-01+1.733122324562945960e-01j), (5.220040258499088898e-02-1.639422809332304054e-03j), (8.417229287478454614e-02+5.919076332638835425e-03j), (-1.081859347619477593e-04-4.018160464207950946e-04j)
 (2.253773742051591242e-02-2.907247990459523729e-02j), (-8.127177694310241951e-02+2.046305972113186822e-02j), (4.822084484112404423e-02-1.926227109451784936e-02j), (-1.423923204810271792e-01+1.244743456804645321e-01j), (1.758857659169664467e-01-1.713621869107651574e-01j), (-3.478679806987078349e-02+1.256274458131626248e-01j), (5.725480649542410982e-03-7.593802613573100158e-02j), (-3.322259281684419646e-04-2.300464771532975856e-04j)
 (3.594493888068543003e-02+2.343350040943835769e-02j), (1.038063882857362952e-01-2.717318749296668279e-02j), (-2.956766807695701549e-02+2.758126374052535801e-02j), (-1.409663098440765983e-01-2.087343527726941983e-01j), (-1.399442588866977866e-01-8.239951574638698650e-02j), (-6.596111886344441233e-02-6.887065699667475893e-02j), (-5.628535796934538288e-02+1.680860692191143979e-03j), (-4.001385604173682969e-04+3.315704656780063542e-05j)
 (-4.116599294593113745e-02+3.163251351228834468e-02j), (-1.061453366303419243e-02+5.909309222859042421e-02j), (3.891518531371068734e-02-5.513026059120613998e-02j), (2.242534037121626800e-01+1.239561398827224159e-02j), (-4.122849047722090821e-02+7.323585577175507899e-02j), (8.278382387686028521e-02-1.508092372059626624e-02j), (1.115818782143632171e-03+2.283227952082873130e-02j), (-2.955571431942787030e-04+2.751355572562295786e-04j)
 (-5.224923566951389722e-03-6.203002717029285074e-02j), (-5.030978415771560075e-02-2.513250727513727939e-02j), (-4.224489176126394741e-02-4.925004153301744403e-02j), (-3.114861458476703149e-02+1.730517392555001588e-01j), (-5.572312745908983289e-02+1.434663951404319127e-03j), (-3.668629151351363721e-02+3.291020219383074957e-02j), (7.255214670237805641e-03+4.558103031278397388e-03j), (-7.137150341323273556e-05+4.001861320562223687e-04j)
 (6.295764492419958502e-02+3.075952541656653411e-02j), (1.345233716959240433e-02-1.194788991733182620e-01j), (-2.734934529451360508e-02+8.945377489689686212e-02j), (-2.178617435758566367e-01-1.150908145695543616e-01j), (4.677444573338807032e-02+1.705281654396278435e-01j), (-1.721425226508608783e-02-3.013984517553622289e-02j), (-9.896119633830316453e-03+2.061206588513372906e-03j), (1.763355751859468164e-04+3.658573664025081915e-04j)
 (-4.919256330721842596e-02+4.129561954128693757e-02j), (1.666599173932379468e-02+1.179044554274028822e-01j), (3.968852059118772174e-02+2.101455792902211239e-03j), (1.796232694759360982e-01-1.922421705246235291e-01j), (2.488245789723005919e-01-1.344559555330712142e-01j), (5.406344928134677180e-02+1.546795423675582926e-02j), (2.205249768157500206e-02+1.687280495218408671e-02j), (3.494401758663739964e-04+1.955759423439494245e-04j)
 (-2.023510924267496458e-02-4.172776493281551285e-02j), (-2.714431978649706895e-02+2.806715824930489100e-02j), (3.791710817044234572e-03-2.731721066923704921e-02j), (1.381456132919999524e-01+1.776591701780266264e-01j), (-2.385053302872063852e-01-2.151114330713539968e-01j), (-4.105870102649372688e-02+1.380864950141942951e-02j), (1.000225759129489897e-02-2.246692985737981652e-02j), (3.866517556007897363e-04-3.572322308064541062e-05j)
 (3.040139859269782446e-02-1.764243790874459733e-02j), (1.857450779104832805e-02-8.753813162566731476e-02j), (4.957244755405693787e-02+9.067647063004627417e-03j), (-1.358021615368380786e-01+1.529707047576956136e-01j), (-1.159622637340715634e-01+2.489475240342909901e-01j), (1.580547559646788836e-03+1.614176584897444866e-02j), (-1.149002377310624594e-02-1.460332842580569501e-02j), (2.848167101129191149e-04-2.353159286972697408e-04j)
 (2.400936758626272260e-02+3.636966385907763888e-02j), (8.135216900476495427e-02+2.675905474594518149e-02j), (-6.274258304869317904e-02-4.834418496868058551e-02j), (-8.772348720586436999e-02-1.430048069414064371e-01j), (2.870923266467322321e-01+1.119727615611870730e-02j), (6.176216959136335283e-02-1.164000608817722382e-01j), (-1.336482037240258047e-02+5.062367925002274338e-03j), (9.542029669701534945e-05-3.308937668252303396e-04j)
 (-5.151717846066366374e-02+2.295312154229152066e-02j), (-1.391360175545560962e-01+3.222828099104670108e-02j), (-1.070046048175435360e-02+1.667799709286060458e-02j), (8.858807088094075577e-02-1.537614997664413230e-02j), (-1.595734920447350047e-01-4.454595205475736508e-02j), (-1.335598445544084745e-01+1.333719692516912581e-01j), (-1.212097752426944883e-02+5.263084744275191296e-03j), (-1.004944218210767834e-04-2.976116607331176674e-04j)
 (-1.818175219891068201e-02-5.548171621168034029e-02j), (-2.309101498037299111e-02-2.226340058542145353e-02j), (-3.341947604190342869e-02+4.484603093728944945e-02j), (-1.410485441274837021e-02+4.263896813757377113e-02j), (4.820220349295856188e-03+5.648640138308577696e-02j), (7.474786235287282643e-02-1.433237086509550617e-02j), (4.005329373945485869e-03+2.192321403552537420e-02j), (-2.272980755413837135e-04-1.639112886416195134e-04j)
 (4.724063979777754635e-02-2.200679985386113161e-02j), (2.197990288073619347e-01-4.985984434926964137e-02j), (9.684174871690681696e-02+7.636135491442899714e-02j), (-7.828666781189962121e-02-3.704132458182193138e-02j), (2.818824273553890980e-02-1.950160021789388576e-01j), (1.022135321749994552e-01-8.178359702962371969e-02j), (1.327059199792646367e-02+1.176038238726805074e-02j), (-2.447549906186186237e-04+4.659676516832067126e-06j)
 (2.884726802776771404e-02+4.011268089799666092e-02j), (-8.743913190573279759e-02+8.444490674237223327e-02j), (5.953573408070933493e-02-1.565973157714295461e-01j), (1.061035906368331394e-01-3.532666098391895604e-02j), (-7.678490348532528154e-02+1.160101564870918978e-01j), (-1.618498822607115639e-01+8.343847234584632344e-02j), (4.103548753648378344e-02-8.286113812861851946e-03j), (-1.611935759230523715e-04+1.354175484942334658e-04j)
 (-3.473909831815639310e-02+2.257682552952834307e-02j), (-1.425484398226448401e-01+6.563672016219644634e-02j), (-2.102576660995038038e-01-1.555274751576566673e-02j), (-9.827878304758980166e-03-7.183001968555438599e-04j), (1.284600223676753972e-01+5.484985602998704302e-02j), (2.805196367965066828e-02-1.366699837713612753e-02j), (-6.709473239823293689e-03-6.358630199658056592e-02j), (-2.572979863436604744e-05+1.790304727451828967e-04j)
 (-5.107509063106979372e-03-1.965730461865558554e-02j), (4.903526897972073501e-02-1.613988557797721435e-01j), (5.144987824278995231e-02+1.629064841269400321e-01j), (1.058084389944466408e-03+8.927670625643546742e-02j), (-1.678702079190438901e-02-1.088949769351269109e-01j), (9.855919762495130021e-02-1.377168077926815559e-01j), (-7.899501626113072938e-02+3.673165592272167879e-03j), (9.572231035974359072e-05+1.279576018896246155e-04j)
 (-4.261511168055589355e-03+3.893848103860448120e-03j), (8.336152064907573211e-02+2.124118134591377813e-02j), (1.135238239889546363e-01-1.015645502256919408e-01j), (-2.133397898810091009e-03-1.815727705700029282e-02j), (-6.224668352803719440e-02+1.055872997230428018e-01j), (-8.291075081141599523e-02+1.975630595440038273e-01j), (3.496517776471818467e-03+8.506952476698706467e-02j), (1.495696647642520585e-04+1.609278816289464419e-05j)
 (4.884295019660041259e-03-2.071758379091340543e-02j), (-4.092430636388073861e-02+6.857458990064455029e-02j), (-6.292311440555517499e-02+1.514150336265111807e-03j), (-7.130762550933414379e-02-5.947647759633808984e-02j), (-1.681808913264730421e-02-4.474946602116794403e-03j), (2.360987378985145851e-02-5.964100309889461271e-03j), (8.044871444631682134e-02-5.671017206711571890e-03j), (1.163337642492574516e-04-9.890988409910363003e-05j)
 (1.986849987310462806e-02+2.078696278355855395e-02j), (-2.509940848277486536e-02-3.853137419132303398e-02j), (3.679832180504197942e-02+8.051033066089025719e-03j), (1.190032404920147308e-01+1.927755480637037555e-02j), (-3.028627658274390955e-02-8.006178844516639859e-03j), (8.677733932880855872e-03-1.773593870289678909e-01j), (-1.212989337127359096e-02-6.507713484562901995e-02j), (1.653044348265842595e-05-1.620644285428383805e-04j)
 (-3.121965412318085387e-02+6.384842712378751423e-03j), (7.213017047113048918e-02+4.210412149419612282e-03j), (-3.815618731627137133e-02-3.158577284315673694e-02j), (-2.300687076530391617e-02+8.877987827471937876e-02j), (1.878376882251780455e-01-6.543017063827230584e-02j), (-5.283247122950850139e-02+1.065956479343247443e-01j), (-3.967442805108712528e-02+1.739704824047329929e-02j), (-1.007688177390428971e-04-1.445842569044988781e-04j)
 (1.368954730150307234e-02-3.203317099877875385e-02j), (-2.358141576807597228e-02+4.073389087042998680e-02j), (-2.852776587338937825e-02+5.220199938845995757e-02j), (-1.773600334232592335e-01+4.233210864117181726e-03j), (-1.230838493960347418e-01-1.362086578849381890e-01j), (5.229172766109920628e-02+4.489020952309225737e-02j), (1.994886362598050772e-02+1.484332099849634823e-02j), (-1.807790239913771341e-04-5.481722388166589219e-05j)
 (2.067606320972881218e-02+3.683983734354810691e-02j), (-3.656461904458795792e-02-1.807602835082394721e-02j), (6.719618220751051585e-02+2.806588052667977756e-02j), (8.254987592459364643e-02-2.221258055091325789e-01j), (-1.580031538303472982e-01+2.770779659855435173e-01j), (1.895504159961719504e-02-9.308718580343020021e-02j), (-9.427674158453989983e-03-2.053205177761307371e-02j), (-1.869295505515750988e-04+6.724005037190362898e-05j)
 (-5.338369049911806385e-02-2.383806738413082882e-03j), (6.687237556229991275e-03-6.945849121218025668e-02j), (-3.452140220249373670e-02-6.847687821259890173e-02j), (1.660408982806026446e-01+7.163993124235362719e-02j), (2.726517081680385757e-01+6.098716114176519487e-03j), (-5.521261243106764804e-02+7.508967359508122996e-02j), (-5.732271754552556442e-03+2.225660634994822834e-02j), (-1.157349364898157488e-04+1.685583943487033447e-04j)
 (2.397967139027828987e-02-5.378618905125578942e-02j), (-2.234691948149426788e-02+6.807328680862832770e-02j), (-2.539543563557906947e-03+3.025100478019202704e-02j), (-8.148676065044191397e-02+1.914192598155964598e-01j), (-7.995409427819522019e-02-1.541767992104587370e-01j), (2.394383792473066264e-02-3.008236258591261841e-02j), (-2.899078377921332494e-04-7.454952337224665659e-03j), (3.126902503385118725e-06+2.062228211325525427e-04j)
 (4.583139173052453580e-02+2.838359809417630164e-02j), (3.129981658650560217e-02+2.608052611339701718e-02j), (5.132819383518005818e-03-2.037944417208720216e-02j), (-1.357141503252152215e-01-1.426273995010406415e-01j), (-1.648387895404600234e-02-1.792183759173227031e-02j), (4.032142415865122564e-02-3.232075849555211822e-02j), (1.045890593023277026e-02+3.478694488428047543e-02j), (1.207184966180172632e-04+1.651190544472883417e-04j)
 (-2.044833945901044017e-02+4.745257366206258320e-02j), (4.189843416627762884e-02-6.903244886267878577e-02j), (-1.227255168458285528e-02-3.099728765148340032e-03j), (1.534438194473274897e-01-1.075795600902802462e-01j), (-7.652261447809793893e-02-4.364644111831683659e-02j), (-1.945407908473390651e-02+7.045627834026729763e-02j), (4.641608247385968500e-02-3.915929099992765394e-02j), (1.901016860721254362e-04+6.304879994093164769e-05j)
 (-5.915615146255088358e-02-2.151074190841896147e-02j), (-4.048264550622394931e-02-9.478728288157895615e-03j), (2.419419465029048338e-02+4.904496206110827566e-02j), (7.889534734376471570e-02+2.170909978496134429e-01j), (-6.142935081166583933e-02+2.719296150006795254e-01j), (-9.556818090169846847e-02-5.403309479009672789e-02j), (-5.410760056362427795e-02-4.006047310347497781e-02j), (1.856341106960699371e-04-5.814713897936410665e-05j)
 (3.864758415574198747e-02-6.130912330241060360e-02j), (-3.535539239778416609e-02+5.684783310620300512e-02j), (-1.315530181619877642e-02-3.805115000312752488e-02j), (-2.016842398008466541e-01+6.460159799890208276e-02j), (2.625617768399082785e-01-1.021518784894958204e-01j), (7.761701024883124744e-02+1.145439321646001332e-02j), (-2.140048938075193516e-02+5.486057858215592775e-02j), (1.123659175459299810e-04-1.509341079939662835e-04j)
 (4.309358744113132855e-02+5.533564544663562706e-02j), (3.046240569852604052e-02+1.118035564132922877e-02j), (-1.067332038925264404e-02-4.800451021265597640e-03j), (-4.161759717614704757e-02-2.136242473371013639e-01j), (-9.903436323755238080e-02-2.615106132366870062e-01j), (3.156479328084618730e-02+3.224177170488037175e-02j), (3.898439347453427212e-02-3.767796521111407837e-03j), (2.226516034930148182e-06-1.816883603394117913e-04j)
 (-5.710451715674549900e-02+1.629972663845264541e-02j), (2.041049124671843670e-02-2.326340313707769489e-02j), (1.918927943781219281e-02+9.402941973712226897e-03j), (1.367464235456334887e-01-3.430484486285083345e-02j), (-1.506205043423887724e-01+2.255547744916915898e-01j), (-3.751024117182276407e-02-7.549326619924864867e-02j), (-2.179892587751418309e-02-1.633902145411868928e-02j), (-1.005777892109865164e-04-1.433415399288699601e-04j)
 (5.078918263848902770e-03-4.853455966866711269e-02j), (-3.742212684331752692e-03-1.833881916669552470e-02j), (-9.591424813464703020e-03+6.302329224127295459e-03j), (2.803681712630633205e-02+1.155320510580368498e-01j), (1.460910751007364616e-01+1.947810026961907526e-02j), (2.170302782021028831e-02+7.593577035611856485e-02j), (1.377000167909217532e-03+3.138130775525811017e-02j), (-1.581823742994862463e-04-5.628796540123570365e-05j)
 (3.870537790964917457e-02+2.065509776923701857e-02j), (-1.265222273398435363e-02-6.510261873450412518e-03j), (1.481461870795258706e-03-2.233741412210724087e-02j), (-7.178994401257493552e-02-2.818270776269351380e-02j), (-2.129635941841825919e-02-9.143753712964713953e-02j), (-4.844719717199894027e-03-2.988193639725844619e-02j), (2.731745528137267953e-02-1.064526289491700417e-02j), (-1.537040007075476044e-04+4.199364136923093441e-05j)
 (-3.181398616941136931e-02+2.795435635002936625e-02j), (-3.063299197381918332e-03+1.681101703299474337e-02j), (-2.578535140192850239e-03+2.025748553741531233e-02j), (5.710158857855270054e-02+1.553479492568786424e-02j), (-3.979739718941224802e-02+1.443626658393596385e-01j), (-8.282661515562533827e-02-5.866315190010391173e-02j), (7.446678862408767641e-04-1.147446432961315987e-02j), (-9.613257754919024263e-05+1.134622207690491656e-04j)
 (-1.734809293232920241e-02-3.253382689953936840e-02j), (-2.767414186202316745e-02+5.398677351811669717e-02j), (1.937580170170467853e-02+4.025266687331216509e-02j), (-9.916951309066113218e-03+6.375443825326689018e-02j), (2.141645820266258049e-02-1.066263897212506861e-01j), (1.053981027584947883e-01+1.324264899411164986e-01j), (-2.178312493523643784e-03-2.616554709080305685e-02j), (-1.421352256911190531e-05+1.348396995043375248e-04j)
 (2.229718209074228741e-02-1.383056323343508955e-02j), (4.629702695010592256e-02-6.978284785483930552e-02j), (-5.351493985858643554e-03-7.761424682836735867e-02j), (-1.349164762851983168e-01-9.551556593944263152e-02j), (4.657886597961839736e-02-1.304337062672321079e-01j), (-5.532859276846831265e-03-1.551022699785287173e-02j), (-4.521705558412263126e-02-2.773359205609213229e-03j), (5.721798963704909872e-05+1.054615027920771501e-04j)
 (1.595041300939665369e-02+1.217794140589683466e-02j), (-4.497713649208823911e-02-2.730027740000689346e-02j), (-6.185287209584960227e-02+2.933792773510630891e-02j), (1.372332201804467577e-01-8.807041833197204461e-02j), (-9.192099790565080863e-02+8.197189386998432470e-02j), (-6.028560486477520242e-02-1.656454921856111429e-01j), (-8.392220644174039346e-03+5.881410478470040781e-02j), (9.208019918018055412e-05+4.502497239041597116e-05j)
 (-7.551401593806520568e-03+1.070876874447327168e-02j), (4.923546707078254453e-02+5.310893885477168536e-02j), (8.677579511782880506e-02+4.324654601204756810e-02j), (1.137248534730980198e-01+1.683451819204791200e-01j), (-3.388461963075790895e-02+2.216493364303845914e-01j), (3.475854843110338932e-02+1.025948550882722354e-01j), (6.095246671263316457e-02+3.056911508556976742e-03j), (8.271976806965397177e-05-1.689343597495164507e-05j)
 (4.716677723749174156e-03+2.705493787663673655e-04j), (2.349185864937969673e-02-2.797812789806948877e-02j), (-2.565266415287724422e-02-1.013702442120104769e-01j), (-2.188155340449261244e-01+7.047388926629993833e-02j), (1.865294639706998325e-01-1.285078002444166034e-01j), (-4.202232513402390235e-03+6.339072707287032871e-02j), (-3.781635569024659194e-03-3.709233792665331264e-02j), (4.081694814236333816e-05-5.433016869886458694e-05j)
 (-1.512386555141783176e-02+1.398899956947630141e-02j), (-5.375438323128382129e-02+4.899236493554888494e-02j), (-5.137491322007431416e-02+8.696244601859808021e-02j), (-4.881783447861941932e-02-1.882736815607313208e-01j), (-2.242952369357407993e-02-1.627004846205583055e-01j), (-3.383878372885421731e-02-7.284939159111802898e-02j), (-3.398029984310484142e-03-7.023170067716442283e-03j), (-9.997484298061431063e-06-5.537834268607334939e-05j)
 (-5.787026221148051930e-03-2.507582356531804987e-02j), (1.023565658869448128e-02-2.333270390696418062e-04j), (1.035227016011512347e-01+1.437055600313087711e-02j), (2.462425960375845269e-01-4.859016197537557868e-02j), (-1.755791332793845971e-01+7.621496601557899153e-02j), (8.854975693013712734e-02+1.520537252800628278e-02j), (-2.666058114322134021e-02-1.344896891853987822e-02j), (-4.578271830779024536e-05-2.539033785263898504e-05j)
 (2.243062562622078274e-02+9.104467042924970638e-03j), (-3.894154279535903818e-02-1.489752074865289752e-02j), (-1.023844145203164635e-01-9.196361375710634944e-02j), (-3.918928723132954206e-02+2.255538873659421739e-01j), (-4.144408754381811999e-02+7.527411861163652018e-02j), (-3.983183851844981221e-02+4.587343735871413086e-03j), (-1.279584089421112458e-02+3.644746797133527338e-02j), (-5.265834131604450209e-05+1.770001611519660318e-05j)
 (-1.772474033359465809e-02+1.804910119043676500e-02j), (3.505061471629009051e-02-1.125366210280409965e-02j), (1.071602690801397306e-02+9.454073882088191716e-02j), (-2.512973652214285925e-01-2.842671205712193894e-02j), (1.876715181804831101e-01+1.128520546364207844e-01j), (-4.576268128468270746e-02-1.401531206379710848e-02j), (3.913936133103189385e-02+8.009147295462090005e-03j), (-3.144889629694145239e-05+5.302352509689914600e-05j)
 (-2.110124488571511400e-02-2.533994336420088839e-02j), (7.556850336794540546e-03-6.002501337216862437e-02j), (9.613102875038168071e-02-5.599559660209760259e-02j), (9.266048034959598056e-02-2.501382036089393468e-01j), (1.585684284794052767e-01-2.007960889981292296e-01j), (7.931989475015110980e-03+3.621873590164694651e-02j), (-5.065930452176327370e-03-4.773101185261646034e-02j), (4.871365646189990085e-06+6.651316928837227942e-05j)
 (4.012381307719111584e-02-2.042328554605955804e-02j), (-1.876897237059985124e-03+3.274288546227597380e-02j), (-1.028665046214020662e-01-1.142826404440350219e-02j), (2.525121601429168861e-01+7.774788463113573023e-02j), (-3.372978528620023120e-01-1.243910902461234091e-01j), (2.298776975637184528e-02-5.468551574175535557e-02j), (-4.889666132327578907e-02+3.697979060909625804e-02j), (3.898911002193632016e-05+5.625524893796855557e-05j)
 (3.377260490185048786e-03+5.314030204810915592e-02j), (9.803244821089390076e-03+4.119837018921086724e-02j), (1.925235092553753691e-02+7.112296100901341345e-02j), (-9.949042102017624511e-02+2.078957029998280970e-01j), (-4.694411428180556012e-03+3.168724323649295127e-01j), (2.281571888989750510e-02+1.836590858093663930e-02j), (6.274204833817162430e-02+2.191620801117354078e-02j), (5.810347900514285828e-05+3.140277780741550261e-05j)
 (-5.257331037433157772e-02-2.074425399588454566e-02j), (-1.732750134657948249e-02+2.631979054989756761e-02j), (5.033508928838864582e-02-6.669216436242807189e-02j), (-1.505619182587421001e-01-5.377407129488282617e-02j), (2.733559580080913709e-01-7.294214032474172216e-02j), (2.320711612516512812e-03+3.204814415328245680e-02j), (-9.008965028595411484e-03-5.101844445184659793e-02j), (5.945669641384653393e-05+5.812399602241668313e-06j)
 (3.526981885489480911e-02-4.512680276644424893e-02j), (4.104120655175060028e-02-2.934605809700730622e-02j), (-6.045175679317728312e-02+1.488838461325278639e-02j), (2.846784171253322060e-02-7.760204112896401663e-02j), (-1.837910598622869429e-01-1.603064270977395678e-01j), (-4.502041363184730582e-02-2.978355102500554463e-02j), (-2.262867854763208481e-02+1.033783663347534465e-02j), (5.010602591188630887e-05-9.974458573223633990e-06j)
 (4.331593823515972330e-02+4.211253095409153713e-02j), (-3.445046668179928273e-02-4.989940584289581649e-02j), (5.507981409225404246e-02+2.739108084359771073e-02j), (3.030598986454374755e-02-1.989822541304242520e-02j), (-1.808381951263121623e-02+1.401147756709406056e-01j), (-1.977927227458847748e-03-1.306607295479866870e-02j), (-1.730039524969723130e-03+1.043115639144132079e-02j), (4.148651137186762329e-05-1.419868780355643459e-05j)
 (-5.316965225682974278e-02+4.237548295811212340e-02j), (-5.769916290096294836e-02+3.809427597712243541e-02j), (-2.978299209797497654e-02-4.317252882190095870e-02j), (1.693299846455185997e-03-1.883222979360332783e-02j), (1.556467551478427913e-01-5.209907777429062525e-02j), (4.078123653320699094e-02+7.370679689510097055e-02j), (4.549600733841779876e-03+2.546708765628236115e-03j), (4.189917133361745942e-05-1.407680222447409797e-05j)
 (-3.058680114261556893e-02-6.634687011844005167e-02j), (3.701937807424179883e-02+4.780152832757345038e-03j), (-3.325657975611145956e-02+3.878303754851578078e-02j), (7.392273520145908883e-02+4.689602511481300029e-02j), (-9.947519362186296732e-02-2.512590861551093624e-02j), (-3.091287444102752691e-05-8.092391740742932438e-02j), (4.765102525685391277e-03+7.102143406873373532e-03j), (5.101618068509468102e-05-2.077385778469068890e-05j)
 (7.133265956733744750e-02-1.307282455446030778e-02j), (5.145856417315113757e-02+1.640721057780461511e-02j), (5.961806936144112279e-02-1.339618918913091164e-02j), (-4.956976447842843803e-02+5.549771769255695819e-02j), (-7.140475351880630484e-02+6.639152732667263912e-02j), (-3.329210591970793720e-02+1.115628331978296695e-02j), (4.919457576106928132e-03-1.583495189025435623e-02j), (5.939988791265579963e-05-4.190249450479124763e-05j)
 (3.509986771560391627e-03+7.016689696997521763e-02j), (1.668710072219062313e-02-4.746564932438594037e-02j), (-2.848294062063021909e-02-9.311061296720926292e-03j), (-5.049385462273309200e-02-5.974675551823859648e-02j), (7.870760556774930583e-02-2.177794088919557391e-02j), (-3.246037547420616010e-03+2.824824905371889003e-02j), (-1.283698622520090815e-02+1.606493072305489878e-02j), (5.344701089564815838e-05-7.559797052425867078e-05j)
 (-6.983876287656082260e-02+2.599174238741668030e-04j), (-9.775136635362345616e-02-2.373761411241298580e-02j), (5.897682230617554144e-03+2.163640580045779124e-02j), (5.644424772720535444e-02-2.406782342595409352e-02j), (2.624738358878925260e-02-3.051939702134465193e-04j), (8.020507513974525771e-03-2.360370550389621902e-02j), (3.003878047766128656e-02-9.385497526905428600e-03j), (2.335893010767112806e-05-1.095029687836481750e-04j)
 (6.531720410076699568e-03-6.258321249857809465e-02j), (4.740835108941099385e-02+9.609091610306322306e-02j), (-8.198667049866270595e-05-4.322419526555525138e-02j), (-2.420191439924374022e-02+5.714102130649408029e-02j), (-6.147314517590285465e-02+4.953396356291953073e-03j), (1.995093439035416916e-02+1.927483032871426388e-02j), (-3.096282606611237831e-02-2.839595348432340238e-02j), (-2.992744672636457257e-05-1.255978873731069037e-04j)
 (3.783095376246372460e-02+1.139939192317610504e-02j), (3.831487473833122825e-02-3.765652650739383794e-02j), (-1.514705202485842027e-02+3.171906701156663316e-02j), (-2.062922134937009849e-02-4.623789101294262238e-02j), (5.414344115049918305e-02-6.119017658401582072e-02j), (4.927068447984311872e-02+2.784000988479452821e-02j), (-1.705531546531516285e-02+4.728560391240313465e-02j), (-9.260879248076535515e-05-1.088742612215705396e-04j)
 (-1.881242126398036119e-03+7.566211063849106327e-03j), (-6.855410105412029775e-02-3.166311430894197532e-02j), (2.015297624194423154e-02+9.737355307053885412e-03j), (8.064746154626833974e-02-2.031545530900069618e-02j), (1.328087148388856775e-02-1.598829825659442427e-02j), (-6.993059188679701110e-02-8.668542513157187490e-02j), (5.376497515762285184e-02-9.158246109565268411e-03j), (-1.422722915940419176e-04-5.578166901862389310e-05j)
 (6.110416583177534500e-03+1.528179751469476051e-02j), (4.866016525249242108e-02+3.620870746120431055e-02j), (-2.232455805721964004e-02-1.894274869511148457e-02j), (-1.473368126875997108e-02+1.024947851695580531e-01j), (-1.130166966963246367e-01+1.518370654525058039e-01j), (-4.719585513224483497e-02+7.149156324480621105e-02j), (-3.865462151674489005e-02-3.831806437629505652e-02j), (-1.570798051181044198e-04+2.179868985067480447e-05j)
 (-2.297709660954369223e-02+4.531476948540051619e-03j), (-2.074969020278463402e-02+2.286886667426230035e-02j), (4.534707649639005411e-02+4.538102646350872238e-02j), (-8.623116474255780595e-02-3.276203044040482126e-02j), (8.537858629563355173e-02-3.891485075887318734e-02j), (3.484204269946244992e-02+4.450304390493473039e-03j), (-1.439236536477637995e-02+5.349973929783978510e-02j), (-1.259199600782219455e-04+9.944041069058040354e-05j)
 (-6.362282156355706514e-03-2.506677523367686553e-02j), (-2.369802212333804725e-02-5.512990693874531695e-02j), (-5.251985477478085529e-03-8.567555539785416674e-02j), (2.830592937405529419e-02-7.756948230501997665e-02j), (1.468905972342940403e-02-1.325455677627524476e-01j), (7.159200214343898472e-02-5.665928590058257053e-02j), (5.990909276911508818e-02-5.885489837964497095e-03j), (-5.482083561564538368e-05+1.492129432687490462e-04j)
 (3.972651339224189670e-02-1.103839599374261023e-02j), (3.296549772855150717e-02-6.887836481016590406e-02j), (-9.826936213836801048e-02+2.519615937802135996e-02j), (1.723704371043388583e-02+7.056169847633289582e-02j), (-2.989474354648824495e-02+1.203314820434968624e-01j), (-2.841306249342043233e-02+2.814563628219418981e-02j), (-2.903778916966201495e-02-5.442198593952221608e-02j), (3.366521616066401809e-05+1.512483935281280388e-04j)
 (-6.151243997134635960e-04+6.227066867755197410e-02j), (4.396750899376439259e-03+1.267116452212644906e-01j), (8.293282314654071286e-02+5.362753078022998443e-02j), (-3.191421357957488492e-02-2.919765456697626105e-02j), (5.634028154641507191e-02-5.375026596659901457e-02j), (-3.165133315138184827e-02+1.596851387851645765e-02j), (-2.742206530282790405e-02+4.255464631604236048e-02j), (1.083820250163685002e-04+1.028104330116242238e-04j)
 (-6.680369430495804173e-02-2.788230638224472105e-02j), (-1.863605755281019793e-02+2.090904171486260982e-02j), (1.795282094412220530e-02-1.457374207081033740e-02j), (6.675432058740737862e-02-9.128835445172313323e-02j), (-1.366984866986430680e-01-7.426177458767835304e-02j), (1.111972649694460691e-03-1.752762756215744955e-02j), (3.362725440447507375e-02-3.490016213332836070e-03j), (1.417906306595345060e-04+2.067187413405495444e-05j)
 (4.592950912094884847e-02-4.928713788142008445e-02j), (1.071971184403040789e-02-8.748099225641281507e-02j), (-4.925072296403404382e-03-3.579661991001353849e-02j), (7.233121804496073226e-02+1.288323255235975795e-01j), (4.823822494393464888e-02+2.309544408577328678e-01j), (2.159015922377438557e-03+2.293046900590650639e-02j), (-2.164936319423768629e-02-1.218752903859263159e-02j), (1.214131106436638387e-04-6.463571593877089419e-05j)
 (3.553697177123912171e-02+4.758822118021183156e-02j), (3.784536707429195235e-02-2.504070059120473701e-02j), (-4.180063587107492318e-02-1.106732538589766390e-02j), (-1.033216393919340614e-01+7.569888668754770622e-02j), (1.815226728132386391e-01-1.212777891947788289e-01j), (1.554199543684341156e-02-6.190013311338116164e-03j), (1.163249614644978891e-02+2.249403186255910861e-02j), (5.552907515654799397e-05-1.206302109841373219e-04j)
 (-5.556534638411021049e-02+3.650164311412691653e-02j), (-5.765197834340747562e-02+4.693547720287405411e-02j), (-2.650705422817895007e-03+6.595964243412408279e-02j), (-1.097848779375424355e-01-8.428764532007249066e-02j), (-2.031421536793923677e-01-1.675096647730450750e-01j), (-4.046296112097114150e-03-3.572202930717210956e-02j), (5.920726925498581705e-03-2.382114680818883667e-02j), (-2.954065080639834730e-05-1.259591997365807139e-04j)
 (-2.944378412400910916e-02-7.951640236407553353e-02j), (-1.924042996450625598e-02+4.537812827481857436e-02j), (4.660527298328354107e-02-4.684703158591557726e-02j), (5.400102807340689814e-02-1.027425059205308022e-01j), (-5.288182590738599309e-02+2.249928282570324845e-01j), (-1.734468598278968154e-02+2.898649062750835448e-02j), (-1.588412201086633613e-02+1.086259782207008029e-02j), (-9.968955353100274544e-05-7.926378236244630178e-05j)
 (9.401415435214931227e-02+0.000000000000000000e+00j), (7.430220070771564878e-02+0.000000000000000000e+00j), (-4.945388879803702675e-02+0.000000000000000000e+00j), (1.111062093878103507e-01+0.000000000000000000e+00j), (2.218189952647059426e-01+0.000000000000000000e+00j), (2.802127184607655641e-02+0.000000000000000000e+00j), (1.584440228569641840e-02+0.000000000000000000e+00j), (-1.267004686461028172e-04+0.000000000000000000e+00j)
