 (1.356988245974698470e-01+0.000000000000000000e+00j), (9.700636847719695810e-01+0.000000000000000000e+00j), (6.800473940414896168e-01+0.000000000000000000e+00j), (7.263408400196899040e-01+0.000000000000000000e+00j), (5.674019031711025063e-01+0.000000000000000000e+00j), (3.332002786091239344e-01+0.000000000000000000e+00j), (3.996966745637153817e-01+0.000000000000000000e+00j), (7.982762556288203887e-03+0.000000000000000000e+00j)
 (1.049011613068189241e-01+2.347311755297732949e-01j), (-5.397142889601620475e-01-1.204689714736960071e-01j), (-4.262191777351560518e-01-2.263210381911686109e-01j), (-3.655504938970248197e-01+2.010827256831038967e-01j), (-1.969617767621039683e-01-1.615397612255649040e-01j), (-1.339191513435112890e-01+9.773272267859034468e-02j), (-2.593869044536602497e-01-9.458062248692233887e-02j), (6.774466973302502651e-03-4.048740719738049866e-03j)
 (-3.361345827562791655e-01-4.955697174334743049e-02j), (1.786967208030731669e-01+1.219856148448073829e-01j), (1.248130199053198719e-01+2.355188538323872705e-01j), (-6.399884596669655479e-02+8.213169075751899917e-02j), (-1.537695764282860922e-01-1.271426123242526129e-01j), (-6.431129932797319260e-02-1.044870388809638062e-01j), (1.108183432329671314e-01-4.906684415166592643e-03j), (3.606187950019908075e-03-6.717831659738379008e-03j)
 (2.972775296140742762e-01-1.870858191580414276e-01j), (-2.167511675874458366e-01-5.724684676073836520e-02j), (5.545731174047499601e-02-8.660140685437170416e-02j), (4.347822077336719812e-03-3.803874147267618522e-01j), (-4.343265252945126276e-02+3.580176995611458191e-01j), (9.746107524769548336e-02+7.888313488923223704e-02j), (-6.280375416013550538e-02+4.974175658225347962e-02j), (-3.476444987327231232e-04-7.184325236895819887e-03j)
 (-8.901819187246307052e-02+3.144840440228612310e-01j), (-1.431106899333385585e-02+1.058031989875248685e-01j), (-1.576586071244387988e-01-1.436764928424882209e-03j), (1.209390731733417934e-01+2.255503412248521800e-01j), (1.465529152489240816e-01-1.914024071718528064e-01j), (-4.583686290289159387e-02-9.638812031197946384e-02j), (-1.911300672971508879e-02-3.421729342954629716e-02j), (-3.691258019200670780e-03-5.491575396324324329e-03j)
 (-1.151400314904713340e-01-1.796620580452786275e-01j), (2.359876064004446661e-01+6.338805973233589686e-02j), (2.038791187123741300e-01+5.976370198245506415e-02j), (-4.279082899011006635e-02-4.644584951117189386e-02j), (-3.808197728071048560e-02-7.958807423710505258e-02j), (-2.816914575432857143e-02+2.788830389978366742e-02j), (9.987680580704788591e-02+2.592131843101024360e-02j), (-5.378913952873966287e-03-2.480476045788228365e-03j)
 (4.902011329107605619e-02+1.492451732874251411e-02j), (-1.878779000191038162e-01-1.270279830950889477e-01j), (-3.023864691418480799e-01-1.560599273683432875e-01j), (4.804844785881276503e-02-8.968696551097518621e-02j), (5.996729325357196688e-02+2.423691369330003009e-01j), (-7.128805750581812539e-02+1.096346271601199851e-01j), (-1.486055248143263174e-01-4.923803734165782542e-02j), (-5.106162605331688448e-03+6.133564846096651278e-04j)
 (4.286771845184235430e-02-6.746259425029643708e-02j), (-2.236010951057113352e-03-2.425126261692989518e-02j), (1.096869349822860162e-01+1.753085799957433411e-01j), (-1.000960208514154598e-01+2.069281101288787394e-01j), (3.809973204724446082e-03-1.632341975959774039e-01j), (9.679600990145394157e-02-6.450000604959146844e-02j), (9.541908716467002727e-02+7.525624051550403038e-02j), (-3.356896530521281258e-03+2.701346284690729627e-03j)
 (4.183814937155272418e-02+1.463225059238230652e-01j), (-3.009328470923291685e-02-3.499561423089618539e-02j), (2.155238386401526762e-01-1.894721094669028216e-01j), (-1.232198852596002800e-02+3.563538093371265009e-02j), (-1.700914462088621570e-01-1.020291944738300066e-01j), (5.665562236788927036e-02-7.889392489363118710e-02j), (-2.795733960776176572e-02-6.860929473195707430e-03j), (-1.106882388776425120e-03+3.272728266469758073e-03j)
 (-1.733559856670233434e-01-3.265929704302217296e-02j), (1.324556661873036445e-01+2.004150637854945627e-01j), (-2.293864098470497492e-01+1.906424669180614151e-01j), (1.155739904567506526e-01-2.992997165379736035e-01j), (1.419290674829642440e-01+1.076540730333931523e-01j), (-1.043870472342492417e-01+7.369897214333311075e-02j), (5.207742812573064317e-02-3.316726891861596083e-02j), (6.575938222027283633e-04+2.528900385366976769e-03j)
 (5.811334487287344447e-02-1.499670784165016701e-01j), (1.032770193263103098e-01-2.802336762125511305e-01j), (1.029151604217965754e-01-3.965827016622693740e-02j), (-4.558155478141485972e-02+2.341770432094291698e-01j), (-9.617627819967300429e-02+4.773845932908900302e-02j), (-3.481405482519848299e-02+2.967924192455183990e-03j), (-3.268032235222591286e-02-8.814444298276461962e-03j), (1.371409945271305107e-03+1.184812244958240038e-03j)
 (1.221442332808847092e-01+3.900409225556433768e-02j), (-2.168769957852583197e-01+1.404419618954151905e-01j), (-2.513904872990480391e-02-6.966527256480084529e-02j), (-3.538162603679295692e-02-3.438064224795715079e-02j), (1.604965582601457774e-01+8.189705478348602297e-02j), (1.429098152818227552e-01-3.243029003827856138e-02j), (-2.857531776744195312e-02-1.507741196645165545e-02j), (1.077298602131901602e-03+5.931313979879422409e-05j)
 (6.085331119318263850e-03+9.591244232692659744e-02j), (-5.182010340248568991e-02+5.755663581195005762e-02j), (6.108073864936182373e-02+7.330939507925388066e-02j), (-1.266390563702688987e-01-9.467283265980026841e-02j), (-1.233915214784312986e-01-2.290866483239612783e-01j), (-6.349876126743699001e-02+3.970867571717061166e-03j), (1.462171941049657427e-04+6.625013399774046241e-02j), (3.025969369239992412e-04-3.323741997543975114e-04j)
 (-9.122159189041395555e-02+6.565878883562625834e-02j), (2.800701656722932031e-01-6.460540437370099198e-02j), (-2.281279360615327545e-01-1.089085377728304938e-01j), (2.153406866542774134e-01+9.355284472106036031e-02j), (2.607945349011092651e-02+7.998938340781461265e-02j), (-2.889538515797345636e-02+2.510029377461155120e-02j), (5.115045996120099608e-02-2.487397646908182103e-02j), (-2.849695122090089737e-04+1.209675007164184239e-05j)
 (-9.121854488807987216e-02-1.113245054027137693e-01j), (-1.045175053784351826e-01-1.488378214511158482e-01j), (1.404220220736625557e-01+1.644444955109389817e-01j), (-3.467490929994054144e-02-2.489125971287221503e-02j), (1.336562444581839565e-03+5.230856345692588144e-02j), (-6.069487755579433541e-02+4.642991423989819774e-04j), (-8.876068907837739858e-04-3.757821446262933629e-02j), (-2.523481978037909286e-04+6.558455678529205623e-04j)
 (9.550486779079478405e-02-6.403069378078352081e-02j), (-8.669095935271427245e-02+2.587904225610684339e-01j), (1.989184084523338281e-01-2.554720424709618909e-01j), (-4.756227438928675721e-02-1.449032472392563775e-01j), (2.146792065776705755e-02-7.495750767243340718e-02j), (1.762021511520777406e-01-8.124247316971296151e-02j), (-6.479190289511775613e-02-1.060182132693634344e-02j), (3.844107813873648199e-04+1.017610838787503169e-03j)
 (5.531827409244285954e-02+1.976812221978139356e-02j), (8.570999897042827498e-02+7.927301713819417950e-02j), (-3.408142990979594611e-01+1.983865782817774426e-01j), (3.031214359551543530e-02+2.358830440375069837e-01j), (-1.294370943608374736e-01+1.566521243248266415e-01j), (-1.442770549017677595e-01+1.049343946774022596e-01j), (5.606077588176558782e-03+5.194157385924384057e-02j), (1.203917412110782010e-03+7.192473329390419029e-04j)
 (2.722609981603671750e-02+1.048014715841250610e-01j), (-1.048339875444104508e-01-2.716383688741804692e-01j), (1.534664628595656666e-01+5.975726433338705151e-02j), (-8.488755675407569368e-02-4.223764858809074541e-02j), (1.601406686577445115e-01-7.890179512518211147e-02j), (-2.386710930090164828e-04+3.867647787787399649e-03j), (2.663418748808277225e-02+3.098289336110115338e-02j), (1.641506318310078857e-03-1.987834149131194165e-04j)
 (-1.238281151977507211e-01-1.261218963022310915e-02j), (7.179011913401003170e-03+2.957867623373852325e-02j), (7.777301017190656196e-02-1.809949630626666583e-01j), (3.595008013967992966e-02-6.174498301527761579e-02j), (-4.065549534192527265e-02-9.457952423152257704e-02j), (7.971510687286523233e-02-8.339870442550877117e-02j), (4.062713081468646847e-02-5.537133994950226012e-02j), (1.319887832538560934e-03-1.300435918777586523e-03j)
 (4.561323258527478358e-02-4.491834476741275034e-02j), (6.705395255242088681e-02+1.193083151053216384e-01j), (-6.612217222854879783e-02+1.432498807331405999e-01j), (8.938835273923628755e-02-5.497528065441330963e-02j), (-1.985043228781303848e-02+1.341762496209646452e-02j), (-1.146475298598609305e-02+1.978961941017240433e-02j), (-2.968354690788525818e-02-3.082051403232810571e-03j), (2.705441268359079368e-04-1.993696589839527578e-03j)
 (-3.629395746853580906e-02-1.635964646690685545e-02j), (-5.078426943615878611e-04-4.231507926222705801e-02j), (-3.207543356208468477e-02-1.095468585773144155e-01j), (-3.418853783228033294e-02+5.270546240755828726e-02j), (-3.489373416866422065e-04+1.377610687599546413e-01j), (-9.139334982675462182e-02+7.074597518069569713e-02j), (-3.261498539207366432e-02-1.230603245777741987e-02j), (-1.067928274693882547e-03-1.853559175908130142e-03j)
 (8.671910604449584170e-02-1.413979457730057780e-02j), (-1.159156416332407374e-01-1.198634980754226392e-01j), (-9.191341542760972372e-02+3.987683172042007923e-02j), (-1.341125400298018300e-01+4.302413942685549136e-02j), (-1.751019875918449417e-02-5.691130125125630490e-02j), (7.101428682400598436e-02-3.432969236533263413e-02j), (5.264215714891760413e-03+5.207886812010448230e-02j), (-2.068723132429961271e-03-8.567285051079617103e-04j)
 (-3.987040763577826691e-02+4.876814079157587578e-02j), (1.666967346586012699e-01+1.423471033744433956e-01j), (2.395720611601227790e-01+4.599081721908689080e-02j), (1.417955429875445150e-01-5.884822744626914959e-02j), (4.819595426062132232e-02-8.325631231094386686e-03j), (2.168945827547364563e-02-6.771415538667911738e-02j), (4.969266206104069883e-02+6.003709884051041008e-04j), (-2.235212577408437346e-03+5.926022965368499956e-04j)
 (3.761522139435961865e-02-6.074946074770181705e-03j), (-3.446363948644423636e-02-5.121563510444482326e-02j), (-1.246127786021457573e-01-3.678077503162995032e-02j), (6.628734851569426101e-02+5.960161175405942480e-02j), (1.880547698304857809e-02-7.589413717605150711e-02j), (-2.139413180223108044e-02+8.084088596676405891e-02j), (-2.576158159804464373e-02-6.441061113038312747e-02j), (-1.453420502150162136e-03+1.855801361645006064e-03j)
 (-7.127253721673985909e-02+4.741181884262819779e-02j), (-8.933238496319229061e-02-3.181843943293841126e-02j), (-1.712624026490347506e-02+6.342763020591307699e-02j), (-1.762794799964120529e-01-4.827129276233614597e-02j), (-7.749643286508817175e-02+2.807589157430992813e-03j), (-2.583567470630348042e-02-4.479603381115151127e-03j), (1.812489364674643375e-03+4.929712309486829203e-02j), (-5.152234642632222503e-05+2.369764539165704169e-03j)
 (-9.636529442616665123e-03-7.967968439507150391e-02j), (8.684513052656003818e-02+9.382382065955477413e-02j), (1.713689300619979095e-02-1.593532903307554038e-01j), (-1.747622240601381938e-02+1.518901466316580767e-02j), (1.781954927690534290e-03+1.163516089705734086e-01j), (6.527067137809863806e-02-4.804340926947315432e-02j), (-2.518632241876533895e-02-3.047770344678978754e-02j), (1.359280086767195028e-03+1.915836029980068529e-03j)
 (5.034718902449907690e-02-2.853283805875625467e-02j), (8.902552423952969293e-03+4.736409729899411503e-02j), (-5.625004937774097380e-02+6.443681051515483260e-02j), (2.065176776467476105e-01-4.578595463979213964e-02j), (5.620428536713657081e-02+7.679573335747827412e-03j), (-8.312596701224625462e-02+2.882897690793682216e-02j), (3.061875733124514581e-02+2.509680913730538698e-02j), (2.177626274956539522e-03+7.155494774242342638e-04j)
 (7.381303883162193546e-02+8.159028027258236060e-02j), (-3.894617843183627304e-02-1.592859431739418186e-01j), (1.176581870356191162e-01+9.946699090122573805e-02j), (-7.729390358679751050e-02+1.046006782393939794e-01j), (3.373396332160114724e-02-8.301568618159158031e-02j), (5.381286978470375959e-02+1.131636003850669883e-02j), (-2.653582089751587228e-02-1.169274042178205034e-03j), (2.090303035810628721e-03-6.877436694135380477e-04j)
 (-1.323775850109450425e-01+4.832581803422063282e-02j), (-9.984728298312940675e-02-6.771119187012192980e-03j), (-3.397827382024872639e-02-5.650602769035093648e-02j), (-1.800576211302775675e-01-8.966173395632426324e-02j), (-4.420001991737096403e-02-5.934731675476416501e-02j), (-3.005308724143920113e-02-2.321891075265082593e-02j), (2.725563319566996767e-02-1.656046793361974634e-02j), (1.201247042776554339e-03-1.694590502680600429e-03j)
 (6.547032218619608900e-03-9.600260347148434348e-02j), (1.271910169348224873e-01+1.584423584264444684e-01j), (-7.831837744612923924e-02-2.162189625783720801e-02j), (1.855088210575958074e-01+1.045455370832786522e-02j), (-9.080224554035037920e-02+8.186870586112415804e-02j), (8.045633441130739527e-03+3.711022177975724368e-02j), (-2.664362104342903048e-02+2.439078490868271804e-02j), (-4.340823704266407726e-05-1.926463250243996969e-03j)
 (1.672835922790884972e-02-2.110509025678958955e-02j), (1.723451934861500515e-02-8.535159133307620993e-02j), (4.846206245294428644e-02-5.040044197301420809e-02j), (2.914778494265764935e-02+7.073991132630627621e-02j), (5.081257535503898998e-02-4.113483486793288041e-02j), (3.389153482870750633e-02-4.482052223222675325e-02j), (3.389628311579376274e-02-6.544351910002356790e-03j), (-1.085832177136178672e-03-1.380053419623903993e-03j)
 (9.352482375428830541e-02+2.485126584230901159e-02j), (-9.545476588874687862e-02-6.118436968880528598e-02j), (-1.047768939727443394e-02+8.737760684441908676e-02j), (-1.592783709107374601e-01-8.203811332555088764e-02j), (4.502047647023884464e-02+9.799569753813525130e-02j), (8.522317796506763063e-03-1.522715588053205615e-02j), (-7.302708410135866010e-03-3.687678894848690769e-02j), (-1.521007170017165278e-03-3.931861507725181813e-04j)
 (-9.917583414578351464e-02+7.803091877905504736e-02j), (4.040246384987411510e-02+1.616915315181449361e-02j), (6.877801767734899319e-02+1.753684854452192826e-02j), (9.733592332977129835e-02-3.134436981501081271e-02j), (3.776339411430129633e-02-3.412537049890725788e-02j), (-7.662295231752397351e-02+7.559983842400519460e-02j), (-4.236902631753798609e-02+2.857343397564294368e-02j), (-1.265425773224530771e-03+5.466096438067358796e-04j)
 (1.311988605738532813e-02-1.010485867292024581e-01j), (1.498571991710484150e-02+6.747188933643427644e-02j), (-7.230016421697552098e-02-1.083590873004039862e-01j), (5.189049308172501845e-02+1.054995340220233613e-01j), (-4.044057574588243165e-02-7.709922332737469131e-02j), (3.926396650963941137e-02-6.395848777781340533e-02j), (2.641437212027352571e-02+6.285107379479008827e-03j), (-5.568482246930137394e-04+1.045079555284926087e-03j)
 (1.943842135252068018e-02+4.193938469949133607e-02j), (4.567669242517240213e-02+5.973242151862822799e-03j), (-3.143533228575869087e-02+1.055738802021585626e-01j), (-9.721785364626592263e-02-7.496095449169987157e-03j), (-4.965267396361387753e-02+6.085606547725264798e-03j), (2.509582061979304807e-02+2.127939030081635319e-02j), (-1.704382354975303871e-03+1.501185987321556649e-02j), (1.990484387475872073e-04+9.732191521176272991e-04j)
 (1.416150203688819678e-02-2.078305849309493650e-02j), (-7.874877985164099869e-02-5.109776356641663325e-02j), (9.694312309466229793e-02-7.435265048058423143e-02j), (-1.253207876212169072e-02-1.089001550299532745e-01j), (-2.881008156677893756e-03+6.145968047521316313e-02j), (-2.328006387597132340e-02+1.917124380264013592e-02j), (3.086568844372796633e-02-1.214144093164366833e-02j), (6.450646608107747952e-04+4.913505841165169722e-04j)
 (-1.357736310301618614e-02+3.928549265927232248e-02j), (4.090259359352316909e-02+5.340630090518198869e-02j), (-9.568562505807617913e-02+2.679895110233274785e-02j), (1.128075840095254107e-01+1.108808447978277545e-01j), (5.588105835912977881e-02+1.972407742629581767e-03j), (-4.480261276776048573e-02-1.001204960639217288e-02j), (-1.691100005459186123e-02-3.929573920157054812e-02j), (6.387292562918909112e-04-7.110859805333928424e-05j)
 (4.210346868703791420e-03-2.413890193479964474e-02j), (-2.336467892484560271e-02-8.016965542177914572e-03j), (1.223218710977983514e-01+5.115775802034474434e-02j), (-8.124291414652998200e-02-4.434095883480439204e-02j), (5.692165650758283096e-03+1.373265400086251878e-02j), (9.406750577217971865e-02-2.884298864562147985e-02j), (-3.580013542998086024e-02+3.401078012095686692e-02j), (2.910508377303009275e-04-4.046923823285694189e-04j)
 (-2.270620459222682380e-02+2.608684931335810558e-02j), (-1.817975527837175503e-02-5.692169484583314842e-02j), (-9.665319820608710144e-02-7.190814934960472471e-02j), (-1.790418375446039753e-02-4.042334602824099871e-02j), (-3.444459915619507706e-02-2.025082179693538445e-02j), (-5.726591731581299333e-02-1.140629880019202250e-02j), (3.567773621653833743e-02+5.919864681858934274e-03j), (-1.276656000377199556e-04-3.748725805033454781e-04j)
 (9.089477961860641803e-03-4.278864557179125339e-02j), (1.385224430074420872e-02+5.991267815204832231e-02j), (-5.412134927598521300e-03+5.651213858644179439e-02j), (7.774226221198315967e-02+7.305698896727304270e-02j), (1.860419395022151062e-02-7.220206285037598926e-02j), (-2.672674903762890797e-02+5.056793914310681037e-02j), (-1.514165888462976756e-02-1.236730349055891257e-02j), (-3.520823050750221915e-04-6.767376952282081826e-05j)
 (1.623019772404921124e-03+2.462125791695606025e-02j), (-5.869629465476394747e-03-4.236294209284933998e-02j), (9.760593575706968950e-02-9.222717243566849743e-02j), (-8.378611137323410674e-02+3.348620660227836360e-02j), (-1.877967957732195117e-02+1.082370928834587229e-02j), (6.861179034179942793e-02-5.838759738641311099e-03j), (9.150884985052471637e-03+1.524246607335928705e-02j), (-2.635292933952237829e-04+2.855854590702068541e-04j)
 (1.489839627804948399e-02-2.832436940430331854e-02j), (1.462199238016397354e-02-5.289472560746001639e-02j), (-1.331246288053880844e-01+7.461133447507134475e-02j), (5.297970820477480858e-02-1.183617697270455682e-01j), (-7.815858226352865451e-03+8.671178202538769308e-02j), (-2.155347798172689566e-02-1.734058453875887695e-02j), (7.713378757992168065e-03-1.260839780571825983e-02j), (6.254978594208996040e-05+4.519645707818488803e-04j)
 (8.113191629516239983e-03+4.670647337426946100e-02j), (2.249427981980484798e-02+8.520313105978825907e-02j), (6.707890894712889573e-02+5.889529752648790806e-02j), (8.717372357946416572e-04+2.534494048733366284e-02j), (1.904222424423396287e-02-1.251331474818749567e-02j), (-3.195074770969050237e-02-2.760291640178056186e-03j), (-9.924982554109271216e-03-9.722857303004124943e-03j), (4.185864535128094258e-04+3.258021947301445345e-04j)
 (-3.646813736642612325e-02-1.229383927478672374e-02j), (8.227693492011124016e-03+9.044185169369028943e-03j), (9.401626094592045735e-03-1.470053270582560856e-01j), (-2.285000285917625912e-02+6.896818829712042520e-02j), (2.481332851690328314e-02-4.061702154167209922e-02j), (3.496178991620834536e-02-3.522312862054498631e-03j), (2.673270129112532457e-03+1.534228986148786743e-02j), (5.920953749813347763e-04-2.446052895846672877e-05j)
 (5.607529991269457996e-03-2.678877570568391486e-02j), (-1.717624420826477719e-02-3.216191290295284527e-02j), (-6.222058060416563174e-03+1.169835994537871404e-01j), (-4.460826923009113265e-02-4.927255068021043488e-02j), (-4.150660834908712071e-03+1.315312436849636404e-02j), (-3.794708815622369752e-02+3.653745962367668798e-02j), (-1.483301593073985646e-02-2.930487938664601277e-02j), (4.832817667710989900e-04-4.086498462057823358e-04j)
 (3.522762749178334762e-02+6.080127403248809619e-03j), (3.942409996236472675e-03-1.163408437541198735e-02j), (1.151812129558113865e-02-3.310655065471929809e-02j), (1.320776245452283115e-01+3.211091554794051617e-02j), (-3.565177772979163939e-02-1.373328822203925825e-02j), (1.023275039519405336e-02-2.008133242180389771e-02j), (-3.479577429427797765e-03+6.086864371797842677e-02j), (1.503501276691092208e-04-6.286195236674421661e-04j)
 (-1.763280909628452825e-02+2.728942555675041917e-02j), (-4.555693770915794638e-02+4.758944383251262344e-02j), (-1.019783864047644484e-01-1.807608219203158187e-02j), (-7.444895136800022684e-02-3.160918421438151105e-02j), (-3.068691407742135668e-02-1.584274458685048029e-02j), (3.406724299933118483e-02-3.657569999171265268e-02j), (4.728354820812424170e-02-4.067837726565914913e-02j), (-2.353252741688331858e-04-5.858190059407150522e-04j)
 (-7.527107606334123430e-03-3.090936560480984398e-03j), (6.191838634203555153e-02-8.218361980842567305e-04j), (1.315890826618176246e-01-1.857488065192355875e-03j), (-7.745020714272082829e-02-6.161194554518308053e-04j), (5.897798202481385754e-02+6.035199801997380431e-02j), (-1.245786946553065211e-02+7.007022530536326579e-03j), (-3.905101417175473044e-02-1.824805594088940719e-02j), (-4.912882981248985637e-04-3.245346227147557572e-04j)
 (-2.325209251574322095e-02-2.000517832645274871e-02j), (-7.507524239267004962e-02-4.573124060152240072e-02j), (-8.485803385893442297e-03-3.010464667586106730e-02j), (6.532175968949756328e-02+2.117365221631438421e-02j), (2.559678130627261738e-02-3.379617632379210840e-02j), (-1.214262759804565425e-02+5.559712050406884210e-02j), (-1.326820195322724397e-02+3.654852935928885882e-02j), (-5.219691162521805736e-04+6.878299876349267938e-06j)
 (4.896486561203724358e-02-9.138177996335769895e-03j), (4.775160778825792568e-02-2.503780089723862609e-02j), (-9.680902769172207434e-02+9.169824503835549701e-02j), (5.413798145545134499e-02-8.773970329111951960e-03j), (-5.345154123978597405e-02-1.386089498120916114e-02j), (1.650509252658279025e-02-2.871586342150934598e-02j), (4.084412102124099914e-02-6.082466290373584467e-03j), (-3.588168578803107634e-04+2.475608463139767116e-04j)
 (-2.513167883953768000e-02+3.553865304183451146e-02j), (-1.710094466207634153e-02+4.101173790909211359e-02j), (6.268617674076576440e-02-4.376072374602840709e-02j), (-3.316315646394367433e-02-2.068279308601101568e-02j), (-1.587707178352404727e-03+4.352018055393460511e-02j), (-3.571100555333304311e-02-1.937362021187127858e-02j), (-2.320706094263019076e-02-2.092801083253959665e-02j), (-1.257923631948031215e-04+3.123739818870955687e-04j)
 (3.568162678788370720e-03-8.904992614985450181e-03j), (4.058872864506174460e-02+1.925617473469473651e-02j), (-2.939715486534088401e-02-6.042162221859475463e-02j), (-5.761517358764807473e-02+7.816912709849681284e-03j), (1.209883977422133126e-02-5.514830473818689571e-02j), (1.923373969441601050e-02+1.523863813946297295e-02j), (-3.253287484242162533e-03+1.591233704995645773e-02j), (4.307578654201419440e-05+2.272723143731871930e-04j)
 (-4.442364007031538581e-02-5.018170722323119469e-03j), (5.417601887184080728e-03-6.750183032575936271e-02j), (6.174946037074616201e-02+8.179493460428723106e-02j), (6.198543588975868879e-02+5.253972221912898977e-02j), (4.893188899149643334e-03+4.876396999443912555e-02j), (5.229988662373132556e-03+3.643505521305743372e-03j), (7.873102951050260992e-03+2.090717289534521975e-03j), (8.216938875921209716e-05+9.652305594895132037e-05j)
 (5.159308544180046807e-02-4.999386739066487978e-02j), (-8.254386403301723629e-02+7.076414741958819699e-02j), (-2.731615730196127953e-02-1.570555305733474516e-02j), (1.562000485158436536e-02-4.062344828834868471e-02j), (1.543956679155702311e-02-2.157474083538023918e-02j), (4.892344669683984341e-03+4.808898434124695212e-03j), (2.755108262458290380e-03-4.354614583849138014e-03j), (2.313991576942994299e-05+2.710753784248383022e-05j)
 (3.703303579026347506e-03+4.977884368834366996e-02j), (7.210067703657574434e-02-7.803447067641341994e-03j), (-3.301049877794728915e-02+3.099540153749365257e-03j), (-6.553023370698349281e-02-3.724399278842580735e-03j), (-2.344715261069330731e-02-3.352250112403021287e-02j), (-2.028730533139707498e-02-2.488947808548146873e-03j), (2.776631151103933076e-03-8.503417788593382529e-03j), (-3.918651414077764148e-05+5.909911704513363343e-05j)
 (8.044866315385923450e-03-7.565073245809881414e-03j), (8.652975909683592592e-03-3.166459183908365560e-02j), (4.186642408161387469e-02-4.687278988942110425e-02j), (1.896337200382752081e-02-1.952963165132445139e-02j), (1.779424715230550069e-03+4.951863373307353183e-02j), (3.243465805747225428e-02-3.194072326592068550e-02j), (-2.369513955638927194e-02-1.086140173013774510e-03j), (-1.878891043758122497e-05+1.444161456345908340e-04j)
 (-3.732681961269043031e-02+3.153448666592233857e-02j), (-5.872514558970423626e-02+3.353746133342892788e-02j), (-3.521912072513696396e-02+2.729020112769617312e-02j), (3.281996018216778999e-02+4.016793190908640732e-02j), (-5.825879293657954677e-03-3.616127572005516100e-03j), (-2.326343318165640522e-02+2.570216936769067345e-02j), (1.511998555764577923e-02+2.629579296064035732e-02j), (9.863260471461163725e-05+1.851146877889914538e-04j)
 (1.053698938909837686e-02-5.617303576825249944e-02j), (4.719522268161533210e-03-2.481909030251155251e-02j), (-1.238719579990004219e-02+3.005032601086875949e-02j), (-5.944089795586585123e-02+6.501911453072092839e-03j), (-2.701754566051470241e-03+6.951882900258614557e-03j), (-2.511686597979692626e-04+2.058731677343955679e-02j), (1.022160920371230006e-02-1.926206556311195819e-02j), (2.418548909340277305e-04+1.054824598025347554e-04j)
 (1.006298157014977497e-02+3.984551074540939458e-02j), (4.667689091982304278e-02+6.079072059591666272e-03j), (3.799645627281077187e-02-5.996486778821161212e-02j), (6.782884379843040490e-02-3.774661337495138769e-02j), (5.012106202095615443e-02-3.176212257401994643e-02j), (5.757272837874929938e-03-2.224435973036233832e-02j), (-8.298222172451366618e-03-3.100627209744249643e-03j), (2.986172701424165106e-04-8.847853509102304725e-05j)
 (-7.505481042892579724e-03-3.410534362012165865e-02j), (-3.599380777534324366e-02+3.819458715615987876e-04j), (2.532318144420711917e-02+5.127940338419771649e-02j), (4.542699139828503679e-03-1.901127394227244971e-02j), (-4.515868147770617236e-02-7.249690641859091525e-03j), (-1.942108288891720991e-03-1.059601429149323835e-02j), (-4.902516524968743815e-03+3.321193934980213973e-03j), (1.913627368626908071e-04-3.010618761450774240e-04j)
 (2.551839682227824424e-02+3.251440140697155201e-02j), (-5.034750903785004464e-03+1.089083160143947300e-02j), (-4.017135643701195274e-02+1.590861861597707080e-03j), (-7.526671103895407611e-02+5.301684023470847745e-02j), (1.571195269609020756e-02+1.172000961624415638e-02j), (-1.611533737885501895e-03+2.538765801307023978e-02j), (1.363642377738030504e-03+6.821713081022458790e-03j), (-6.283871839781395800e-05-3.981470453706034956e-04j)
 (-2.937712116064250534e-02+4.802286465753723144e-03j), (4.997718264120747100e-02-8.479462579839173314e-03j), (-2.607728668335927008e-02-4.387207116211697122e-02j), (2.947617927412094635e-02-3.661257276919220593e-02j), (-2.663311203870778049e-02+2.005636774873006262e-02j), (1.763436534472385270e-02-8.630448583321567030e-03j), (9.072722625625558382e-03-5.269897535310662934e-03j), (-3.472282147189974548e-04-2.892569310679497319e-04j)
 (-1.469060254834735416e-02-1.205862973302963825e-02j), (-1.540372874805839495e-02-3.168900485623979413e-02j), (4.026501292723228681e-02+2.439223129387519534e-02j), (4.332405337228346920e-02+4.879353709316795740e-02j), (1.323601356178663244e-02+5.386797994367305970e-03j), (-2.825776963867816099e-02-1.803596455637154067e-02j), (-5.868635427823966008e-03-1.751288884550217945e-03j), (-5.025481349651127758e-04+8.263571826875779590e-06j)
 (1.631105111654013520e-02-3.058912907697348277e-02j), (-5.109987639031939033e-02+5.820284766306698526e-02j), (2.382072676239528619e-02+2.339726416123997371e-02j), (-1.672860798784470832e-02-4.967360435393593232e-02j), (1.049710446955840967e-02-2.248855169625662426e-02j), (1.163714866218460917e-02+2.128018260425641392e-02j), (-5.045273796560192231e-03-3.659681505339421048e-03j), (-4.167887099726777294e-04+3.634611863183661532e-04j)
 (2.407225622202066248e-02+2.341836979812856115e-02j), (4.081106147084903601e-02-2.245579980559800348e-02j), (-5.290472536752574562e-02-1.694695521610037336e-02j), (-2.301252114482435496e-02+3.129404487129311407e-03j), (-2.304648216000265704e-02+7.603081018378587963e-04j), (1.815279292948446255e-02-8.421634565699984143e-03j), (5.971639809139714372e-03+1.121216887158271724e-02j), (-9.678537453359278148e-05+5.926184409211791761e-04j)
 (-1.419373359291772538e-02+1.455993366528950811e-02j), (9.362240431697740894e-03-9.971994182089542746e-03j), (9.240131236564960715e-03-1.868226640256640675e-02j), (-4.449496355398034619e-03+4.963882934077044895e-02j), (4.417657890772813678e-02+1.388944985278730421e-02j), (-3.705794728448535968e-02-1.255421583944750161e-02j), (-9.714779732107856752e-03-9.783513856729209035e-03j), (3.214142506517851444e-04+5.566047199048855271e-04j)
 (-1.809270985376141769e-02-8.847179660641260601e-03j), (-1.962899853420685750e-02-7.423232381637900196e-03j), (1.733746586906300541e-02+8.544134483672312375e-03j), (1.812381621834953382e-03-4.080776021121135244e-02j), (-1.366331083073480876e-02-3.142765233296170024e-02j), (3.618543767600878452e-02+1.577853094000448292e-02j), (1.009985458465922047e-02+1.734704597639553578e-02j), (6.338273590622628883e-04+2.419784783396615067e-04j)
 (1.667136067958088774e-02-1.450382786263439833e-02j), (-1.328720051596704588e-04+1.702063005711168878e-02j), (-2.456428674508409279e-03+1.011726102194621460e-02j), (1.697411884429068235e-02-8.919770980438491287e-03j), (-4.172468705888771751e-02+2.861499073777386964e-02j), (-2.073049514545486499e-02+1.458892325606791010e-02j), (9.603225080130102162e-03-9.727225426055169377e-03j), (6.720074024936913354e-04-2.205413601276425386e-04j)
 (-2.074385566926933988e-03+1.203288199057061039e-02j), (-7.000926359607504562e-04+4.409636133144006001e-03j), (-1.630845923883163240e-03-7.828884820492569216e-03j), (-4.334687651097769712e-03+4.386059821031289274e-03j), (5.297483885462491576e-02-1.355993484607936894e-03j), (-1.161458165944290188e-02-2.234547438914663564e-02j), (-5.451058056819654829e-03-1.603092414437506247e-02j), (3.944065026116491636e-04-6.140452853714247535e-04j)
 (1.074537342419557701e-02-3.244440318196432221e-03j), (1.547141903160183934e-02-2.776210616071689632e-02j), (-2.461918604095130261e-02+5.050871812169135944e-03j), (-2.331910153630836757e-03+3.112490680997753029e-02j), (-3.112880115531875547e-02-9.535671275468313862e-04j), (3.683502115800702664e-02-2.522620850850856508e-03j), (-1.056489773069092114e-02+5.251190919568289768e-03j), (-8.432110682847851219e-05-7.423604911230235028e-04j)
 (-1.786059907894561177e-02+1.944828482317662727e-02j), (-2.400745856671048645e-02+1.384217756570270755e-02j), (2.700937983779420556e-02-1.081180326007924464e-02j), (9.702582766795607438e-03-2.769204165133126380e-02j), (1.539025851584354537e-02-7.574555696214787387e-03j), (-1.580749832021047935e-02+1.602557046804719415e-02j), (-1.009142818100704220e-02+1.223636650155556470e-02j), (-5.442256894333830650e-04-5.310037581708303145e-04j)
 (-2.747064987901065222e-03-2.969017945320928317e-02j), (1.566827796951659330e-02+1.054959029147646034e-02j), (2.376309883254257987e-03-6.585251568767123975e-03j), (-9.156598285754956323e-04-1.889355256211699974e-02j), (-9.152179673887067546e-03-1.184072169730025423e-02j), (-1.291052235177320151e-02-8.095691041241673616e-03j), (2.584737267601652441e-02+2.294209812390281961e-03j), (-7.669565171124903677e-04-6.887412791616238147e-05j)
 (1.965709298518871634e-02+1.085350281807605927e-02j), (-5.530217756804695767e-03-3.482687877088101736e-04j), (9.456744409793597927e-03+3.715156064853136764e-02j), (-2.731510946521018696e-02+5.342306364139395858e-02j), (-3.791221141222305552e-03+2.601835583071401142e-02j), (3.122690409320505456e-03-5.352257877051583290e-03j), (-1.354585908499800900e-02-1.246035175171363550e-02j), (-6.442859792702558975e-04+4.323411784421056416e-04j)
 (-8.353338087607395379e-03+1.163600501956853564e-02j), (2.177866926000395636e-02-1.046888502676388000e-02j), (-3.921930817065647640e-02-2.558297888503409737e-02j), (3.034764032170266662e-02-1.910187435266957195e-02j), (-3.944089510735312998e-04-4.453719350349737149e-03j), (-1.438493410597166400e-03+1.966706517978548951e-02j), (-1.114121307175071005e-03+1.173523878795906632e-02j), (-2.323341407414345676e-04+7.412030857679634353e-04j)
 (-1.377599257507779000e-02-9.461106049508567761e-03j), (-1.669620553236646904e-02-1.109104753334068383e-02j), (1.322068532926905585e-02+4.069860818636007738e-03j), (-9.035253721075442446e-03+3.209316605015524043e-03j), (1.165121210121232431e-02-2.891223629649323015e-02j), (1.168410125040202086e-02-2.882405881657854399e-02j), (1.851654446475250668e-02-7.772306080171089912e-03j), (2.764632783754256964e-04+7.195227352295815353e-04j)
 (1.739823762753129818e-02-6.554936039675975101e-03j), (1.976124273064076842e-02+3.179102593250764802e-02j), (6.492726007330573701e-02-5.414917756883680725e-03j), (-7.120523422865513569e-03-4.076870288624476202e-02j), (-3.496973150004043657e-02+2.916844384644610294e-02j), (-4.094335428749681753e-03+9.116443505738097350e-03j), (-2.539045689815756096e-02-6.990017213614716472e-03j), (6.489549663740865277e-04+3.878017745690389632e-04j)
 (-7.302118944565449965e-03+1.041379000941848598e-02j), (-4.019981236453036566e-02+1.133215119845644436e-02j), (-1.170170730180050689e-01-8.410299354391817528e-03j), (1.659170320788958333e-02-2.678135220067594247e-04j), (6.099320406177016068e-02+1.462050793765729689e-02j), (-3.302932749711390802e-03+1.889065534106117161e-02j), (1.134910889146592723e-02+1.010213607664029074e-02j), (7.250700241175380128e-04-8.935539530761545926e-05j)
 (7.656015174819815264e-03+5.649915246569835875e-04j), (3.864727468844666308e-03-2.175608392366532029e-02j), (5.807916449217585125e-02+5.051257613905404259e-02j), (-1.243106647050566324e-02+6.763841032933498587e-02j), (-2.665403454662443328e-02-2.162502750678547622e-02j), (3.552960218018090532e-03-8.572684040732797897e-03j), (-4.790762497064124728e-03+3.965440609591359793e-03j), (4.919176099897794177e-04-4.886629944762319998e-04j)
 (-2.775234166490110621e-02+5.436298995938209505e-03j), (1.051516838161995968e-02-4.522793853370869754e-02j), (4.069005270455546691e-02-7.376901784401818096e-02j), (-6.598156014624191601e-03-3.338282647142839371e-02j), (-1.031033947413736822e-02-2.857829646424273409e-02j), (3.078394792092140064e-03-1.662466978509927196e-02j), (8.920199367354409228e-03-4.284140264766278863e-03j), (8.202990030178047029e-05-6.391021981572201326e-04j)
 (1.800239937086581948e-02-3.761786177076006932e-02j), (-2.211946951739456740e-02+3.247642535155052801e-02j), (-7.771464390243094933e-02+4.962727153930582974e-02j), (7.123780270339261089e-03-1.144055664971514730e-02j), (7.954731806314001286e-04+5.000146616836671082e-02j), (8.807351997569705382e-03+2.313173037118434680e-02j), (4.675898665087614703e-03-4.300409709410066977e-03j), (-3.004238924369553019e-04-5.013686268518495904e-04j)
 (2.119287075913044160e-02+2.787603504493007048e-02j), (4.931113839090547207e-02+2.215643940969790754e-02j), (5.218893223865017639e-02-1.429414560616091429e-02j), (2.526293928156579660e-02+2.250410137609615280e-02j), (-4.669941928780341200e-03-4.375359622070660454e-02j), (-2.127333342331731367e-02-1.034542219730961651e-02j), (-1.869355945909511804e-02-9.650088286442275523e-03j), (-4.847861957827657216e-04-1.770243019628268857e-04j)
 (-1.415674989178849694e-02+8.927792217418087373e-03j), (-1.127027389064946122e-02-2.929522681053305794e-02j), (-2.032792988158602099e-03-3.228263722519157664e-02j), (-5.969474662269880216e-02-5.297441638321059854e-02j), (-5.484009808582990253e-03+4.553486570804617106e-02j), (-1.957020530089306938e-03-9.450471473528671354e-03j), (1.683636096718513914e-03+2.012905966600964797e-02j), (-4.152999792295026019e-04+1.536521050864501469e-04j)
 (-1.366896580612104312e-02-4.559411728397157887e-03j), (-7.756574138272423480e-05+1.309707368668018915e-02j), (-1.119544348737675638e-02+7.780642231444868939e-02j), (4.522658677668471572e-02+3.375062693552691173e-02j), (2.410159452711271855e-02-2.002322115576489134e-02j), (2.798731819227019343e-02+5.768634136512308316e-03j), (1.161515748197665399e-02-1.970893179472507639e-03j), (-1.684263774829457294e-04+3.292341641316136542e-04j)
 (1.098347725022955426e-02-1.435148818714249846e-02j), (-2.511351814157615839e-02+8.896914113423229700e-03j), (-3.744140450663093617e-03-5.842465373585229577e-02j), (-8.353410805805303041e-03+3.469461081956189130e-02j), (5.926594793418612367e-03-6.243941508147309201e-03j), (-2.679121554461025637e-02-3.155630259683510352e-03j), (-2.441416005210769822e-03-1.074658362442518222e-02j), (9.894424162604041747e-05+2.876358555254830912e-04j)
 (2.722415812435705247e-03+1.447617798410333161e-02j), (1.913672037848676913e-02-1.164057132819568650e-02j), (3.636301767460020651e-03+1.400987849660664808e-02j), (-1.341211051551757447e-02-3.819492657003429464e-02j), (-3.210263511136089709e-03-6.864187760267229273e-03j), (1.357933027739791770e-02+1.393535672638726748e-02j), (-7.642323236640264153e-03+8.077395991048034671e-03j), (2.390427870156647348e-04+8.868434016708574971e-05j)
 (-9.108799840866491776e-03-4.429781021724697385e-03j), (1.710222860833821718e-03+1.024435750488786323e-02j), (3.099166466520999336e-02-2.796190221877395410e-03j), (3.727104255905646507e-02-1.533237230246753402e-02j), (-1.899250854726343765e-02-3.864049825020438728e-03j), (-2.456378137754282320e-03-2.000289268052858269e-03j), (1.101551214183451449e-02+3.341087859060223528e-03j), (1.909927843918133195e-04-1.293836419914061128e-04j)
 (5.348950550921459379e-03-1.112289554570398617e-02j), (1.904363687983808007e-03+2.325045883442107553e-02j), (-7.755082545846711528e-02-5.220580286604117881e-03j), (-9.245988488724935644e-03+3.370084552829023805e-02j), (-2.343932183829587623e-02+3.420972605946315248e-02j), (-1.410944037562227374e-02-2.932847810566299729e-02j), (7.934720445702189706e-04-9.211468179905058298e-03j), (6.179147247740486180e-06-2.321743497409663073e-04j)
 (1.925224728778944169e-02+1.717506719071075147e-02j), (-2.988558620290088577e-02-4.249812513311969353e-02j), (4.829875655675919255e-02+2.754984479640614978e-02j), (-6.077158187566532310e-02+9.650285586131346349e-04j), (3.306746949318156714e-02-6.785966790971667550e-03j), (1.548661721528999009e-02+3.602232637599250137e-02j), (-6.362575583780672762e-03-5.610270595768743901e-03j), (-1.892403746986810156e-04-1.635404231625791108e-04j)
 (-3.490080823569122193e-02+1.335642473486004476e-02j), (1.260929432691477309e-02-2.860384748038452551e-02j), (3.315463317884534411e-02-2.202051924326901139e-02j), (5.705653486080903419e-02-2.933875892259051738e-02j), (1.668233851416244320e-02-2.381082686587767186e-02j), (1.450051955593008313e-03-1.279438418334345046e-02j), (-7.280915428891056133e-03+1.382988608598264418e-02j), (-2.707314733044139657e-04+2.786396266549412762e-05j)
 (2.762271893065177536e-03-3.265458048810804259e-02j), (7.970386469416600519e-03+6.781328669165104239e-02j), (-4.954006084819202738e-02-6.896173408681656458e-03j), (-2.485347227160557282e-02+3.751866017594970848e-02j), (-3.387072068532293728e-02+1.769766105833381342e-02j), (-6.096031842393991387e-03+9.141290384268155322e-03j), (1.424674870045567962e-02-5.582845678777380999e-03j), (-1.867575866604490216e-04+2.219921236490695108e-04j)
 (1.077315225933470934e-02+1.921338005290004411e-03j), (3.143299982958891459e-02-1.359516585415742815e-02j), (8.217506237008925796e-04-1.064704194104638957e-02j), (3.047516097003679855e-02-4.774853125615465682e-02j), (2.754586979642347291e-02+4.106356081905720296e-03j), (9.518940831228776822e-03-1.958750480891297691e-02j), (-9.947136111930760319e-03+8.653137838835617268e-05j), (1.413644565419531107e-05+2.995985900750372673e-04j)
 (1.890102149229549305e-02-1.077586954615327927e-03j), (-6.511956770437059283e-02-3.461003689295828745e-02j), (3.000600289786605618e-02+3.700429378058613800e-02j), (1.750459900469956281e-02+1.949531955633629701e-02j), (8.610819408638007572e-03-5.446443731062991511e-02j), (-1.393610382610065146e-02+8.991261372708829469e-03j), (8.876111845149281185e-03+2.559423731648476086e-03j), (2.139394430090243884e-04+2.115550255267564794e-04j)
 (-8.275230143176466949e-03+3.264949586574694695e-02j), (2.512323454594835720e-02+1.565009693384348741e-02j), (-2.182040328856653388e-03+9.270255550139824136e-04j), (-6.042764111295821639e-02+4.150552559416478826e-02j), (-5.289092290776570282e-02+4.201784712617447071e-02j), (-6.040437754349346072e-03+7.211845943515949112e-03j), (-6.350101918768111427e-03-1.102362388139879745e-02j), (2.946198535167116050e-04+6.622050345545134591e-06j)
 (-2.679494773888404721e-02-1.914492852185390934e-02j), (2.162238884847597631e-02+1.288448070046323973e-02j), (-2.458086028708680176e-02-6.027550346036394946e-02j), (-8.632154439193625434e-03-4.765358827500647265e-02j), (1.480168785443180743e-02+3.314354306694161645e-02j), (1.874246003096978128e-02-6.841671716742322301e-03j), (-1.921522501088394896e-03+1.414228913423840051e-02j), (2.066099523830394703e-04-1.969180170429474035e-04j)
 (1.824222250707448548e-02-1.679985062116798322e-02j), (1.260601287297978199e-02+4.029805738898382603e-03j), (1.922398304851946627e-02+7.286493971111458745e-02j), (2.941886116321466155e-02-1.347397565592454299e-02j), (4.831559805733481872e-02-1.673501413839567978e-02j), (-8.979772338145565816e-03-1.577349823028029868e-04j), (5.036283849650862593e-03-1.050944164528838827e-02j), (-1.992834234622222877e-06-2.789694156073035686e-04j)
 (1.402989385598825238e-02+1.331292043626962351e-02j), (-3.451253035517265477e-02-2.826634566250387295e-02j), (-9.379834249273133473e-03-2.777679740308834633e-02j), (5.897164326660176564e-02+6.298902911403730931e-02j), (-2.148523796600518287e-02-5.217358923720989694e-02j), (-3.245701727835545447e-05-7.414522940743288604e-03j), (-4.064575110399070920e-03+6.683050103674738340e-03j), (-2.113992315716929464e-04-1.864638414557205246e-04j)
 (-1.071205104893447474e-02+1.326417800021769539e-02j), (3.085848543784130982e-03+2.753031656779658318e-02j), (-2.168674034019392460e-02-4.557402941232461223e-03j), (-8.433798174140295922e-02-3.112611035865341796e-02j), (-1.157432076381068042e-02+2.160485058808429143e-02j), (-6.404606057922916651e-03+2.552628424586917202e-02j), (1.434188785587302978e-03-5.551352512726764540e-03j), (-2.965400892802347657e-04+3.491628135759647106e-05j)
 (-1.085984735373055066e-02-8.737503617731123828e-03j), (9.291401179414932043e-03+4.200641875211387488e-03j), (4.307493072840299503e-02-5.306602235865098827e-03j), (1.257442181364715195e-02-3.447207915128967792e-02j), (-3.242492923611382111e-02+4.228593888437126580e-02j), (1.993946660294944329e-02-1.667444023963762095e-02j), (-3.895760308866997798e-03+6.562234684657580752e-03j), (-1.971939436477601051e-04+2.635652574058350382e-04j)
 (9.721679425988505319e-03-7.509459693571023109e-03j), (-9.379744133122737415e-03-2.112860231119575993e-02j), (-1.704040706567867131e-02+5.418509874130665593e-03j), (2.442382594325043232e-02+2.792224707918164808e-02j), (4.196578712113175486e-02-1.283058081108221643e-02j), (1.048463871705710565e-03-1.060577968823612008e-02j), (4.701082019141589879e-03-4.602386385801149685e-03j), (4.653656564640798465e-05+3.668611516162393216e-04j)
 (-8.056014825792443337e-04+1.352098772579717750e-02j), (8.972500314621996431e-03+2.115913845535791205e-02j), (-1.614650653786694687e-02+1.556593001802549989e-02j), (1.096470228132195857e-03+9.036983313121292952e-03j), (-7.337711309783258307e-03-4.907306958339557185e-02j), (-3.869232947314020510e-02+1.125381218581723505e-02j), (-4.725301719452235094e-03+1.238003258682738444e-02j), (3.126545642388518136e-04+2.730402713212430350e-04j)
 (-9.256670099524681727e-03-1.122143706289229284e-02j), (-1.676691245982524225e-02-3.757727887417902646e-02j), (4.136340203917362318e-02-3.614559576092538778e-02j), (-4.268458451993875635e-03-2.001413446664379592e-03j), (1.487223206802501529e-04+5.529615524646709634e-02j), (2.998942449406766936e-02+2.631875124316535031e-03j), (1.749516776503465265e-02-1.625836738689923067e-02j), (4.597514759823241896e-04+1.154299999011384591e-05j)
 (7.788088597781468725e-03+3.840012450049834491e-03j), (1.161803873151568897e-02+2.170755212759037378e-02j), (-5.153047586509376665e-02+2.236361495810642447e-02j), (1.545709886976160893e-02+1.599610787575325710e-03j), (1.881037451035115493e-02-2.113795778363100619e-02j), (8.122914579720318801e-03-6.941722841733621169e-03j), (-1.943876207163047418e-02+3.117350142657971876e-03j), (4.003902411421325549e-04-2.994553200381616198e-04j)
 (-5.943230516866730706e-03-1.028732559986918205e-02j), (2.878939908359224448e-02-1.035338135052523562e-02j), (2.414149693617472989e-02+3.151284088124235716e-02j), (-4.272291122262215912e-02-8.419727473084701735e-03j), (-4.039382104228735754e-02-9.181292605295959808e-03j), (-7.834786413820973849e-03+3.782832682288768747e-03j), (2.197105716954313170e-03+2.240658918929976789e-04j), (1.469851881849683437e-04-5.115023070168388687e-04j)
 (1.644245523254663638e-02+9.300250974059585951e-03j), (-2.172499679279817769e-02+2.224092317128894408e-02j), (1.547900237392692800e-02-6.414813253455425857e-02j), (2.009122406737871847e-02-1.057481042507823349e-02j), (2.209842626895876933e-02+6.915317539587018114e-03j), (-1.637219385837542646e-02-1.196864385085219529e-04j), (4.504465692280260058e-03+1.130217194570554314e-02j), (-1.931721819422010239e-04-5.196493364985733205e-04j)
 (-1.603832677420237093e-02-1.766152087280203897e-03j), (-1.431291743955407508e-02+1.975495456447717152e-03j), (-2.224972029708364996e-02+3.157479971885915337e-02j), (-3.071665517836913439e-03+2.242161590453784978e-02j), (-1.005641259903544693e-04+2.026600223258272215e-02j), (1.339933914671464707e-02-1.017519275654135691e-02j), (3.813488130268403997e-03-9.542132317166877875e-03j), (-4.702924555757666486e-04-3.137160630741389188e-04j)
 (1.718130609212267443e-02+1.024309417968486367e-03j), (1.485146740210907881e-02-2.763911476720132265e-02j), (1.569886776810305862e-02+8.950179642000583718e-03j), (3.828492336331307255e-02-2.301253757840629466e-02j), (3.989589209200238712e-03-4.319649995173158175e-02j), (-7.710796877819572903e-04+1.862361798514726094e-02j), (-1.553067535338941568e-03-4.379330140841717484e-03j), (-5.643008116152692421e-04+1.815429270000663668e-05j)
 (-1.607977471052684376e-02+8.464540610854182773e-03j), (-9.482263518883066178e-03+2.101095497684139779e-02j), (-2.828281111617578225e-02+1.046012944902821595e-05j), (-3.593254866672038195e-02+2.646825562271710661e-02j), (-3.891053033497200025e-02+3.184644500116531191e-02j), (3.395519982574528306e-04-9.122503306375803755e-03j), (-6.416084178275351796e-03+5.769824757362283785e-03j), (-4.402917396679219535e-04+3.337443203507639501e-04j)
 (1.788545318516271410e-03-6.911106977503600826e-03j), (3.748506969727935512e-03+1.297098662923100443e-02j), (2.884762416845296912e-02+8.947402152186013924e-03j), (-2.309091897260641402e-02+2.267079824167026608e-02j), (4.380559156835425738e-02+3.108253426359483887e-02j), (-9.315931727333158496e-03+6.079390852823704505e-03j), (1.570809842658238593e-03-1.029319942850333292e-04j), (-1.606969296165032361e-04+5.048985260179808445e-04j)
 (-3.994370410676434391e-03-1.042600458400081906e-02j), (-5.864385870052201029e-03-1.906956114551870696e-02j), (-2.272607559575798297e-02-4.646177903018525179e-02j), (3.203266300026912095e-02-9.185253916633635829e-02j), (1.437088641519825363e-02-6.458582153861266995e-02j), (1.633886121751995657e-02-4.728026271891186405e-03j), (1.051074805217018515e-02+1.383070798256188713e-03j), (1.493649819857233423e-04+4.749954384541349526e-04j)
 (2.468437673034736685e-02+8.314793212954453561e-03j), (7.383230723878558832e-03-1.810202598604093716e-02j), (-2.280434432683012269e-04+2.988743747938203688e-02j), (4.439617399234048467e-03+6.340525427048523954e-02j), (-1.195193702173029567e-02+2.305206640106140584e-02j), (7.374320873843216717e-06-1.423987549426759293e-02j), (-1.615148722940363407e-02-1.087132255477313292e-02j), (3.636684121914384674e-04+2.786385241965031508e-04j)
 (-2.249516839644338795e-02+1.459734263193484746e-02j), (-1.859243959905318086e-02+9.813369493044923203e-03j), (4.527918506922294639e-02+3.428425964677739302e-04j), (-2.778163919116991010e-02+2.953923985555577392e-02j), (-2.790354959575268995e-02-9.612236102176902053e-03j), (-1.332113580778256784e-02+1.122900157961924383e-02j), (6.491816631626578377e-03+1.588915908653231943e-02j), (4.116393144495500509e-04+1.701465286068585148e-05j)
 (1.376336142391330203e-03-9.351580309962123638e-03j), (3.238663380162135064e-02+2.614299019604568453e-02j), (-5.134035723722539524e-02+4.038294082360956161e-03j), (1.778457599840847780e-03-6.912017314220721131e-02j), (-2.757990633777424039e-02+3.012799951859430544e-02j), (-3.645599914881570910e-03+2.378820890666575802e-02j), (2.896149280267204182e-03-4.476949785826203621e-03j), (3.034665252644886541e-04-1.953139677308620163e-04j)
 (-1.275177232779614242e-02-5.492723100972889475e-03j), (-6.831796828589427328e-03-4.209974767898840703e-02j), (1.489910956495668626e-02-5.784442957207647229e-04j), (7.241994937025841850e-02+1.225404167502590347e-02j), (4.978041484859407201e-02+1.787107283236194499e-03j), (2.596639820532722909e-02-3.427834782762870236e-02j), (1.963959458121543669e-03-5.030753123953422834e-03j), (1.146695650221100145e-04-2.838177207173638375e-04j)
 (1.910775801278567082e-02-1.006332805253407764e-02j), (-2.262814926852153852e-02+2.852020692011633662e-02j), (2.672571732160650138e-03-4.174091180194142159e-02j), (-8.546689828757106366e-02+4.114041539136934628e-02j), (2.640887413350964663e-02-2.078378847839394694e-02j), (-2.954721340781449324e-02+9.666544556172704250e-03j), (-4.863729390831097316e-03+1.765089375597057864e-03j), (-5.801824893845964823e-05-2.419376827419664894e-04j)
 (-6.639601999066505056e-03+8.524180767899090794e-03j), (4.559629259222675035e-02+7.468236871801606225e-03j), (1.162023256826094642e-02+5.116373631973224201e-02j), (4.468388439954540034e-03+5.204482596736881989e-03j), (-3.102672954112562290e-02-2.781018166350519155e-02j), (1.870444259632664599e-02+1.189517466756442182e-02j), (6.104410134140838412e-04+8.756045467469830701e-04j), (-1.447880754437229616e-04-1.231297725446759425e-04j)
 (1.297467774479376529e-02-5.585466533697847069e-03j), (-5.011135288312888736e-02-2.111635567671504149e-02j), (1.273215742344442625e-02+4.450643341763087235e-03j), (6.229920872808414334e-02-6.143102450539679460e-02j), (-9.044688116041954204e-03+3.931020792091680094e-02j), (2.614029807439070818e-05-1.313302574181660770e-02j), (2.514966392333332912e-03-5.702065455497479229e-04j), (-1.311160211923343962e-04-5.432820198351780085e-06j)
 (-6.095439140110355848e-03+1.145820304290891267e-02j), (2.528457546632503425e-02+3.448046036056298669e-02j), (-5.946204248272667081e-02-2.049507171999412347e-02j), (-3.888571923709559230e-02+3.894796261834056195e-02j), (-1.382453515455947524e-02-3.215716406174767839e-03j), (-7.849038241452124809e-03-1.574821543994978958e-03j), (-4.821254321201083604e-03-6.883196054086812565e-04j), (-5.521161646061063712e-05+5.052004071776528427e-05j)
 (5.633427651920944190e-03+1.034697555182529510e-03j), (-6.687003360859908319e-03-2.910864946909556827e-02j), (4.186893054501206191e-02+5.423858739116556305e-03j), (-2.451113787271821942e-02-4.877530370352226030e-04j), (3.127299591091994846e-02+8.294272462113866373e-03j), (-4.729313558980402510e-03+1.260819622104060109e-02j), (3.618581636036621862e-03+4.686608964881823838e-03j), (1.986891931179555950e-05+2.860860535414374629e-05j)
 (-2.019040037262587878e-02+4.094868661304790214e-03j), (-1.421069365396652323e-02+2.150217265214360296e-04j), (2.063271381001800103e-02-3.664801031902239353e-02j), (1.497994268851447069e-02+1.556986612237039325e-02j), (-1.558279212061003394e-03-2.422157177640694645e-02j), (9.657890010974813644e-03-2.044323399321812049e-02j), (3.382693165155891551e-03-2.448147763751846399e-03j), (4.209854998538185150e-05-4.168952787241041527e-05j)
 (1.511376763347135888e-02-1.924538084269728291e-02j), (4.957720623219252776e-03-4.109508276732939946e-03j), (-4.001264496082709843e-02+7.266957401375694070e-02j), (4.849920260665547406e-02-4.921054271262140234e-02j), (-2.860356812333936238e-02-8.272683639991382232e-03j), (-5.256078713061086705e-03+1.732815520304728865e-02j), (-1.976690838788840165e-04-8.603682717399458932e-03j), (-4.457844293549598561e-06-1.068930503487428019e-04j)
 (-1.088173125083774506e-03+1.993493147299983670e-02j), (8.176274180074296488e-03-5.475021207003560181e-03j), (1.783020966443379929e-02-2.469917745769448225e-02j), (-3.623716120347889036e-02+2.392250429551162627e-02j), (1.719043953989751738e-02+3.655226257730982697e-02j), (5.271804367078969378e-03+6.161145684559291014e-03j), (-1.277590430402842855e-02+6.747921014136800712e-03j), (-9.599838078089512148e-05-1.197454637703603171e-04j)
 (-4.577220949356239355e-03-9.437171865367386531e-03j), (2.272695446776230171e-02+1.978043726863190285e-02j), (-1.505738296149169292e-02-5.826153016078237934e-02j), (-2.449915743138898760e-02+1.744849149552619993e-02j), (6.805482201880736805e-03-1.301568997611041167e-02j), (-1.297086726009614999e-02-1.392538289290104481e-02j), (1.171413316638565683e-02+3.215169107444397489e-03j), (-1.851139013016207813e-04-6.204452083823151602e-05j)
 (-1.521018932843870575e-03+4.714567143804790361e-03j), (-1.750309234262288627e-02-1.107014538409605009e-02j), (1.454859749139958414e-02+6.609185093094742391e-02j), (2.008867652002768733e-02-3.280864217579358699e-03j), (-6.201257586961050894e-04-2.037245996740319476e-02j), (2.407331650839872675e-02+1.192652311650282265e-02j), (-5.025823968226927896e-03-2.568430889667665945e-03j), (-2.256749203367017405e-04+4.958144023612569631e-05j)
 (1.868928082689159942e-03-6.857616066055241544e-03j), (-5.608068162915008648e-03+2.766121697107695385e-02j), (2.993576729704572337e-03-1.781407559538389709e-02j), (2.162690274761503578e-03-1.833994864636764519e-02j), (-9.721742896105183343e-03+1.315473637372518989e-02j), (-2.236459800607900478e-02-1.989903842066167994e-02j), (3.145963396249312760e-03+1.373605297888050997e-03j), (-1.932970784550183500e-04+1.745603861274896106e-04j)
 (-5.130283152750499120e-03+4.977575836157432931e-03j), (4.591697280359467032e-03-3.716984584316608553e-02j), (-1.414817771290428905e-02-2.697854781057933832e-02j), (2.185142079992111880e-02+1.971633048811394229e-02j), (2.674966291033170629e-03+1.695916141821790513e-02j), (1.061014215382224263e-02+2.105631030331492348e-02j), (1.261518451717997744e-03-3.226188072817433999e-03j), (-9.304338799938859615e-05+2.677009073153977826e-04j)
 (6.652969564888949749e-03-1.667273117571213548e-02j), (-1.270279098153299924e-02+2.076838961702580366e-02j), (3.550444284386264360e-02+4.327590290917013305e-02j), (-1.252830810615251401e-02-1.635029566404339052e-02j), (1.294521683221586117e-02-2.297509228330621434e-02j), (-7.345435770775378403e-03-2.059610401004425412e-02j), (-7.318691504835571349e-03+4.507771223195858323e-03j), (4.608494180387037969e-05+2.967314812092137002e-04j)
 (1.229685725887275094e-02+1.898678238084835004e-02j), (-3.808261899605064338e-03+5.692895153951771370e-03j), (-4.217744470225739950e-02-2.014470665762210788e-02j), (-2.299792797909271796e-02-1.051490605870574607e-02j), (-8.056178315256470879e-03+7.051158194123427481e-03j), (-1.466889370717747165e-03+2.542055858699557302e-02j), (1.390041547921738729e-02-6.854829937984083417e-03j), (1.842131666897985943e-04+2.514069168461034037e-04j)
 (-1.626235028051512682e-02-9.252226436399918486e-04j), (2.006395060418614262e-02-2.541998150427938336e-02j), (-2.503070564255935326e-02-1.142812457061338771e-02j), (-1.645721472995881340e-02+3.289532468918102137e-02j), (-6.242171718758279808e-03+9.736728895213278556e-03j), (1.354706117810840216e-02-2.239377001834850361e-02j), (-2.344633183692451661e-02+7.447514669548634114e-03j), (2.840627282999184933e-04+1.433511937115640456e-04j)
 (7.544532651027072157e-03+0.000000000000000000e+00j), (-1.230445879205210868e-02+0.000000000000000000e+00j), (7.919985974985255250e-02+0.000000000000000000e+00j), (6.188150598323771678e-02+0.000000000000000000e+00j), (7.566872318098605277e-03+0.000000000000000000e+00j), (-1.450074495490760729e-02+0.000000000000000000e+00j), (2.950475278991471217e-02+0.000000000000000000e+00j), (3.202960132220036490e-04+0.000000000000000000e+00j)
